iso2,year,cpi_2010_100
AE,2007,86.9531
AE,2008,97.6052
AE,2009,99.1297
AE,2010,100.0
AE,2011,100.8773
AE,2012,101.5454
AE,2013,102.6636
AE,2014,105.0723
AE,2015,109.3487
AE,2016,111.1174
AE,2017,113.3029
AE,2018,116.7798
AE,2019,114.5247
AE,2020,112.1432
AE,2021,112.345
AE,2022,118.2894
AE,2023,120.2137
AE,2024,122.2133
AF,2004,63.5234
AF,2005,71.5821
AF,2006,76.4387
AF,2007,83.074
AF,2008,105.0211
AF,2009,97.8679
AF,2010,100.0
AF,2011,111.8042
AF,2012,119.0057
AF,2013,127.7952
AF,2014,133.7684
AF,2015,132.8832
AF,2016,138.7087
AF,2017,145.6107
AF,2018,146.5225
AF,2019,149.896
AF,2020,158.293
AF,2021,166.4185
AF,2022,189.238
AF,2023,180.4484
AF,2024,168.5367
AG,1998,79.5694
AG,1999,80.4616
AG,2000,81.0826
AG,2001,82.22
AG,2002,84.1996
AG,2003,85.8781
AG,2004,87.6215
AG,2005,89.4605
AG,2006,91.0598
AG,2007,92.3493
AG,2008,97.275
AG,2009,96.7398
AG,2010,100.0
AG,2011,103.4567
AG,2012,106.9504
AG,2013,108.0835
AG,2014,109.261
AG,2015,110.3197
AG,2016,109.7798
AG,2017,112.4502
AG,2018,113.8076
AG,2019,115.4366
AG,2020,116.1592
AG,2021,118.5556
AG,2022,127.4841
AG,2023,133.9439
AG,2024,142.2469
AL,1991,5.1145
AL,1992,16.6735
AL,1993,30.8469
AL,1994,37.8075
AL,1995,40.7539
AL,1996,45.94
AL,1997,61.183
AL,1998,73.813
AL,1999,74.1004
AL,2000,74.1375
AL,2001,76.4414
AL,2002,82.3813
AL,2003,82.78
AL,2004,84.6674
AL,2005,86.6711
AL,2006,88.7258
AL,2007,91.3279
AL,2008,94.3608
AL,2009,96.4999
AL,2010,100.0
AL,2011,103.4281
AL,2012,105.5293
AL,2013,107.5741
AL,2014,109.3231
AL,2015,111.396
AL,2016,112.8168
AL,2017,115.0581
AL,2018,117.3915
AL,2019,119.048
AL,2020,120.9777
AL,2021,123.4474
AL,2022,131.7495
AL,2023,138.0186
AL,2024,141.0769
AM,1993,0.462
AM,1994,16.0498
AM,1995,44.2897
AM,1996,52.5635
AM,1997,59.9018
AM,1998,65.0968
AM,1999,65.5188
AM,2000,65.0006
AM,2001,67.0454
AM,2002,67.7562
AM,2003,70.9553
AM,2004,75.8947
AM,2005,76.3796
AM,2006,78.5888
AM,2007,82.0525
AM,2008,89.3961
AM,2009,92.4416
AM,2010,100.0
AM,2011,107.65
AM,2012,110.4037
AM,2013,116.7957
AM,2014,120.2778
AM,2015,124.7662
AM,2016,123.0149
AM,2017,124.2076
AM,2018,127.338
AM,2019,129.176
AM,2020,130.7409
AM,2021,140.1344
AM,2022,152.2433
AM,2023,155.2584
AM,2024,155.6768
AO,1990,0.0
AO,1991,0.0
AO,1992,0.0
AO,1993,0.0
AO,1994,0.0
AO,1995,0.0007
AO,1996,0.0297
AO,1997,0.0948
AO,1998,0.1966
AO,1999,0.6845
AO,2000,2.9091
AO,2001,7.3472
AO,2002,15.3481
AO,2003,30.4237
AO,2004,43.6708
AO,2005,53.6948
AO,2006,60.839
AO,2007,68.2927
AO,2008,76.8128
AO,2009,87.3594
AO,2010,100.0
AO,2011,113.4825
AO,2012,125.1461
AO,2013,136.1312
AO,2014,146.0421
AO,2015,159.7057
AO,2016,208.7264
AO,2017,271.0198
AO,2018,324.2181
AO,2019,379.5976
AO,2020,464.1398
AO,2021,583.6758
AO,2022,708.3214
AO,2023,804.9655
AO,2024,1032.2918
AT,1960,17.8242
AT,1961,18.4555
AT,1962,19.2642
AT,1963,19.786
AT,1964,20.5515
AT,1965,21.5649
AT,1966,22.008
AT,1967,22.8827
AT,1968,23.5154
AT,1969,24.2398
AT,1970,25.2997
AT,1971,26.4899
AT,1972,28.1734
AT,1973,30.2951
AT,1974,33.1798
AT,1975,35.9819
AT,1976,38.6153
AT,1977,40.737
AT,1978,42.1931
AT,1979,43.7574
AT,1980,46.5265
AT,1981,49.6917
AT,1982,52.393
AT,1983,54.1425
AT,1984,57.2086
AT,1985,59.0333
AT,1986,60.0401
AT,1987,60.8818
AT,1988,62.0482
AT,1989,63.6418
AT,1990,65.7177
AT,1991,67.911
AT,1992,70.6416
AT,1993,73.2071
AT,1994,75.3692
AT,1995,77.06
AT,1996,78.4941
AT,1997,79.5192
AT,1998,80.2528
AT,1999,80.7094
AT,2000,82.6019
AT,2001,84.7909
AT,2002,86.3259
AT,2003,87.4961
AT,2004,89.2995
AT,2005,91.3527
AT,2006,92.6696
AT,2007,94.6791
AT,2008,97.724
AT,2009,98.2188
AT,2010,100.0
AT,2011,103.2866
AT,2012,105.8539
AT,2013,107.9712
AT,2014,109.705
AT,2015,110.6886
AT,2016,111.6755
AT,2017,113.9997
AT,2018,116.2779
AT,2019,118.058
AT,2020,119.6894
AT,2021,123.0008
AT,2022,133.5136
AT,2023,143.9465
AT,2024,148.1755
AU,1960,7.9605
AU,1961,8.1426
AU,1962,8.1165
AU,1963,8.1686
AU,1964,8.4027
AU,1965,8.6889
AU,1966,8.975
AU,1967,9.2872
AU,1968,9.5213
AU,1969,9.8335
AU,1970,10.1717
AU,1971,10.796
AU,1972,11.4464
AU,1973,12.487
AU,1974,14.4121
AU,1975,16.5973
AU,1976,18.8085
AU,1977,21.1238
AU,1978,22.8148
AU,1979,24.8959
AU,1980,27.4194
AU,1981,30.0208
AU,1982,33.4287
AU,1983,36.7846
AU,1984,38.2414
AU,1985,40.8169
AU,1986,44.5109
AU,1987,48.309
AU,1988,51.795
AU,1989,55.6972
AU,1990,59.7815
AU,1991,61.6805
AU,1992,62.3049
AU,1993,63.3975
AU,1994,64.6462
AU,1995,67.6379
AU,1996,69.4069
AU,1997,69.563
AU,1998,70.1613
AU,1999,71.2019
AU,2000,74.3757
AU,2001,77.6535
AU,2002,79.9688
AU,2003,82.154
AU,2004,84.0791
AU,2005,86.3424
AU,2006,89.4121
AU,2007,91.4932
AU,2008,95.4735
AU,2009,97.1644
AU,2010,100.0
AU,2011,103.3038
AU,2012,105.1249
AU,2013,107.7003
AU,2014,110.3798
AU,2015,112.0447
AU,2016,113.4756
AU,2017,115.6868
AU,2018,117.898
AU,2019,119.7971
AU,2020,120.8117
AU,2021,124.2716
AU,2022,132.4662
AU,2023,139.8803
AU,2024,144.3097
AW,1980,31.9825
AW,1984,39.8575
AW,1985,41.4647
AW,1986,41.91
AW,1987,43.4368
AW,1988,44.7929
AW,1989,46.5808
AW,1990,49.2996
AW,1991,52.0385
AW,1992,54.0541
AW,1993,56.8733
AW,1994,60.4627
AW,1995,62.495
AW,1996,64.5107
AW,1997,66.446
AW,1998,67.6882
AW,1999,69.2317
AW,2000,72.0315
AW,2001,74.1086
AW,2002,76.5654
AW,2003,79.365
AW,2004,81.3722
AW,2005,84.137
AW,2006,87.1727
AW,2007,91.8736
AW,2008,100.1018
AW,2009,97.9642
AW,2010,100.0
AW,2011,104.3163
AW,2012,104.9709
AW,2013,102.4809
AW,2014,102.9128
AW,2015,103.4014
AW,2016,102.4385
AW,2017,101.3851
AW,2018,105.0614
AW,2019,109.5344
AZ,1991,0.043
AZ,1992,0.0384
AZ,1993,0.4721
AZ,1994,8.3203
AZ,1995,42.5798
AZ,1996,51.0083
AZ,1997,52.8826
AZ,1998,52.4739
AZ,1999,48.0004
AZ,2000,48.8669
AZ,2001,49.6229
AZ,2002,50.9981
AZ,2003,52.1373
AZ,2004,55.6351
AZ,2005,61.0203
AZ,2006,66.1027
AZ,2007,77.1417
AZ,2008,93.225
AZ,2009,94.5833
AZ,2010,100.0
AZ,2011,107.8583
AZ,2012,109.0083
AZ,2013,111.6417
AZ,2014,113.175
AZ,2015,117.7333
AZ,2016,132.3833
AZ,2017,149.5083
AZ,2018,152.9
AZ,2019,156.8916
AZ,2020,161.2215
AZ,2021,171.9432
AZ,2022,195.7612
AZ,2023,212.9597
AZ,2024,217.6707
BA,2005,85.0497
BA,2006,90.2595
BA,2007,91.6141
BA,2008,98.4183
BA,2009,98.0429
BA,2010,100.0
BA,2011,103.6713
BA,2012,105.7993
BA,2013,105.7008
BA,2014,104.7525
BA,2015,103.6672
BA,2016,102.025
BA,2017,102.8516
BA,2018,104.3091
BA,2019,104.8961
BA,2020,103.7934
BA,2021,105.8502
BA,2022,120.6913
BA,2023,128.0606
BA,2024,130.2275
BB,1966,6.1384
BB,1967,6.3615
BB,1968,6.8379
BB,1969,7.2369
BB,1970,7.764
BB,1971,8.344
BB,1972,9.3349
BB,1973,10.9083
BB,1974,15.1542
BB,1975,18.2297
BB,1976,19.1387
BB,1977,20.7373
BB,1978,22.7036
BB,1979,25.6937
BB,1980,29.4014
BB,1981,33.6845
BB,1982,37.1649
BB,1983,39.1088
BB,1984,40.9413
BB,1985,42.5442
BB,1986,43.1101
BB,1987,44.5378
BB,1988,46.7018
BB,1989,49.5927
BB,1990,51.1175
BB,1991,54.3161
BB,1992,57.6261
BB,1993,58.2677
BB,1994,58.3127
BB,1995,59.4083
BB,1996,60.8259
BB,1997,65.5159
BB,1998,64.6846
BB,1999,65.6937
BB,2000,67.2939
BB,2001,69.0286
BB,2002,69.1151
BB,2003,70.2343
BB,2004,71.2137
BB,2005,75.5451
BB,2006,81.0656
BB,2007,84.336
BB,2008,91.1741
BB,2009,94.4963
BB,2010,100.0
BB,2011,109.4322
BB,2012,114.3931
BB,2013,116.4684
BB,2014,118.5293
BB,2015,117.2103
BB,2016,118.7128
BB,2017,124.2451
BB,2018,128.1041
BB,2019,130.252
BB,2022,138.8088
BB,2023,143.2329
BB,2024,145.3047
BD,1986,24.28
BD,1987,26.6776
BD,1988,28.6551
BD,1989,30.3875
BD,1990,32.2492
BD,1991,34.2994
BD,1992,35.5459
BD,1993,36.6175
BD,1994,38.5633
BD,1995,42.5345
BD,1996,43.5456
BD,1997,45.8559
BD,1998,49.7088
BD,1999,52.7444
BD,2000,53.9091
BD,2001,54.9912
BD,2002,56.8238
BD,2003,60.045
BD,2004,64.6009
BD,2005,69.1531
BD,2006,73.8315
BD,2007,80.5553
BD,2008,87.7263
BD,2009,92.4841
BD,2010,100.0
BD,2011,111.3952
BD,2012,118.3212
BD,2013,127.2312
BD,2014,136.1268
BD,2015,144.5589
BD,2016,152.5291
BD,2017,161.2265
BD,2018,170.1642
BD,2019,179.6798
BD,2020,189.9055
BD,2021,200.437
BD,2022,215.8646
BD,2023,237.1996
BD,2024,262.0243
BE,1960,15.5961
BE,1961,15.7509
BE,1962,15.9721
BE,1963,16.3152
BE,1964,16.9954
BE,1965,17.6863
BE,1966,18.4245
BE,1967,18.9276
BE,1968,19.4389
BE,1969,20.1686
BE,1970,20.9569
BE,1971,21.8672
BE,1972,23.0586
BE,1973,24.6624
BE,1974,27.7891
BE,1975,31.3373
BE,1976,34.1791
BE,1977,36.6045
BE,1978,38.2409
BE,1979,39.9499
BE,1980,42.6061
BE,1981,45.8559
BE,1982,49.8575
BE,1983,53.6774
BE,1984,57.0815
BE,1985,59.8606
BE,1986,60.6354
BE,1987,61.5773
BE,1988,62.2922
BE,1989,64.2277
BE,1990,66.4424
BE,1991,68.5788
BE,1992,70.2438
BE,1993,72.1787
BE,1994,73.8947
BE,1995,74.9795
BE,1996,76.5368
BE,1997,77.783
BE,1998,78.5213
BE,1999,79.4014
BE,2000,81.4218
BE,2001,83.4323
BE,2002,84.805
BE,2003,86.1525
BE,2004,87.9593
BE,2005,90.4059
BE,2006,92.0252
BE,2007,93.7029
BE,2008,97.9096
BE,2009,97.8576
BE,2010,100.0
BE,2011,103.5321
BE,2012,106.472
BE,2013,107.6572
BE,2014,108.0232
BE,2015,108.6297
BE,2016,110.7739
BE,2017,113.1289
BE,2018,115.4516
BE,2019,117.1105
BE,2020,117.978
BE,2021,120.857
BE,2022,132.4562
BE,2023,137.8194
BE,2024,142.1517
BF,1960,10.7133
BF,1961,12.7019
BF,1962,12.9148
BF,1963,13.6347
BF,1964,13.8863
BF,1965,13.7849
BF,1966,14.1107
BF,1967,13.4992
BF,1968,13.4605
BF,1969,14.7602
BF,1970,15.0218
BF,1971,15.3315
BF,1972,14.8833
BF,1973,16.015
BF,1974,17.4114
BF,1975,20.6773
BF,1976,18.9402
BF,1977,24.6197
BF,1978,26.6555
BF,1979,30.6521
BF,1980,34.3925
BF,1981,36.9911
BF,1982,41.4521
BF,1983,44.832
BF,1984,47.005
BF,1985,50.2512
BF,1986,48.9388
BF,1987,47.6263
BF,1988,49.6531
BF,1989,49.4139
BF,1990,49.1647
BF,1991,50.2279
BF,1992,49.2278
BF,1993,49.5003
BF,1994,61.9634
BF,1995,66.5852
BF,1996,70.6454
BF,1997,72.2835
BF,1998,75.9586
BF,1999,75.1438
BF,2000,74.9152
BF,2001,78.6666
BF,2002,80.3781
BF,2003,82.0135
BF,2004,81.6852
BF,2005,86.9254
BF,2006,88.9534
BF,2007,88.7483
BF,2008,98.2087
BF,2009,100.7701
BF,2010,100.0
BF,2011,102.7598
BF,2012,106.6833
BF,2013,107.2527
BF,2014,106.9759
BF,2015,107.7513
BF,2016,108.2265
BF,2017,109.8315
BF,2018,111.9798
BF,2019,108.359
BF,2020,110.4013
BF,2021,114.4345
BF,2022,130.7875
BF,2023,131.7591
BF,2024,137.2809
BG,1985,0.0248
BG,1986,0.0255
BG,1987,0.0262
BG,1988,0.0268
BG,1989,0.0285
BG,1990,0.0353
BG,1991,0.1549
BG,1992,0.2963
BG,1993,0.5122
BG,1994,1.0043
BG,1995,1.6275
BG,1996,3.6066
BG,1997,41.7784
BG,1998,49.5794
BG,1999,50.8551
BG,2000,56.1014
BG,2001,60.231
BG,2002,63.7305
BG,2003,65.2273
BG,2004,69.2369
BG,2005,72.7256
BG,2006,78.0067
BG,2007,84.5612
BG,2008,95.0034
BG,2009,97.6191
BG,2010,100.0
BG,2011,104.2199
BG,2012,107.2992
BG,2013,108.2542
BG,2014,106.719
BG,2015,106.6073
BG,2016,105.7559
BG,2017,107.9361
BG,2018,110.9741
BG,2019,114.4184
BG,2020,116.332
BG,2021,120.1683
BG,2022,138.5844
BG,2023,151.6707
BG,2024,155.3814
BH,1965,17.9657
BH,1966,18.3491
BH,1967,19.1305
BH,1968,19.7536
BH,1969,19.7152
BH,1970,20.0364
BH,1971,21.1964
BH,1972,22.2749
BH,1973,25.4673
BH,1974,31.6796
BH,1975,36.7989
BH,1976,45.0771
BH,1977,53.0698
BH,1978,61.4471
BH,1979,62.8027
BH,1980,65.2328
BH,1981,72.6332
BH,1982,79.0872
BH,1983,81.438
BH,1984,81.7005
BH,1985,79.5469
BH,1986,77.7205
BH,1987,76.3643
BH,1988,76.596
BH,1989,77.7341
BH,1990,78.4565
BH,1991,79.0563
BH,1992,78.9199
BH,1993,80.9236
BH,1994,81.5847
BH,1995,83.7908
BH,1996,83.4118
BH,1997,85.44
BH,1998,85.1269
BH,1999,84.0308
BH,2000,83.4385
BH,2001,82.4309
BH,2002,82.0224
BH,2003,83.3296
BH,2004,85.2903
BH,2005,87.4961
BH,2006,89.2525
BH,2007,92.1592
BH,2008,95.4087
BH,2009,98.0759
BH,2010,100.0
BH,2011,99.6
BH,2012,102.3463
BH,2013,105.7238
BH,2014,108.5229
BH,2015,110.529
BH,2016,113.6093
BH,2017,115.1847
BH,2018,117.5894
BH,2019,118.7721
BH,2020,116.0193
BH,2021,115.3159
BH,2022,119.4969
BH,2023,119.5861
BH,2024,120.6859
BI,1965,1.4685
BI,1966,1.5336
BI,1967,1.5169
BI,1968,1.6088
BI,1969,1.6735
BI,1970,1.6702
BI,1971,1.7345
BI,1972,1.8009
BI,1973,1.9091
BI,1974,2.2092
BI,1975,2.5563
BI,1976,2.7316
BI,1977,2.9182
BI,1978,3.6156
BI,1979,4.9367
BI,1980,5.0601
BI,1981,5.6758
BI,1982,6.0088
BI,1983,6.4986
BI,1984,7.429
BI,1985,7.7116
BI,1986,7.8409
BI,1987,8.3986
BI,1988,8.7754
BI,1989,9.7988
BI,1990,10.4849
BI,1991,11.4282
BI,1992,11.6366
BI,1993,12.763
BI,1994,14.6586
BI,1995,17.4823
BI,1996,22.1041
BI,1997,28.981
BI,1998,32.6038
BI,1999,33.7076
BI,2000,41.943
BI,2001,45.8421
BI,2002,45.2161
BI,2003,50.0304
BI,2004,54.1211
BI,2005,61.2933
BI,2006,62.9761
BI,2007,68.2736
BI,2008,84.9372
BI,2009,93.9027
BI,2010,100.0
BI,2011,109.5922
BI,2012,129.4952
BI,2013,139.7745
BI,2014,145.9321
BI,2015,154.0236
BI,2016,162.5837
BI,2017,188.6825
BI,2018,183.3717
BI,2019,182.1123
BI,2020,195.445
BI,2021,211.8712
BI,2022,251.7049
BI,2023,319.5179
BI,2024,384.1004
BJ,1992,38.9035
BJ,1993,39.0749
BJ,1994,54.1308
BJ,1995,61.9595
BJ,1996,65.0044
BJ,1997,67.2576
BJ,1998,71.1271
BJ,1999,71.3595
BJ,2000,74.3319
BJ,2001,77.2936
BJ,2002,79.2175
BJ,2003,80.3957
BJ,2004,81.0982
BJ,2005,85.4488
BJ,2006,88.6806
BJ,2007,89.8317
BJ,2008,96.9709
BJ,2009,97.8399
BJ,2010,100.0
BJ,2011,102.7042
BJ,2012,109.6313
BJ,2013,110.1015
BJ,2014,109.4973
BJ,2015,109.7369
BJ,2016,108.8663
BJ,2017,108.9134
BJ,2018,109.9145
BJ,2019,110.72
BJ,2020,114.0668
BJ,2021,116.0442
BJ,2022,117.6117
BJ,2023,120.8327
BJ,2024,122.2355
BN,1977,49.3979
BN,1980,58.3883
BN,1981,63.7233
BN,1982,67.7739
BN,1983,68.5643
BN,1984,70.672
BN,1985,72.335
BN,1986,73.6235
BN,1987,74.5415
BN,1988,75.4306
BN,1989,76.4145
BN,1990,78.0487
BN,1991,79.2975
BN,1992,80.3121
BN,1993,83.7268
BN,1994,85.7885
BN,1995,90.9072
BN,1996,92.7219
BN,1997,94.3089
BN,1998,93.8926
BN,1999,93.5024
BN,2000,94.9593
BN,2001,95.5251
BN,2002,93.3137
BN,2003,93.5937
BN,2004,94.3557
BN,2005,95.5299
BN,2006,95.6827
BN,2007,96.6087
BN,2008,98.6229
BN,2009,99.6444
BN,2010,100.0
BN,2011,100.1379
BN,2012,100.2498
BN,2013,100.64
BN,2014,100.4316
BN,2015,99.9411
BN,2016,99.6626
BN,2017,98.4063
BN,2018,99.4151
BN,2019,99.0268
BN,2020,100.9483
BN,2021,102.6981
BN,2022,106.4797
BN,2023,106.8599
BN,2024,106.4446
BO,1960,0.0
BO,1961,0.0
BO,1962,0.0
BO,1963,0.0
BO,1964,0.0
BO,1965,0.0
BO,1966,0.0
BO,1967,0.0
BO,1968,0.0
BO,1969,0.0
BO,1970,0.0
BO,1971,0.0
BO,1972,0.0
BO,1973,0.0001
BO,1974,0.0001
BO,1975,0.0001
BO,1976,0.0001
BO,1977,0.0001
BO,1978,0.0001
BO,1979,0.0001
BO,1980,0.0002
BO,1981,0.0003
BO,1982,0.0006
BO,1983,0.0024
BO,1984,0.0329
BO,1985,3.9031
BO,1986,14.6888
BO,1987,16.8302
BO,1988,19.5234
BO,1989,22.4858
BO,1990,26.335
BO,1991,31.9831
BO,1992,35.8404
BO,1993,38.8968
BO,1994,41.9596
BO,1995,46.2366
BO,1996,51.9817
BO,1997,54.4293
BO,1998,58.6058
BO,1999,59.8714
BO,2000,62.6304
BO,2001,63.626
BO,2002,64.2166
BO,2003,66.3597
BO,2004,69.3043
BO,2005,73.042
BO,2006,76.17
BO,2007,82.8011
BO,2008,94.3988
BO,2009,97.5579
BO,2010,100.0
BO,2011,109.8845
BO,2012,114.8464
BO,2013,121.4345
BO,2014,128.4371
BO,2015,133.6511
BO,2016,138.4936
BO,2017,142.403
BO,2018,145.6384
BO,2019,148.3175
BO,2020,149.7128
BO,2021,150.8168
BO,2022,153.4505
BO,2023,157.4048
BO,2024,165.432
BR,1980,0.0
BR,1981,0.0
BR,1982,0.0
BR,1983,0.0
BR,1984,0.0
BR,1985,0.0
BR,1986,0.0
BR,1987,0.0
BR,1988,0.0
BR,1989,0.0
BR,1990,0.0009
BR,1991,0.0048
BR,1992,0.05
BR,1993,1.0144
BR,1994,22.0715
BR,1995,36.6403
BR,1996,42.414
BR,1997,45.3519
BR,1998,46.8009
BR,1999,49.0747
BR,2000,52.5316
BR,2001,56.1249
BR,2002,60.8676
BR,2003,69.8242
BR,2004,74.4306
BR,2005,79.5437
BR,2006,82.8714
BR,2007,85.889
BR,2008,90.7663
BR,2009,95.203
BR,2010,100.0
BR,2011,106.6364
BR,2012,112.3985
BR,2013,119.3721
BR,2014,126.9272
BR,2015,138.3886
BR,2016,150.4826
BR,2017,155.6688
BR,2018,161.3738
BR,2019,167.3979
BR,2020,172.7743
BR,2021,187.1174
BR,2022,204.4821
BR,2023,213.8751
BR,2024,223.2161
BS,1966,13.9623
BS,1967,14.7216
BS,1968,15.3901
BS,1969,16.7653
BS,1970,17.7967
BS,1971,18.618
BS,1972,19.8898
BS,1973,20.9801
BS,1974,23.7226
BS,1975,26.1802
BS,1976,27.2944
BS,1977,28.165
BS,1978,29.8856
BS,1979,32.6027
BS,1980,36.5469
BS,1981,40.6089
BS,1982,43.0505
BS,1983,44.7726
BS,1984,46.5484
BS,1985,48.692
BS,1986,51.3378
BS,1987,54.293
BS,1988,56.6832
BS,1989,59.7371
BS,1990,62.5264
BS,1991,66.975
BS,1992,70.8181
BS,1993,72.7464
BS,1994,73.7644
BS,1995,75.2891
BS,1996,76.3275
BS,1997,76.7428
BS,1998,77.7685
BS,1999,78.744
BS,2000,80.0088
BS,2001,81.645
BS,2002,83.4196
BS,2003,85.9431
BS,2004,86.787
BS,2005,88.1683
BS,2006,90.2754
BS,2007,92.5256
BS,2008,96.6796
BS,2009,98.6738
BS,2010,100.0
BS,2011,103.1988
BS,2012,105.2353
BS,2013,105.9955
BS,2014,107.6
BS,2015,109.603
BS,2016,109.2233
BS,2017,110.8816
BS,2018,113.394
BS,2019,116.2189
BS,2020,116.2637
BS,2021,119.641
BS,2022,126.3474
BS,2023,130.2047
BS,2024,130.7374
BT,1980,10.86
BT,1981,11.943
BT,1982,13.119
BT,1983,15.488
BT,1984,16.578
BT,1985,16.89
BT,1986,18.573
BT,1987,19.749
BT,1988,21.743
BT,1989,23.652
BT,1990,26.02
BT,1991,29.214
BT,1992,33.881
BT,1993,37.675
BT,1994,40.316
BT,1995,44.141
BT,1996,48.021
BT,1997,51.145
BT,1998,56.559
BT,1999,60.392
BT,2000,62.815
BT,2001,64.96
BT,2002,66.555
BT,2003,68.267
BT,2004,71.07
BT,2005,74.8457
BT,2006,78.5883
BT,2007,82.6404
BT,2008,89.522
BT,2009,93.4262
BT,2010,100.0
BT,2011,108.849
BT,2012,120.7349
BT,2013,131.3311
BT,2014,142.1936
BT,2015,148.6607
BT,2016,153.4474
BT,2017,161.0509
BT,2018,165.4378
BT,2019,169.9484
BT,2020,179.5154
BT,2021,192.7041
BT,2022,203.571
BT,2023,212.1807
BT,2024,218.0397
BW,1974,3.0386
BW,1975,3.4024
BW,1976,3.8016
BW,1977,4.3023
BW,1978,4.6913
BW,1979,5.2419
BW,1980,5.9565
BW,1981,6.9351
BW,1982,7.7075
BW,1983,8.515
BW,1984,9.2453
BW,1985,9.9937
BW,1986,10.9933
BW,1987,12.0708
BW,1988,13.0789
BW,1989,14.5928
BW,1990,16.2559
BW,1991,18.1684
BW,1992,21.1058
BW,1993,24.1304
BW,1994,26.6744
BW,1995,29.4786
BW,1996,32.4509
BW,1997,35.2806
BW,1998,37.6308
BW,1999,40.5469
BW,2000,44.0345
BW,2001,46.9227
BW,2002,50.692
BW,2003,55.3505
BW,2004,59.195
BW,2005,64.2918
BW,2006,71.7209
BW,2007,76.7994
BW,2008,86.5546
BW,2009,93.5026
BW,2010,100.0
BW,2011,108.4599
BW,2012,116.6344
BW,2013,123.4979
BW,2014,128.9346
BW,2015,132.8826
BW,2016,136.6232
BW,2017,141.143
BW,2018,145.7133
BW,2019,149.7537
BW,2020,152.5846
BW,2021,163.6332
BW,2022,182.7219
BW,2023,191.9816
BW,2024,197.3923
BY,1992,0.0001
BY,1993,0.0019
BY,1994,0.0433
BY,1995,0.3507
BY,1996,0.5356
BY,1997,0.878
BY,1998,1.5178
BY,1999,5.9752
BY,2000,16.0506
BY,2001,25.8631
BY,2002,36.8647
BY,2003,47.3334
BY,2004,55.9047
BY,2005,61.6846
BY,2006,66.0008
BY,2007,71.5625
BY,2008,82.1809
BY,2009,92.8197
BY,2010,100.0
BY,2011,153.2287
BY,2012,243.9703
BY,2013,288.6468
BY,2014,340.9483
BY,2015,387.0939
BY,2016,432.9126
BY,2017,459.0252
BY,2018,481.3903
BY,2019,508.3393
BY,2020,536.5427
BY,2021,587.3011
BY,2022,676.6277
BY,2023,710.4632
BY,2024,751.5658
BZ,1980,43.5057
BZ,1981,48.389
BZ,1982,51.6983
BZ,1983,54.2812
BZ,1984,56.1175
BZ,1985,59.6176
BZ,1986,60.0944
BZ,1987,61.3035
BZ,1988,63.2277
BZ,1989,64.573
BZ,1990,66.5483
BZ,1991,67.0554
BZ,1992,68.6625
BZ,1993,69.6736
BZ,1994,71.4638
BZ,1995,73.5288
BZ,1996,77.9148
BZ,1997,78.8101
BZ,1998,80.5402
BZ,1999,82.6515
BZ,2000,85.1867
BZ,2001,88.2973
BZ,2002,92.0413
BZ,2003,94.1749
BZ,2004,100.1969
BZ,2005,99.0904
BZ,2006,92.0413
BZ,2007,94.1749
BZ,2008,100.1969
BZ,2009,99.0904
BZ,2010,100.0
BZ,2011,101.6021
BZ,2012,102.9235
BZ,2013,103.4481
BZ,2014,104.6909
BZ,2015,103.7889
BZ,2016,104.4775
BZ,2017,105.6766
BZ,2018,105.9619
BZ,2019,106.1601
BZ,2020,106.289
BZ,2021,109.7281
BZ,2022,116.6156
BZ,2023,121.7349
BZ,2024,125.7394
CA,1960,13.3443
CA,1961,13.4803
CA,1962,13.6234
CA,1963,13.8452
CA,1964,14.1099
CA,1965,14.439
CA,1966,14.99
CA,1967,15.5266
CA,1968,16.1563
CA,1969,16.8932
CA,1970,17.4585
CA,1971,17.9307
CA,1972,18.8251
CA,1973,20.2347
CA,1974,22.4599
CA,1975,24.8569
CA,1976,26.7315
CA,1977,28.8638
CA,1978,31.4539
CA,1979,34.3303
CA,1980,37.8077
CA,1981,42.5229
CA,1982,47.1022
CA,1983,49.8641
CA,1984,52.0106
CA,1985,54.0713
CA,1986,56.3394
CA,1987,58.7936
CA,1988,61.162
CA,1989,64.2101
CA,1990,67.2796
CA,1991,71.0647
CA,1992,72.1236
CA,1993,73.4688
CA,1994,73.5904
CA,1995,75.1717
CA,1996,76.3523
CA,1997,77.5902
CA,1998,78.3629
CA,1999,79.7224
CA,2000,81.8904
CA,2001,83.9582
CA,2002,85.8543
CA,2003,88.2227
CA,2004,89.8612
CA,2005,91.8503
CA,2006,93.6892
CA,2007,95.6926
CA,2008,97.9608
CA,2009,98.2541
CA,2010,100.0
CA,2011,102.9121
CA,2012,104.472
CA,2013,105.4522
CA,2014,107.4628
CA,2015,108.672
CA,2016,110.2247
CA,2017,111.9848
CA,2018,114.5249
CA,2019,116.7573
CA,2020,117.5944
CA,2021,121.587
CA,2022,129.8583
CA,2023,134.8955
CA,2024,138.1082
CD,1963,0.0
CD,1964,0.0
CD,1965,0.0
CD,1966,0.0
CD,1967,0.0
CD,1968,0.0
CD,1969,0.0
CD,1970,0.0
CD,1971,0.0
CD,1972,0.0
CD,1973,0.0
CD,1974,0.0
CD,1975,0.0
CD,1976,0.0
CD,1977,0.0
CD,1978,0.0
CD,1979,0.0
CD,1980,0.0
CD,1981,0.0
CD,1982,0.0
CD,1983,0.0
CD,1984,0.0
CD,1985,0.0
CD,1986,0.0
CD,1987,0.0
CD,1988,0.0
CD,1989,0.0
CD,1990,0.0
CD,1991,0.0
CD,1992,0.0
CD,1993,0.0
CD,1994,0.002
CD,1995,0.0126
CD,1996,0.0746
CD,1997,0.2228
CD,1998,0.2877
CD,1999,1.1075
CD,2000,6.7987
CD,2001,31.2699
CD,2002,41.127
CD,2003,46.4216
CD,2004,48.2759
CD,2005,58.5668
CD,2006,66.2113
CD,2007,77.4309
CD,2008,90.8275
CD,2009,93.3707
CD,2010,100.0
CD,2011,115.3165
CD,2012,126.5274
CD,2013,127.55
CD,2014,129.1355
CD,2015,130.0965
CD,2016,133.8509
CF,1980,36.775
CF,1981,36.7628
CF,1982,41.6508
CF,1983,47.7371
CF,1984,48.9507
CF,1985,54.0532
CF,1986,55.2668
CF,1987,51.4054
CF,1988,49.3674
CF,1989,49.7076
CF,1990,49.7015
CF,1991,48.3285
CF,1992,47.829
CF,1993,46.4346
CF,1994,57.8441
CF,1995,68.944
CF,1996,71.5121
CF,1997,72.6644
CF,1998,71.2946
CF,1999,70.2863
CF,2000,72.5379
CF,2001,75.3196
CF,2002,77.0759
CF,2003,80.2628
CF,2004,78.6042
CF,2005,80.8708
CF,2006,86.2853
CF,2007,87.1136
CF,2008,95.1794
CF,2009,98.5309
CF,2010,100.0
CF,2011,101.1945
CF,2012,106.7382
CF,2013,114.1979
CF,2014,131.2119
CF,2015,133.0528
CF,2016,139.6328
CF,2017,145.4705
CF,2018,147.8157
CF,2019,151.7851
CF,2020,154.3808
CF,2021,160.9565
CF,2022,169.943
CF,2023,175.0058
CF,2024,177.5912
CG,1985,35.4484
CG,1986,36.9224
CG,1987,37.0862
CG,1988,37.4683
CG,1989,36.795
CG,1990,37.858
CG,1991,37.2227
CG,1992,35.7578
CG,1993,37.5184
CG,1994,53.441
CG,1995,58.4741
CG,1996,64.3397
CG,1998,73.4672
CG,1999,76.5107
CG,2000,75.8359
CG,2001,75.8783
CG,2002,79.2009
CG,2003,78.7005
CG,2004,80.6127
CG,2005,83.1072
CG,2006,88.5407
CG,2007,90.8911
CG,2008,95.3982
CG,2009,99.61
CG,2010,100.0
CG,2011,101.7596
CG,2012,106.8579
CG,2013,111.8072
CG,2014,112.827
CG,2015,116.4026
CG,2016,120.1165
CG,2017,120.6571
CG,2018,122.048
CG,2019,124.7405
CG,2020,126.9801
CG,2021,129.1586
CG,2022,133.0894
CG,2023,138.8146
CG,2024,143.106
CH,1960,24.0412
CH,1961,24.4848
CH,1962,25.5416
CH,1963,26.4203
CH,1964,27.2342
CH,1965,28.1641
CH,1966,29.5092
CH,1967,30.6911
CH,1968,31.4264
CH,1969,32.2086
CH,1970,33.3733
CH,1971,35.567
CH,1972,37.9358
CH,1973,41.2569
CH,1974,45.2866
CH,1975,48.3193
CH,1976,49.1482
CH,1977,49.7852
CH,1978,50.2973
CH,1979,52.132
CH,1980,54.229
CH,1981,57.7487
CH,1982,61.0144
CH,1983,62.8142
CH,1984,64.6556
CH,1985,66.8767
CH,1986,67.3785
CH,1987,68.349
CH,1988,69.6288
CH,1989,71.8258
CH,1990,75.7072
CH,1991,80.1434
CH,1992,83.3788
CH,1993,86.1241
CH,1994,86.858
CH,1995,88.4213
CH,1996,89.139
CH,1997,89.6027
CH,1998,89.6188
CH,1999,90.3415
CH,2000,91.7495
CH,2001,92.6569
CH,2002,93.2524
CH,2003,93.8476
CH,2004,94.6011
CH,2005,95.7098
CH,2006,96.7239
CH,2007,97.4322
CH,2008,99.796
CH,2009,99.3165
CH,2010,100.0
CH,2011,100.2313
CH,2012,99.5372
CH,2013,99.3209
CH,2014,99.3078
CH,2015,98.1718
CH,2016,97.7451
CH,2017,98.2669
CH,2018,99.187
CH,2019,99.5469
CH,2020,98.8243
CH,2021,99.3993
CH,2022,102.2173
CH,2023,104.4
CH,2024,105.5091
CI,1960,5.5588
CI,1961,6.2046
CI,1962,6.1214
CI,1963,6.1791
CI,1964,6.2173
CI,1965,6.3797
CI,1966,6.647
CI,1967,6.7994
CI,1968,7.1632
CI,1969,7.482
CI,1970,8.0959
CI,1971,8.0599
CI,1972,8.085
CI,1973,8.9826
CI,1974,10.542
CI,1975,11.7484
CI,1976,13.1672
CI,1977,16.7779
CI,1978,18.9998
CI,1979,22.1048
CI,1980,25.3545
CI,1981,27.5855
CI,1982,29.6773
CI,1983,31.3512
CI,1984,32.6945
CI,1985,33.3039
CI,1986,36.5287
CI,1987,39.065
CI,1988,41.7725
CI,1989,42.2109
CI,1990,41.8707
CI,1991,42.5756
CI,1992,44.3771
CI,1993,45.3377
CI,1994,57.1625
CI,1995,65.3339
CI,1996,66.9548
CI,1997,69.6469
CI,1998,72.8586
CI,1999,73.3704
CI,2000,75.2272
CI,2001,78.5083
CI,2002,80.9242
CI,2003,83.5921
CI,2004,84.8108
CI,2005,88.1064
CI,2006,90.2802
CI,2007,91.9883
CI,2008,97.7914
CI,2009,98.7884
CI,2010,100.0
CI,2011,104.9124
CI,2012,106.281
CI,2013,109.0243
CI,2014,109.5135
CI,2015,110.8841
CI,2016,111.6859
CI,2017,112.452
CI,2018,112.9032
CI,2019,113.7961
CI,2020,116.5415
CI,2021,121.3887
CI,2022,127.7416
CI,2023,133.3236
CI,2024,137.9239
CL,1970,0.0011
CL,1971,0.0014
CL,1972,0.0024
CL,1973,0.0109
CL,1974,0.0657
CL,1975,0.3121
CL,1976,0.9735
CL,1977,1.8687
CL,1978,2.6177
CL,1979,3.4918
CL,1980,4.7188
CL,1981,5.6477
CL,1982,6.2092
CL,1983,7.9016
CL,1984,9.4709
CL,1985,12.3788
CL,1986,14.7898
CL,1987,17.7301
CL,1988,20.3337
CL,1989,23.7961
CL,1990,29.9917
CL,1991,36.5253
CL,1992,42.1596
CL,1993,47.5256
CL,1994,52.964
CL,1995,57.3243
CL,1996,61.5428
CL,1997,65.3178
CL,1998,68.6557
CL,1999,70.9467
CL,2000,73.6733
CL,2001,76.3028
CL,2002,78.2023
CL,2003,80.3999
CL,2004,81.2479
CL,2005,83.7281
CL,2006,86.5681
CL,2007,90.3839
CL,2008,98.262
CL,2009,98.6089
CL,2010,100.0
CL,2011,103.3412
CL,2012,106.4492
CL,2013,108.3541
CL,2014,113.467
CL,2015,118.4014
CL,2016,122.8843
CL,2017,125.5665
CL,2018,128.624
CL,2019,131.9136
CL,2020,135.931
CL,2021,142.0813
CL,2022,158.625
CL,2023,170.6515
CL,2024,177.9855
CM,1968,7.5248
CM,1969,7.4419
CM,1970,7.8779
CM,1971,8.1941
CM,1972,8.8572
CM,1973,9.777
CM,1974,11.4619
CM,1975,13.0154
CM,1976,14.3079
CM,1977,16.4109
CM,1978,18.4562
CM,1979,19.6707
CM,1980,21.5496
CM,1981,23.8613
CM,1982,27.0246
CM,1983,31.5192
CM,1984,35.1039
CM,1985,38.0907
CM,1986,41.0504
CM,1987,46.4446
CM,1988,47.226
CM,1989,46.4394
CM,1990,46.9499
CM,1991,46.9781
CM,1992,46.9706
CM,1993,45.4645
CM,1994,61.42
CM,1995,66.9906
CM,1996,69.6193
CM,1997,72.9515
CM,1998,75.2646
CM,1999,76.6733
CM,2000,77.6143
CM,2001,81.0446
CM,2002,83.3418
CM,2003,83.8611
CM,2004,84.0571
CM,2005,85.7496
CM,2006,90.1379
CM,2007,90.9684
CM,2008,95.8242
CM,2009,98.7407
CM,2010,100.0
CM,2011,102.9397
CM,2012,105.7554
CM,2013,107.9238
CM,2014,109.9256
CM,2015,112.8675
CM,2016,113.8542
CM,2017,114.5833
CM,2018,115.808
CM,2019,118.6486
CM,2020,121.5408
CM,2021,124.302
CM,2022,132.068
CM,2023,141.8183
CM,2024,148.2474
CN,1986,26.0483
CN,1987,27.9326
CN,1988,33.1872
CN,1989,39.2425
CN,1990,40.4403
CN,1991,41.8786
CN,1992,44.5396
CN,1993,51.0468
CN,1994,63.4292
CN,1995,74.0798
CN,1996,80.2382
CN,1997,82.474
CN,1998,81.8363
CN,1999,80.6894
CN,2000,80.97
CN,2001,81.5523
CN,2002,80.9554
CN,2003,81.8682
CN,2004,84.9994
CN,2005,86.5093
CN,2006,87.9362
CN,2007,92.1719
CN,2008,97.6333
CN,2009,96.9224
CN,2010,100.0
CN,2011,105.5539
CN,2012,108.3189
CN,2013,111.158
CN,2014,113.2941
CN,2015,114.9221
CN,2016,117.2206
CN,2017,119.0881
CN,2018,121.5589
CN,2019,125.0832
CN,2020,128.1094
CN,2021,129.3662
CN,2022,131.9194
CN,2023,132.2292
CN,2024,132.5176
CO,1960,0.0573
CO,1961,0.0621
CO,1962,0.065
CO,1963,0.0821
CO,1964,0.0961
CO,1965,0.1034
CO,1966,0.1207
CO,1967,0.1307
CO,1968,0.1405
CO,1969,0.1503
CO,1970,0.1607
CO,1971,0.1799
CO,1972,0.2022
CO,1973,0.2478
CO,1974,0.307
CO,1975,0.3789
CO,1976,0.4541
CO,1977,0.6075
CO,1978,0.7155
CO,1979,0.8881
CO,1980,1.124
CO,1981,1.4325
CO,1982,1.7867
CO,1983,2.1368
CO,1984,2.4821
CO,1985,3.0801
CO,1986,3.6604
CO,1987,4.5134
CO,1988,5.7821
CO,1989,7.2777
CO,1990,9.3993
CO,1991,12.2556
CO,1992,15.5659
CO,1993,19.0593
CO,1994,23.4136
CO,1995,28.3051
CO,1996,34.1919
CO,1997,40.5071
CO,1998,48.0726
CO,1999,53.2999
CO,2000,58.217
CO,2001,62.8543
CO,2002,66.8465
CO,2003,71.6125
CO,2004,75.8406
CO,2005,79.6713
CO,2006,83.0919
CO,2007,87.6989
CO,2008,93.835
CO,2009,97.7785
CO,2010,100.0
CO,2011,103.415
CO,2012,106.6926
CO,2013,108.8445
CO,2014,111.9998
CO,2015,117.5884
CO,2016,126.4233
CO,2017,131.8776
CO,2018,136.1512
CO,2019,140.9478
CO,2020,144.5091
CO,2021,149.5598
CO,2022,164.7808
CO,2023,184.1193
CO,2024,196.2879
CR,1960,0.2492
CR,1961,0.2552
CR,1962,0.2621
CR,1963,0.2698
CR,1964,0.2787
CR,1965,0.2769
CR,1966,0.2774
CR,1967,0.2807
CR,1968,0.2922
CR,1969,0.2999
CR,1970,0.3139
CR,1971,0.3235
CR,1972,0.3384
CR,1973,0.3899
CR,1974,0.5072
CR,1975,0.5952
CR,1976,0.616
CR,1977,0.6418
CR,1978,0.6804
CR,1979,0.7429
CR,1980,0.8776
CR,1981,1.2028
CR,1982,2.2868
CR,1983,3.0328
CR,1984,3.3952
CR,1985,3.9064
CR,1986,4.3687
CR,1987,5.1045
CR,1988,6.1679
CR,1989,7.1863
CR,1990,8.5545
CR,1991,11.0104
CR,1992,13.4097
CR,1993,14.721
CR,1994,16.7134
CR,1995,20.5887
CR,1996,24.1941
CR,1997,27.3993
CR,1998,30.5939
CR,1999,33.6671
CR,2000,37.3575
CR,2001,41.5624
CR,2002,45.3726
CR,2003,49.6592
CR,2004,55.7747
CR,2005,63.4706
CR,2006,70.7511
CR,2007,77.3714
CR,2008,87.7581
CR,2009,94.6407
CR,2010,100.0
CR,2011,104.878
CR,2012,109.5927
CR,2013,115.3259
CR,2014,120.5377
CR,2015,121.5044
CR,2016,121.4832
CR,2017,123.4584
CR,2018,126.2005
CR,2019,128.8457
CR,2020,129.7798
CR,2021,132.0204
CR,2022,142.9448
CR,2023,143.6955
CR,2024,143.1023
CV,1983,29.5615
CV,1984,32.8871
CV,1985,34.6608
CV,1986,38.4299
CV,1987,39.908
CV,1988,41.5339
CV,1989,43.4258
CV,1990,48.0522
CV,1991,52.6416
CV,1992,54.2823
CV,1993,57.4243
CV,1994,59.4067
CV,1995,64.368
CV,1996,68.2067
CV,1997,74.0425
CV,1998,77.2961
CV,1999,80.6634
CV,2000,78.665
CV,2001,81.3003
CV,2002,82.8324
CV,2003,83.8166
CV,2004,82.2318
CV,2005,82.5763
CV,2006,87.0098
CV,2007,90.8478
CV,2008,97.0023
CV,2009,97.9637
CV,2010,100.0
CV,2011,104.4739
CV,2012,107.1279
CV,2013,108.7419
CV,2014,108.4822
CV,2015,108.6245
CV,2016,107.0953
CV,2017,107.9354
CV,2018,109.2912
CV,2019,110.5016
CV,2020,111.171
CV,2021,113.2412
CV,2022,122.2223
CV,2023,126.7743
CV,2024,128.1031
CW,2000,76.8423
CW,2001,78.22
CW,2002,78.5261
CW,2003,79.809
CW,2004,80.9097
CW,2005,84.2408
CW,2006,86.8649
CW,2007,89.4672
CW,2008,95.6192
CW,2009,97.2957
CW,2010,100.0
CW,2011,102.3325
CW,2012,105.5908
CW,2013,106.9976
CW,2014,108.6012
CW,2015,108.0837
CW,2016,108.0327
CW,2017,109.7456
CW,2018,112.5811
CW,2019,115.5332
CY,1960,13.9416
CY,1961,13.8558
CY,1962,13.8701
CY,1963,14.1418
CY,1964,14.0989
CY,1965,14.1275
CY,1966,14.199
CY,1967,14.2991
CY,1968,14.8377
CY,1969,15.1916
CY,1970,15.5562
CY,1971,16.2009
CY,1972,16.9837
CY,1973,18.31
CY,1974,21.2719
CY,1975,22.2588
CY,1976,23.1168
CY,1977,24.8104
CY,1978,26.6554
CY,1979,29.178
CY,1980,33.1221
CY,1981,36.681
CY,1982,39.0406
CY,1983,41.0121
CY,1984,43.4695
CY,1985,45.6579
CY,1986,46.2142
CY,1987,47.5044
CY,1988,49.1334
CY,1989,50.9835
CY,1990,53.2788
CY,1991,55.9616
CY,1992,59.6048
CY,1993,62.4981
CY,1994,65.4346
CY,1995,67.1463
CY,1996,69.1465
CY,1997,71.6395
CY,1998,73.2354
CY,1999,74.4291
CY,2000,77.5117
CY,2001,79.0411
CY,2002,81.2551
CY,2003,84.6183
CY,2004,86.5529
CY,2005,88.7688
CY,2006,90.8146
CY,2007,92.9694
CY,2008,97.3101
CY,2009,97.6276
CY,2010,100.0
CY,2011,103.2894
CY,2012,105.7571
CY,2013,105.3347
CY,2014,103.9075
CY,2015,101.7285
CY,2016,100.2747
CY,2017,100.8079
CY,2018,102.255
CY,2019,102.511
CY,2020,101.8565
CY,2021,104.348
CY,2022,113.1086
CY,2023,117.1141
CY,2024,119.2224
CZ,1991,34.8879
CZ,1992,38.7557
CZ,1993,46.822
CZ,1994,51.5227
CZ,1995,56.1548
CZ,1996,61.0733
CZ,1997,66.3232
CZ,1998,73.4187
CZ,1999,74.9866
CZ,2000,77.8176
CZ,2001,81.446
CZ,2002,82.9959
CZ,2003,83.0944
CZ,2004,85.3879
CZ,2005,86.9737
CZ,2006,89.1776
CZ,2007,91.7219
CZ,2008,97.5542
CZ,2009,98.5486
CZ,2010,100.0
CZ,2011,101.9172
CZ,2012,105.2679
CZ,2013,106.7819
CZ,2014,107.1493
CZ,2015,107.4807
CZ,2016,108.2154
CZ,2017,110.8672
CZ,2018,113.2503
CZ,2019,116.4755
CZ,2020,120.1577
CZ,2021,124.7715
CZ,2022,143.6123
CZ,2023,158.9231
CZ,2024,162.7934
DE,1960,24.6461
DE,1961,25.2114
DE,1962,25.9282
DE,1963,26.6975
DE,1964,27.3211
DE,1965,28.2069
DE,1966,29.2035
DE,1967,29.728
DE,1968,30.1651
DE,1969,30.742
DE,1970,31.8027
DE,1971,33.4695
DE,1972,35.3053
DE,1973,37.7879
DE,1974,40.428
DE,1975,42.8174
DE,1976,44.6357
DE,1977,46.3024
DE,1978,47.5613
DE,1979,49.4845
DE,1980,52.1769
DE,1981,55.4872
DE,1982,58.3953
DE,1983,60.3185
DE,1984,61.7696
DE,1985,63.0459
DE,1986,62.9643
DE,1987,63.1217
DE,1988,63.9259
DE,1989,65.7034
DE,1990,67.4751
DE,1991,70.2059
DE,1992,73.7561
DE,1993,77.0564
DE,1994,79.1316
DE,1995,80.4817
DE,1996,81.6485
DE,1997,83.2319
DE,1998,83.9903
DE,1999,84.482
DE,2000,85.6988
DE,2001,87.3989
DE,2002,88.6407
DE,2003,89.5575
DE,2004,91.0493
DE,2005,92.4577
DE,2006,93.9162
DE,2007,96.0747
DE,2008,98.5999
DE,2009,98.9082
DE,2010,100.0
DE,2011,102.0752
DE,2012,104.1253
DE,2013,105.6921
DE,2014,106.6505
DE,2015,107.1992
DE,2016,107.7263
DE,2017,109.3525
DE,2018,111.2466
DE,2019,112.8549
DE,2020,113.0184
DE,2021,116.4843
DE,2022,124.4897
DE,2023,131.8924
DE,2024,134.8686
DJ,1979,82.3857
DJ,1980,92.3198
DJ,1981,97.598
DJ,1982,95.2452
DJ,1983,96.1042
DJ,1984,97.9155
DJ,1985,100.0
DJ,1986,118.1476
DJ,1987,122.9788
DJ,2000,70.0723
DJ,2001,71.2962
DJ,2002,71.7508
DJ,2003,73.1729
DJ,2004,75.4575
DJ,2005,77.8004
DJ,2006,80.5105
DJ,2007,84.5087
DJ,2008,94.6148
DJ,2009,96.2
DJ,2010,100.0
DJ,2011,105.0687
DJ,2012,108.989
DJ,2013,95.2966
DJ,2014,96.5753
DJ,2015,96.0711
DJ,2016,98.3792
DJ,2017,98.9471
DJ,2018,99.0845
DJ,2019,102.3718
DJ,2020,104.193
DJ,2021,105.4233
DJ,2022,110.8761
DJ,2023,112.4827
DJ,2024,114.8584
DK,1960,8.2457
DK,1961,8.5303
DK,1962,9.1597
DK,1963,9.7189
DK,1964,10.0194
DK,1965,10.5655
DK,1966,11.312
DK,1967,12.2404
DK,1968,13.2203
DK,1969,13.6814
DK,1970,14.5727
DK,1971,15.4281
DK,1972,16.4406
DK,1973,17.9701
DK,1974,20.7151
DK,1975,22.7049
DK,1976,24.7507
DK,1977,27.454
DK,1978,30.2581
DK,1979,33.1662
DK,1980,37.2474
DK,1981,41.6304
DK,1982,45.8438
DK,1983,49.0108
DK,1984,52.0939
DK,1985,54.5313
DK,1986,56.537
DK,1987,58.8098
DK,1988,61.4769
DK,1989,64.411
DK,1990,66.1125
DK,1991,67.696
DK,1992,69.115
DK,1993,69.9843
DK,1994,71.3784
DK,1995,72.8657
DK,1996,74.415
DK,1997,76.0389
DK,1998,77.4423
DK,1999,79.3766
DK,2000,81.6812
DK,2001,83.5908
DK,2002,85.6174
DK,2003,87.394
DK,2004,88.4028
DK,2005,90.0098
DK,2006,91.7418
DK,2007,93.2952
DK,2008,96.4825
DK,2009,97.7413
DK,2010,100.0
DK,2011,102.7587
DK,2012,105.2227
DK,2013,106.053
DK,2014,106.6512
DK,2015,107.1333
DK,2016,107.4011
DK,2017,108.6332
DK,2018,109.517
DK,2019,110.3473
DK,2020,110.8115
DK,2021,112.8649
DK,2022,121.5516
DK,2023,125.5691
DK,2024,127.2922
DM,1964,7.9775
DM,1966,8.3757
DM,1967,8.4555
DM,1968,8.9096
DM,1969,9.2852
DM,1970,10.4359
DM,1971,10.8155
DM,1972,11.2144
DM,1973,12.5712
DM,1974,16.8927
DM,1975,20.2548
DM,1976,22.4631
DM,1977,24.598
DM,1978,26.4951
DM,1980,41.4993
DM,1981,47.0049
DM,1982,49.0706
DM,1983,51.106
DM,1984,52.2395
DM,1985,54.1933
DM,1986,55.6967
DM,1987,57.9383
DM,1988,59.6327
DM,1989,63.341
DM,1990,65.3622
DM,1991,68.9944
DM,1992,72.7697
DM,1993,73.9114
DM,1994,73.9226
DM,1995,74.8966
DM,1996,76.1527
DM,1997,78.008
DM,1998,78.7874
DM,1999,79.7167
DM,2000,80.3998
DM,2001,81.4482
DM,2002,81.5867
DM,2003,82.7724
DM,2004,84.7541
DM,2005,86.1796
DM,2006,88.0776
DM,2007,91.2768
DM,2008,97.0819
DM,2009,97.088
DM,2010,100.0
DM,2011,101.1312
DM,2012,102.5034
DM,2013,102.4558
DM,2014,103.2747
DM,2015,102.4032
DM,2016,102.5484
DM,2017,102.8522
DM,2018,103.8696
DM,2019,105.4325
DM,2020,106.719
DM,2021,109.0977
DM,2022,112.2451
DM,2023,117.9547
DM,2024,120.9852
DO,1960,0.4546
DO,1961,0.4369
DO,1962,0.4769
DO,1963,0.5178
DO,1964,0.5287
DO,1965,0.5187
DO,1966,0.52
DO,1967,0.5265
DO,1968,0.5267
DO,1969,0.5317
DO,1970,0.552
DO,1971,0.5718
DO,1972,0.6212
DO,1973,0.7148
DO,1974,0.8088
DO,1975,0.9261
DO,1976,0.998
DO,1977,1.1262
DO,1978,1.1654
DO,1979,1.2723
DO,1980,1.4855
DO,1981,1.5971
DO,1982,1.7192
DO,1983,1.816
DO,1984,2.182
DO,1985,3.1712
DO,1986,3.4134
DO,1987,3.876
DO,1988,5.5761
DO,1989,7.8432
DO,1990,11.8011
DO,1991,17.357
DO,1992,18.0962
DO,1993,19.0463
DO,1994,20.6197
DO,1995,23.2046
DO,1996,24.4574
DO,1997,26.4866
DO,1998,27.7663
DO,1999,29.563
DO,2000,31.8464
DO,2001,34.6754
DO,2002,36.4866
DO,2003,46.5021
DO,2004,70.4324
DO,2005,73.3837
DO,2006,78.9409
DO,2007,83.7907
DO,2008,92.7099
DO,2009,94.0469
DO,2010,100.0
DO,2011,105.7968
DO,2012,109.7054
DO,2013,115.0052
DO,2014,118.4538
DO,2015,119.445
DO,2016,121.373
DO,2017,125.3535
DO,2018,129.8217
DO,2019,132.1722
DO,2020,137.1697
DO,2021,148.4766
DO,2022,161.559
DO,2023,169.2906
DO,2024,174.881
DZ,1969,2.569
DZ,1970,2.7386
DZ,1971,2.8105
DZ,1972,2.9133
DZ,1973,3.0931
DZ,1974,3.2385
DZ,1975,3.505
DZ,1976,3.8356
DZ,1977,4.2954
DZ,1978,5.0481
DZ,1979,5.621
DZ,1980,6.156
DZ,1981,7.0582
DZ,1982,7.52
DZ,1983,7.9687
DZ,1984,8.6155
DZ,1985,9.5186
DZ,1986,10.6962
DZ,1987,11.4921
DZ,1988,12.1714
DZ,1989,13.3039
DZ,1990,15.5194
DZ,1991,19.5368
DZ,1992,25.724
DZ,1993,31.0078
DZ,1994,40.0148
DZ,1995,51.9311
DZ,1996,61.6313
DZ,1997,65.165
DZ,1998,68.3908
DZ,1999,70.2
DZ,2000,70.4381
DZ,2001,73.4148
DZ,2002,74.4561
DZ,2003,77.6346
DZ,2004,80.7103
DZ,2005,81.8261
DZ,2006,83.7175
DZ,2007,86.7975
DZ,2008,91.0146
DZ,2009,96.2361
DZ,2010,100.0
DZ,2011,104.5242
DZ,2012,113.8179
DZ,2013,117.5218
DZ,2014,120.9499
DZ,2015,126.7366
DZ,2016,134.8449
DZ,2017,142.3842
DZ,2018,148.464
DZ,2019,151.3617
DZ,2020,155.0173
DZ,2021,166.2189
DZ,2022,181.6199
DZ,2023,198.5509
DZ,2024,206.5845
EC,1960,0.0122
EC,1961,0.0127
EC,1962,0.0131
EC,1963,0.0139
EC,1964,0.0144
EC,1965,0.0149
EC,1966,0.0157
EC,1967,0.0163
EC,1968,0.017
EC,1969,0.0181
EC,1970,0.019
EC,1971,0.0208
EC,1972,0.0224
EC,1973,0.0251
EC,1974,0.0308
EC,1975,0.0352
EC,1976,0.0388
EC,1977,0.0438
EC,1978,0.0495
EC,1979,0.0545
EC,1980,0.061
EC,1981,0.0696
EC,1982,0.0809
EC,1983,0.1201
EC,1984,0.1576
EC,1985,0.2017
EC,1986,0.2482
EC,1987,0.3214
EC,1988,0.5085
EC,1989,0.8931
EC,1990,1.3265
EC,1991,1.9727
EC,1992,3.05
EC,1993,4.4211
EC,1994,5.6286
EC,1995,6.9194
EC,1996,8.6086
EC,1997,11.2478
EC,1998,15.308
EC,1999,23.3052
EC,2000,45.7007
EC,2001,62.9193
EC,2002,70.7739
EC,2003,76.3858
EC,2004,78.4812
EC,2005,80.1829
EC,2006,82.8279
EC,2007,84.7133
EC,2008,91.8293
EC,2009,96.5676
EC,2010,100.0
EC,2011,104.4745
EC,2012,109.8045
EC,2013,112.7932
EC,2014,116.8416
EC,2015,121.4763
EC,2016,123.5757
EC,2017,124.0914
EC,2018,123.8133
EC,2019,124.1427
EC,2020,123.722
EC,2021,123.8869
EC,2022,128.181
EC,2023,131.0211
EC,2024,133.0484
EE,1992,11.6378
EE,1993,22.0899
EE,1994,32.6168
EE,1995,42.0028
EE,1996,51.6845
EE,1997,57.1537
EE,1998,61.8451
EE,1999,63.8836
EE,2000,66.4508
EE,2001,70.2705
EE,2002,72.7805
EE,2003,73.7521
EE,2004,76.0002
EE,2005,79.1008
EE,2006,82.611
EE,2007,88.0644
EE,2008,97.1899
EE,2009,97.1137
EE,2010,100.0
EE,2011,104.9819
EE,2012,109.1113
EE,2013,112.1452
EE,2014,112.0261
EE,2015,111.4746
EE,2016,111.6403
EE,2017,115.4553
EE,2018,119.4227
EE,2019,122.1423
EE,2020,121.5994
EE,2021,127.2576
EE,2022,151.9433
EE,2023,165.8602
EE,2024,171.6975
EG,1960,1.2087
EG,1961,1.2171
EG,1962,1.1806
EG,1963,1.1894
EG,1964,1.2329
EG,1965,1.4159
EG,1966,1.5438
EG,1967,1.5546
EG,1968,1.5286
EG,1969,1.5807
EG,1970,1.6402
EG,1971,1.6917
EG,1972,1.7273
EG,1973,1.8156
EG,1974,1.9976
EG,1975,2.1907
EG,1976,2.4168
EG,1977,2.7245
EG,1978,3.0263
EG,1979,3.326
EG,1980,4.0185
EG,1981,4.4331
EG,1982,5.0902
EG,1983,5.9087
EG,1984,6.9153
EG,1985,7.7525
EG,1986,9.6026
EG,1987,11.4937
EG,1988,13.5238
EG,1989,16.3993
EG,1990,19.1472
EG,1991,22.9285
EG,1992,26.0553
EG,1993,29.2054
EG,1994,31.5868
EG,1995,36.5593
EG,1996,39.1869
EG,1997,40.9995
EG,1998,42.5872
EG,1999,43.8987
EG,2000,45.0769
EG,2001,46.1
EG,2002,47.3619
EG,2003,49.4968
EG,2004,55.0754
EG,2005,57.7573
EG,2006,62.1725
EG,2007,67.9664
EG,2008,80.4157
EG,2009,89.8754
EG,2010,100.0
EG,2011,110.0649
EG,2012,117.8924
EG,2013,129.0565
EG,2014,142.0528
EG,2015,156.7844
EG,2016,178.4419
EG,2017,231.0941
EG,2018,264.3751
EG,2019,288.5728
EG,2020,303.1311
EG,2021,318.9365
EG,2022,363.2548
EG,2023,486.3429
EG,2024,623.8349
ES,1960,2.8588
ES,1961,2.882
ES,1962,3.0464
ES,1963,3.3128
ES,1964,3.544
ES,1965,4.0123
ES,1966,4.2627
ES,1967,4.5351
ES,1968,4.7598
ES,1969,4.8626
ES,1970,5.1413
ES,1971,5.5648
ES,1972,6.0252
ES,1973,6.713
ES,1974,7.7657
ES,1975,9.0822
ES,1976,10.6829
ES,1977,13.3043
ES,1978,15.935
ES,1979,18.4305
ES,1980,21.2986
ES,1981,24.3975
ES,1982,27.9144
ES,1983,31.3127
ES,1984,34.8448
ES,1985,37.9162
ES,1986,41.2509
ES,1987,43.4158
ES,1988,45.5159
ES,1989,48.6071
ES,1990,51.8744
ES,1991,54.9527
ES,1992,58.2084
ES,1993,60.868
ES,1994,63.74
ES,1995,66.7191
ES,1996,69.0935
ES,1997,70.4554
ES,1998,71.7478
ES,1999,73.4054
ES,2000,75.9258
ES,2001,78.6514
ES,2002,81.0626
ES,2003,83.526
ES,2004,86.0645
ES,2005,88.9639
ES,2006,92.0915
ES,2007,94.6579
ES,2008,98.5155
ES,2009,98.232
ES,2010,100.0
ES,2011,103.1961
ES,2012,105.7204
ES,2013,107.2096
ES,2014,107.0476
ES,2015,106.5119
ES,2016,106.2961
ES,2017,108.3754
ES,2018,110.1906
ES,2019,110.9614
ES,2020,110.6033
ES,2021,114.0244
ES,2022,123.5917
ES,2023,127.9574
ES,2024,131.5072
ET,1965,4.6979
ET,1966,4.6339
ET,1967,4.6714
ET,1968,4.6799
ET,1969,4.7466
ET,1970,5.2271
ET,1971,5.2551
ET,1972,4.9355
ET,1973,5.3755
ET,1974,5.8373
ET,1975,6.2197
ET,1976,7.9947
ET,1977,9.3263
ET,1978,10.6608
ET,1979,12.3699
ET,1980,12.9244
ET,1981,13.7174
ET,1982,14.5254
ET,1983,14.4273
ET,1984,15.6417
ET,1985,18.6237
ET,1986,16.797
ET,1987,16.389
ET,1988,17.5495
ET,1989,18.9214
ET,1990,19.8963
ET,1991,27.0038
ET,1992,29.8466
ET,1993,30.9041
ET,1994,33.2509
ET,1995,36.5834
ET,1996,33.4795
ET,1997,34.2815
ET,1998,34.5882
ET,1999,37.335
ET,2000,37.5823
ET,2001,34.4864
ET,2002,34.7192
ET,2003,39.4667
ET,2004,40.7799
ET,2005,44.8456
ET,2006,50.3614
ET,2007,59.0439
ET,2008,85.2339
ET,2009,92.4648
ET,2010,100.0
ET,2011,133.25
ET,2012,164.6975
ET,2013,176.9906
ET,2014,189.1852
ET,2015,207.2882
ET,2016,221.0275
ET,2017,244.649
ET,2018,278.4914
ET,2019,322.5198
ET,2020,388.1731
ET,2021,492.3569
ET,2022,659.2161
ET,2023,858.4235
ET,2024,1039.0164
FI,1960,8.1369
FI,1961,8.2745
FI,1962,8.6372
FI,1963,9.0688
FI,1964,10.0007
FI,1965,10.4948
FI,1966,10.9013
FI,1967,11.4875
FI,1968,12.5434
FI,1969,12.8201
FI,1970,13.1714
FI,1971,14.0244
FI,1972,14.9587
FI,1973,16.5675
FI,1974,19.3734
FI,1975,22.8241
FI,1976,26.0977
FI,1977,29.1755
FI,1978,31.4509
FI,1979,33.7994
FI,1980,37.7183
FI,1981,41.9826
FI,1982,46.0066
FI,1983,49.8557
FI,1984,53.3793
FI,1985,56.1527
FI,1986,57.8
FI,1987,60.1773
FI,1988,63.2379
FI,1989,67.4071
FI,1990,71.5523
FI,1991,74.6364
FI,1992,76.8153
FI,1993,78.498
FI,1994,79.3525
FI,1995,79.9804
FI,1996,80.4836
FI,1997,81.4434
FI,1998,82.5832
FI,1999,83.543
FI,2000,86.0845
FI,2001,88.3041
FI,2002,89.6916
FI,2003,90.4786
FI,2004,90.6479
FI,2005,91.2134
FI,2006,92.6424
FI,2007,94.9684
FI,2008,98.8297
FI,2009,98.8297
FI,2010,100.0
FI,2011,103.4168
FI,2012,106.3211
FI,2013,107.8928
FI,2014,109.0162
FI,2015,108.7895
FI,2016,109.1776
FI,2017,110.0008
FI,2018,111.193
FI,2019,112.3317
FI,2020,112.6581
FI,2021,115.1305
FI,2022,123.3318
FI,2023,131.0408
FI,2024,133.0925
FJ,1969,8.3177
FJ,1970,8.6607
FJ,1971,9.4522
FJ,1972,11.5296
FJ,1973,12.8077
FJ,1974,14.6646
FJ,1975,16.5806
FJ,1976,18.4761
FJ,1977,19.7706
FJ,1978,20.9782
FJ,1979,22.6159
FJ,1980,25.8936
FJ,1981,28.7887
FJ,1982,30.813
FJ,1983,32.8788
FJ,1984,34.6185
FJ,1985,36.1489
FJ,1986,36.7992
FJ,1987,38.8834
FJ,1988,43.4555
FJ,1989,46.1451
FJ,1990,49.925
FJ,1991,53.1688
FJ,1992,55.765
FJ,1993,58.6685
FJ,1994,59.1476
FJ,1995,60.4286
FJ,1996,62.2717
FJ,1997,64.3691
FJ,1998,68.0457
FJ,1999,69.3853
FJ,2000,70.1431
FJ,2001,73.1401
FJ,2002,73.6974
FJ,2003,76.7726
FJ,2004,78.9434
FJ,2005,80.811
FJ,2006,82.8238
FJ,2007,86.8025
FJ,2008,93.5143
FJ,2009,96.4422
FJ,2010,100.0
FJ,2011,107.2781
FJ,2012,110.9507
FJ,2013,114.1832
FJ,2014,114.7762
FJ,2015,116.3542
FJ,2016,120.8493
FJ,2017,124.8948
FJ,2018,129.9923
FJ,2019,132.3243
FJ,2020,130.0746
FJ,2021,132.0706
FJ,2022,140.099
FJ,2023,144.2675
FJ,2024,149.8807
FM,1999,70.8903
FM,2000,72.4205
FM,2001,72.7844
FM,2002,72.7033
FM,2003,72.7953
FM,2004,74.4527
FM,2005,77.6226
FM,2006,81.2223
FM,2007,83.9078
FM,2008,90.9759
FM,2009,96.7926
FM,2010,100.0
FM,2011,105.0826
FM,2012,110.3562
FM,2013,112.29
FM,2014,113.0202
FM,2015,112.6832
FM,2016,111.5142
FM,2017,112.1635
FM,2018,113.8441
FM,2019,116.0343
FM,2020,116.6779
FM,2021,120.4014
FM,2022,126.9136
FR,1960,10.4336
FR,1961,10.684
FR,1962,11.2536
FR,1963,11.8162
FR,1964,12.1957
FR,1965,12.5253
FR,1966,12.8512
FR,1967,13.21
FR,1968,13.8102
FR,1969,14.6451
FR,1970,15.4213
FR,1971,16.2536
FR,1972,17.2391
FR,1973,18.5115
FR,1974,21.0381
FR,1975,23.4966
FR,1976,25.7583
FR,1977,28.2039
FR,1978,30.813
FR,1979,34.0935
FR,1980,38.7175
FR,1981,43.8725
FR,1982,49.1278
FR,1983,53.775
FR,1984,57.9016
FR,1985,61.2779
FR,1986,62.8335
FR,1987,64.9
FR,1988,66.6528
FR,1989,68.9846
FR,1990,71.1881
FR,1991,73.4757
FR,1992,75.2125
FR,1993,76.7953
FR,1994,78.0667
FR,1995,79.4691
FR,1996,81.0449
FR,1997,82.0206
FR,1998,82.5547
FR,1999,82.9981
FR,2000,84.3891
FR,2001,85.7687
FR,2002,87.4184
FR,2003,89.2528
FR,2004,91.1647
FR,2005,92.7563
FR,2006,94.3101
FR,2007,95.7135
FR,2008,98.4057
FR,2009,98.492
FR,2010,100.0
FR,2011,102.1116
FR,2012,104.1071
FR,2013,105.0062
FR,2014,105.5394
FR,2015,105.579
FR,2016,105.7726
FR,2017,106.8645
FR,2018,108.8423
FR,2019,110.0486
FR,2020,110.5729
FR,2021,112.3889
FR,2022,118.2583
FR,2023,124.0273
FR,2024,126.5067
GA,1962,9.3176
GA,1963,9.9846
GA,1964,10.317
GA,1965,10.5685
GA,1966,10.9537
GA,1967,11.1703
GA,1968,11.4312
GA,1969,11.7713
GA,1970,12.2201
GA,1971,12.6922
GA,1972,13.1348
GA,1973,13.9501
GA,1974,15.6342
GA,1975,20.0826
GA,1976,24.1336
GA,1977,27.4767
GA,1978,30.4344
GA,1979,32.8547
GA,1980,36.9091
GA,1981,40.1226
GA,1982,46.8174
GA,1983,51.8137
GA,1984,54.8485
GA,1985,58.8826
GA,1986,62.5835
GA,1987,61.9914
GA,1988,56.5509
GA,1989,60.363
GA,1990,65.0262
GA,1991,57.4272
GA,1992,51.9469
GA,1993,52.2242
GA,1994,71.0856
GA,1995,77.9429
GA,1996,78.4805
GA,1997,81.5989
GA,1998,82.781
GA,1999,81.1779
GA,2000,81.5878
GA,2001,83.3318
GA,2002,83.3624
GA,2003,85.2258
GA,2004,85.5737
GA,2005,88.7471
GA,2006,87.4963
GA,2007,91.8976
GA,2008,96.7354
GA,2009,98.5595
GA,2010,100.0
GA,2011,101.2633
GA,2012,103.9492
GA,2013,104.4746
GA,2014,109.375
GA,2015,109.0044
GA,2016,111.3008
GA,2017,114.2524
GA,2018,119.6784
GA,2019,122.6279
GA,2020,124.2868
GA,2021,125.6377
GA,2022,130.9537
GA,2023,135.706
GA,2024,137.298
GD,1976,17.308
GD,1977,20.5025
GD,1978,24.2207
GD,1979,29.2786
GD,1980,35.6677
GD,1981,42.3687
GD,1982,45.6789
GD,1983,48.4632
GD,1984,51.206
GD,1985,52.4868
GD,1986,52.7792
GD,1987,52.3188
GD,1988,54.4116
GD,1989,57.4548
GD,1990,59.02
GD,1991,60.5808
GD,1992,62.8698
GD,1993,64.6355
GD,1994,67.0727
GD,1995,68.3262
GD,1996,69.7148
GD,1997,70.5825
GD,1998,71.5549
GD,1999,71.968
GD,2000,73.5383
GD,2001,75.8481
GD,2002,76.6575
GD,2003,78.3095
GD,2004,80.1207
GD,2005,82.9055
GD,2006,86.4306
GD,2007,89.7659
GD,2008,96.977
GD,2009,96.6777
GD,2010,100.0
GD,2011,103.0335
GD,2012,105.5174
GD,2013,105.471
GD,2014,104.4335
GD,2015,103.8952
GD,2016,105.6099
GD,2017,106.5693
GD,2018,107.4263
GD,2019,108.0688
GD,2020,107.2683
GD,2021,108.5765
GD,2022,111.3783
GD,2023,114.3812
GD,2024,115.6236
GE,1994,10.9011
GE,1995,28.6391
GE,1996,39.9108
GE,1997,42.7395
GE,1998,44.264
GE,1999,52.7594
GE,2000,54.9035
GE,2001,57.4544
GE,2002,60.6648
GE,2003,61.173
GE,2004,64.6332
GE,2005,69.9635
GE,2006,76.3728
GE,2007,83.4334
GE,2008,91.7764
GE,2009,93.3618
GE,2010,100.0
GE,2011,108.5429
GE,2012,107.5187
GE,2013,106.9681
GE,2014,110.2507
GE,2015,114.6647
GE,2016,117.1127
GE,2017,124.1809
GE,2018,127.4285
GE,2019,133.6125
GE,2020,140.5636
GE,2021,154.0112
GE,2022,172.3357
GE,2023,176.623
GE,2024,178.583
GH,1964,0.0011
GH,1965,0.0014
GH,1966,0.0016
GH,1967,0.0015
GH,1968,0.0016
GH,1969,0.0017
GH,1970,0.0018
GH,1971,0.002
GH,1972,0.0022
GH,1973,0.0025
GH,1974,0.003
GH,1975,0.0039
GH,1976,0.0061
GH,1977,0.0131
GH,1978,0.0227
GH,1979,0.0351
GH,1980,0.0526
GH,1981,0.1139
GH,1982,0.1393
GH,1983,0.3105
GH,1984,0.4336
GH,1985,0.4783
GH,1986,0.5958
GH,1987,0.8331
GH,1988,1.0943
GH,1989,1.3703
GH,1990,1.8809
GH,1991,2.2201
GH,1992,2.4433
GH,1993,3.0532
GH,1994,3.8125
GH,1995,6.0795
GH,1996,8.9102
GH,1997,11.3948
GH,1998,13.0612
GH,1999,13.6967
GH,2000,19.2083
GH,2001,27.1816
GH,2002,29.7261
GH,2003,38.5764
GH,2004,45.5367
GH,2005,52.5671
GH,2006,58.7065
GH,2007,65.0082
GH,2008,75.7311
GH,2009,90.307
GH,2010,100.0
GH,2011,108.7285
GH,2012,120.8912
GH,2013,134.9946
GH,2014,155.9047
GH,2015,182.6424
GH,2016,214.5219
GH,2017,241.0624
GH,2018,259.8864
GH,2019,278.4517
GH,2020,305.9831
GH,2021,336.4929
GH,2022,441.6668
GH,2023,609.9726
GH,2024,749.3411
GM,1961,2.2769
GM,1962,2.3176
GM,1963,2.4246
GM,1964,2.3146
GM,1965,2.3428
GM,1966,2.3484
GM,1967,2.3814
GM,1968,2.481
GM,1969,2.6053
GM,1970,2.5536
GM,1971,2.6316
GM,1972,2.8605
GM,1973,3.0584
GM,1974,3.3409
GM,1975,4.2071
GM,1976,4.9234
GM,1977,5.5334
GM,1978,6.0234
GM,1979,6.3926
GM,1980,6.8289
GM,1981,7.2348
GM,1982,8.0202
GM,1983,8.8732
GM,1984,10.8341
GM,1985,12.8189
GM,1986,20.0692
GM,1987,24.7914
GM,1988,27.6896
GM,1989,29.9809
GM,1990,33.629
GM,1991,36.5353
GM,1992,40.0012
GM,1993,42.5868
GM,1994,43.3151
GM,1995,46.339
GM,1996,46.8485
GM,1997,48.1514
GM,1998,48.6879
GM,1999,50.5441
GM,2000,50.9712
GM,2001,53.2611
GM,2002,57.8464
GM,2003,67.6993
GM,2004,77.3172
GM,2005,81.0583
GM,2006,82.7252
GM,2007,87.1669
GM,2008,91.0402
GM,2009,95.1931
GM,2010,100.0
GM,2011,104.7959
GM,2012,109.2542
GM,2013,115.4808
GM,2014,122.3496
GM,2015,130.6797
GM,2016,140.1263
GM,2017,151.3843
GM,2018,161.256
GM,2019,172.7304
GM,2020,182.9756
GM,2021,196.4615
GM,2022,219.0803
GM,2023,256.2675
GM,2024,285.8947
GN,2004,32.2631
GN,2005,42.3851
GN,2006,57.0908
GN,2007,67.4674
GN,2008,83.0291
GN,2009,86.9185
GN,2010,100.0
GN,2011,121.3169
GN,2012,139.789
GN,2013,156.4065
GN,2014,166.0263
GN,2015,185.5844
GN,2016,200.7516
GN,2017,218.6473
GN,2018,240.1351
GN,2019,262.876
GN,2020,290.7451
GN,2021,327.3711
GN,2022,361.7222
GN,2023,389.9546
GN,2024,421.6311
GQ,1985,37.871
GQ,1986,31.1904
GQ,1987,27.0812
GQ,1988,27.7647
GQ,1989,29.4767
GQ,1990,29.7296
GQ,1991,28.7112
GQ,1992,27.4828
GQ,1993,28.9812
GQ,1994,38.2091
GQ,1995,45.8022
GQ,1996,47.8819
GQ,1997,49.3263
GQ,1998,53.2407
GQ,1999,53.4389
GQ,2000,56.0052
GQ,2001,60.9478
GQ,2002,65.5753
GQ,2003,70.3777
GQ,2004,73.3475
GQ,2005,77.4781
GQ,2006,80.8995
GQ,2007,83.1677
GQ,2008,88.6166
GQ,2009,92.7737
GQ,2010,100.0
GQ,2011,104.8054
GQ,2012,108.6377
GQ,2013,111.8413
GQ,2014,116.6617
GQ,2015,118.6177
GQ,2016,120.2925
GQ,2017,121.1879
GQ,2018,122.4726
GQ,2019,124.3467
GQ,2020,130.274
GQ,2021,130.1475
GQ,2022,136.3772
GQ,2023,140.2769
GQ,2024,144.375
GR,1960,1.1213
GR,1961,1.1449
GR,1962,1.1395
GR,1963,1.1758
GR,1964,1.183
GR,1965,1.2211
GR,1966,1.281
GR,1967,1.3046
GR,1968,1.3064
GR,1969,1.3409
GR,1970,1.379
GR,1971,1.4244
GR,1972,1.4861
GR,1973,1.7147
GR,1974,2.1701
GR,1975,2.4659
GR,1976,2.787
GR,1977,3.1318
GR,1978,3.5255
GR,1979,4.1987
GR,1980,5.2348
GR,1981,6.5176
GR,1982,7.8857
GR,1983,9.477
GR,1984,11.2262
GR,1985,13.3945
GR,1986,16.4773
GR,1987,19.1791
GR,1988,21.7738
GR,1989,24.7471
GR,1990,29.8038
GR,1991,35.6024
GR,1992,41.255
GR,1993,47.2004
GR,1994,52.333
GR,1995,57.0087
GR,1996,61.6803
GR,1997,65.0949
GR,1998,68.1975
GR,1999,69.9956
GR,2000,72.2013
GR,2001,74.6373
GR,2002,77.3462
GR,2003,80.077
GR,2004,82.3983
GR,2005,85.3194
GR,2006,88.0462
GR,2007,90.5951
GR,2008,94.3573
GR,2009,95.4991
GR,2010,100.0
GR,2011,103.3299
GR,2012,104.8814
GR,2013,103.9151
GR,2014,102.5515
GR,2015,100.7713
GR,2016,99.9393
GR,2017,101.0599
GR,2018,101.6921
GR,2019,101.9494
GR,2020,100.6771
GR,2021,101.9092
GR,2022,111.7386
GR,2023,115.6101
GR,2024,118.779
GT,1960,1.7553
GT,1961,1.7455
GT,1962,1.7814
GT,1963,1.7841
GT,1964,1.7806
GT,1965,1.7664
GT,1966,1.7785
GT,1967,1.7871
GT,1968,1.8215
GT,1969,1.8597
GT,1970,1.9033
GT,1971,1.8947
GT,1972,1.9047
GT,1973,2.1675
GT,1974,2.525
GT,1975,2.8573
GT,1976,3.1637
GT,1977,3.5537
GT,1978,3.8482
GT,1979,4.2847
GT,1980,4.7485
GT,1981,5.2914
GT,1982,5.3076
GT,1983,5.5485
GT,1984,5.7376
GT,1985,6.8097
GT,1986,9.3246
GT,1987,10.4737
GT,1988,11.6083
GT,1989,12.9302
GT,1990,18.2602
GT,1991,24.3165
GT,1992,26.7593
GT,1993,29.9222
GT,1994,33.1703
GT,1995,35.9604
GT,1996,39.9365
GT,1997,43.6238
GT,1998,46.5089
GT,1999,48.9337
GT,2000,51.8587
GT,2001,55.6371
GT,2002,60.1618
GT,2003,63.533
GT,2004,68.3479
GT,2005,74.5735
GT,2006,79.4661
GT,2007,84.887
GT,2008,94.5266
GT,2009,96.2839
GT,2010,100.0
GT,2011,106.2141
GT,2012,110.2309
GT,2013,115.0187
GT,2014,118.9504
GT,2015,121.7918
GT,2016,127.2097
GT,2017,132.8381
GT,2018,137.822
GT,2019,142.9214
GT,2020,147.5155
GT,2021,153.8012
GT,2022,164.3906
GT,2023,174.5937
GT,2024,179.6044
GW,1987,1.1886
GW,1988,1.9051
GW,1989,3.4441
GW,1990,4.5807
GW,1991,7.219
GW,1992,12.2423
GW,1993,18.1318
GW,1994,20.8835
GW,1995,30.3574
GW,1996,45.759
GW,1997,68.227
GW,1998,73.6946
GW,1999,72.1571
GW,2000,78.3888
GW,2001,81.0134
GW,2002,83.6869
GW,2003,80.7557
GW,2004,81.469
GW,2005,84.1813
GW,2006,85.8268
GW,2007,89.7898
GW,2008,99.1819
GW,2009,97.544
GW,2010,100.0
GW,2011,105.0461
GW,2012,107.2842
GW,2013,108.5792
GW,2014,106.9405
GW,2015,108.5197
GW,2016,110.1509
GW,2017,112.0137
GW,2018,112.4408
GW,2019,112.7181
GW,2020,114.0031
GW,2021,116.5596
GW,2022,127.5054
GW,2023,136.5611
GW,2024,141.7034
GY,1994,37.9868
GY,1995,42.6252
GY,1996,45.6493
GY,1997,47.2725
GY,1998,49.4406
GY,1999,53.1675
GY,2000,56.4366
GY,2001,57.9194
GY,2002,61.0129
GY,2003,64.662
GY,2004,67.6808
GY,2005,72.368
GY,2006,77.2002
GY,2007,86.6187
GY,2008,93.6366
GY,2009,96.401
GY,2010,100.0
GY,2011,104.9777
GY,2012,107.4887
GY,2013,109.5324
GY,2014,110.4663
GY,2015,109.3597
GY,2016,110.274
GY,2017,112.3743
GY,2018,113.8159
GY,2019,116.1915
GY,2020,117.3456
GY,2021,123.2515
GY,2022,130.7884
GY,2023,134.4781
GY,2024,138.3832
HK,1981,28.9891
HK,1982,32.1693
HK,1983,35.3496
HK,1984,38.4075
HK,1985,39.753
HK,1986,41.0985
HK,1987,43.4225
HK,1988,46.8474
HK,1989,51.6177
HK,1990,56.9997
HK,1991,63.3601
HK,1992,69.476
HK,1993,75.5918
HK,1994,82.1969
HK,1995,89.6582
HK,1996,95.2848
HK,1997,100.7891
HK,1998,103.7247
HK,1999,99.5659
HK,2000,95.8964
HK,2001,94.3063
HK,2002,91.493
HK,2003,89.0467
HK,2004,88.802
HK,2005,89.5359
HK,2006,91.3269
HK,2007,93.1854
HK,2008,97.1953
HK,2009,97.7585
HK,2010,100.0
HK,2011,105.3052
HK,2012,109.5742
HK,2013,114.3276
HK,2014,119.385
HK,2015,122.9556
HK,2016,125.918
HK,2017,127.7991
HK,2018,130.8741
HK,2019,134.6474
HK,2020,134.9854
HK,2021,137.103
HK,2022,139.6824
HK,2023,142.6109
HK,2024,145.0777
HN,1960,1.5619
HN,1961,1.5863
HN,1962,1.6037
HN,1963,1.6531
HN,1964,1.727
HN,1965,1.782
HN,1966,1.8138
HN,1967,1.8518
HN,1968,1.8862
HN,1969,1.91
HN,1970,1.965
HN,1971,2.0087
HN,1972,2.0812
HN,1973,2.1893
HN,1974,2.4706
HN,1975,2.6776
HN,1976,2.8084
HN,1977,3.0452
HN,1978,3.2203
HN,1979,3.6111
HN,1980,4.2633
HN,1981,4.6643
HN,1982,5.0833
HN,1983,5.5028
HN,1984,5.7628
HN,1985,5.9566
HN,1986,6.2159
HN,1987,6.3705
HN,1988,6.6566
HN,1989,7.3123
HN,1990,9.0177
HN,1991,12.0813
HN,1992,13.1396
HN,1993,14.5519
HN,1994,17.714
HN,1995,22.9333
HN,1996,28.4001
HN,1997,34.1369
HN,1998,38.8027
HN,1999,43.3286
HN,2000,48.1155
HN,2001,52.7703
HN,2002,56.8286
HN,2003,61.1897
HN,2004,66.1545
HN,2005,71.9821
HN,2006,75.9971
HN,2007,81.2684
HN,2008,90.5358
HN,2009,95.512
HN,2010,100.0
HN,2011,106.7623
HN,2012,112.3098
HN,2013,118.1072
HN,2014,125.3462
HN,2015,129.3045
HN,2016,132.8275
HN,2017,138.0534
HN,2018,144.0551
HN,2019,150.3444
HN,2020,155.5589
HN,2021,162.5293
HN,2022,177.3027
HN,2023,189.1168
HN,2024,197.8279
HR,1985,0.0001
HR,1986,0.0002
HR,1987,0.0004
HR,1988,0.0012
HR,1989,0.0181
HR,1990,0.1085
HR,1991,0.2411
HR,1992,1.7478
HR,1993,27.9653
HR,1994,57.9797
HR,1995,60.27
HR,1996,62.8616
HR,1997,65.4833
HR,1998,69.6721
HR,1999,72.4723
HR,2000,75.8142
HR,2001,78.6775
HR,2002,79.9928
HR,2003,81.4066
HR,2004,83.0798
HR,2005,85.8357
HR,2006,88.5737
HR,2007,91.1417
HR,2008,96.6804
HR,2009,98.98
HR,2010,100.0
HR,2011,102.2727
HR,2012,105.7623
HR,2013,108.1067
HR,2014,107.874
HR,2015,107.3729
HR,2016,106.165
HR,2017,107.364
HR,2018,108.9746
HR,2019,109.8157
HR,2020,109.9857
HR,2021,112.7953
HR,2022,124.9553
HR,2023,134.8783
HR,2024,138.8869
HT,1960,0.853
HT,1961,0.8852
HT,1962,0.8803
HT,1963,0.9182
HT,1964,1.0023
HT,1965,1.025
HT,1966,1.1101
HT,1967,1.0775
HT,1968,1.0917
HT,1969,1.1072
HT,1970,1.1223
HT,1971,1.2298
HT,1972,1.269
HT,1973,1.5576
HT,1974,1.7905
HT,1975,2.0908
HT,1976,2.238
HT,1977,2.3833
HT,1978,2.3195
HT,1979,2.6233
HT,1980,3.0896
HT,1981,3.4251
HT,1982,3.6772
HT,1983,4.0538
HT,1984,4.3134
HT,1985,4.7727
HT,1986,4.9292
HT,1987,4.3649
HT,1988,4.5441
HT,1989,4.8587
HT,1990,5.8924
HT,1991,6.801
HT,1992,8.1176
HT,1993,10.529
HT,1994,14.6703
HT,1995,18.7205
HT,1996,22.5738
HT,1997,27.2148
HT,1998,28.6487
HT,1999,29.5094
HT,2000,32.2636
HT,2001,36.5601
HT,2002,39.1313
HT,2003,50.3618
HT,2004,60.9538
HT,2005,69.4709
HT,2006,77.3525
HT,2007,82.4247
HT,2008,95.0207
HT,2009,95.395
HT,2010,100.0
HT,2011,106.3328
HT,2012,111.6686
HT,2013,116.9897
HT,2014,121.012
HT,2015,129.1583
HT,2016,144.0152
HT,2017,159.3962
HT,2018,179.2911
HT,2019,212.8253
HT,2020,261.3416
HT,2021,305.3555
HT,2022,409.1274
HT,2023,559.7415
HT,2024,710.5866
HU,1972,2.2356
HU,1973,2.3114
HU,1974,2.3529
HU,1975,2.4433
HU,1976,2.5711
HU,1977,2.6716
HU,1978,2.7968
HU,1979,3.0478
HU,1980,3.3309
HU,1981,3.4861
HU,1982,3.7244
HU,1983,3.9956
HU,1984,4.3339
HU,1985,4.6348
HU,1986,4.88
HU,1987,5.3034
HU,1988,6.1372
HU,1989,7.1897
HU,1990,9.2294
HU,1991,12.4429
HU,1992,15.3863
HU,1993,18.8427
HU,1994,22.398
HU,1995,28.7378
HU,1996,35.4823
HU,1997,41.9774
HU,1998,47.9188
HU,1999,52.7096
HU,2000,57.877
HU,2001,63.1536
HU,2002,66.4789
HU,2003,69.5775
HU,2004,74.27
HU,2005,76.9151
HU,2006,79.9382
HU,2007,86.3002
HU,2008,91.5149
HU,2009,95.3693
HU,2010,100.0
HU,2011,103.9299
HU,2012,109.8042
HU,2013,111.7073
HU,2014,111.4531
HU,2015,111.3844
HU,2016,111.8241
HU,2017,114.45
HU,2018,117.7121
HU,2019,121.642
HU,2020,125.6888
HU,2021,132.1127
HU,2022,151.4119
HU,2023,177.3411
HU,2024,183.9093
ID,1960,0.0003
ID,1961,0.0003
ID,1962,0.0007
ID,1963,0.0018
ID,1964,0.0038
ID,1965,0.0153
ID,1966,0.1888
ID,1967,0.3889
ID,1968,0.89
ID,1969,1.0278
ID,1970,1.1553
ID,1971,1.2042
ID,1972,1.2827
ID,1973,1.6809
ID,1974,2.3615
ID,1975,2.8141
ID,1976,3.3721
ID,1977,3.7448
ID,1978,4.0486
ID,1979,4.7057
ID,1980,5.5544
ID,1981,6.2357
ID,1982,6.8247
ID,1983,7.63
ID,1984,8.4278
ID,1985,8.8259
ID,1986,9.3398
ID,1987,10.2065
ID,1988,11.0276
ID,1989,11.7351
ID,1990,12.6527
ID,1991,13.8444
ID,1992,14.886
ID,1993,16.3258
ID,1994,17.7187
ID,1995,19.3879
ID,1996,20.9337
ID,1997,22.2371
ID,1998,35.2349
ID,1999,42.4502
ID,2000,44.016
ID,2001,49.0779
ID,2002,54.9183
ID,2003,58.6293
ID,2004,62.1846
ID,2005,68.6849
ID,2006,77.6885
ID,2007,82.6657
ID,2008,91.1196
ID,2009,95.1165
ID,2010,100.0
ID,2011,105.356
ID,2012,109.8648
ID,2013,116.9098
ID,2014,124.3861
ID,2015,132.301
ID,2016,136.9657
ID,2017,142.1824
ID,2018,146.7299
ID,2019,151.1767
ID,2020,154.079
ID,2021,156.4828
ID,2022,163.0699
ID,2023,169.0535
ID,2024,172.7414
IE,1960,5.0732
IE,1961,5.213
IE,1962,5.4353
IE,1963,5.5687
IE,1964,5.9427
IE,1965,6.2392
IE,1966,6.4297
IE,1967,6.6344
IE,1968,6.9449
IE,1969,7.4602
IE,1970,8.0724
IE,1971,8.7959
IE,1972,9.5528
IE,1973,10.6433
IE,1974,12.4501
IE,1975,15.0491
IE,1976,17.7558
IE,1977,20.1479
IE,1978,21.7016
IE,1979,24.5869
IE,1980,29.0505
IE,1981,34.9691
IE,1982,40.9653
IE,1983,45.2452
IE,1984,49.1594
IE,1985,51.8118
IE,1986,53.7947
IE,1987,55.4943
IE,1988,56.6788
IE,1989,58.9965
IE,1990,60.9536
IE,1991,62.9107
IE,1992,64.842
IE,1993,65.7948
IE,1994,67.3142
IE,1995,69.0138
IE,1996,70.2255
IE,1997,71.3082
IE,1998,73.0251
IE,1999,74.2153
IE,2000,78.3548
IE,2001,82.1572
IE,2002,85.9596
IE,2003,88.9614
IE,2004,90.8995
IE,2005,93.1325
IE,2006,96.798
IE,2007,101.5273
IE,2008,105.6246
IE,2009,100.9269
IE,2010,100.0
IE,2011,102.549
IE,2012,104.2869
IE,2013,104.8241
IE,2014,105.0242
IE,2015,104.6766
IE,2016,104.6977
IE,2017,105.0769
IE,2018,105.5719
IE,2019,106.562
IE,2020,106.2145
IE,2021,108.7002
IE,2022,117.2109
IE,2023,124.5945
IE,2024,127.2277
IL,1960,0.0009
IL,1961,0.001
IL,1962,0.001
IL,1963,0.0011
IL,1964,0.0012
IL,1965,0.0013
IL,1966,0.0014
IL,1967,0.0014
IL,1968,0.0014
IL,1969,0.0014
IL,1970,0.0015
IL,1971,0.0017
IL,1972,0.0019
IL,1973,0.0023
IL,1974,0.0033
IL,1975,0.0045
IL,1976,0.006
IL,1977,0.008
IL,1978,0.0121
IL,1979,0.0215
IL,1980,0.0497
IL,1981,0.1078
IL,1982,0.2376
IL,1983,0.5844
IL,1984,2.7657
IL,1985,11.2607
IL,1986,16.6259
IL,1987,19.798
IL,1988,23.0416
IL,1989,27.7234
IL,1990,32.5071
IL,1991,38.7189
IL,1992,43.3905
IL,1993,48.113
IL,1994,54.0086
IL,1995,59.3737
IL,1996,66.1771
IL,1997,72.1032
IL,1998,76.0608
IL,1999,80.0082
IL,2000,80.8344
IL,2001,81.7421
IL,2002,86.4851
IL,2003,87.0971
IL,2004,86.7299
IL,2005,87.8927
IL,2006,89.6981
IL,2007,90.1163
IL,2008,94.1962
IL,2009,97.3684
IL,2010,100.0
IL,2011,103.4884
IL,2012,105.2224
IL,2013,106.8951
IL,2014,107.3949
IL,2015,106.7319
IL,2016,106.1608
IL,2017,106.4259
IL,2018,107.2827
IL,2019,108.1599
IL,2020,107.5377
IL,2021,109.1289
IL,2022,113.9433
IL,2023,118.7576
IL,2024,122.4092
IN,1960,2.5275
IN,1961,2.5703
IN,1962,2.6637
IN,1963,2.7422
IN,1964,3.1084
IN,1965,3.4029
IN,1966,3.7705
IN,1967,4.263
IN,1968,4.401
IN,1969,4.3753
IN,1970,4.5981
IN,1971,4.7397
IN,1972,5.0451
IN,1973,5.8997
IN,1974,7.587
IN,1975,8.0231
IN,1976,7.4106
IN,1977,8.0263
IN,1978,8.2288
IN,1979,8.7452
IN,1980,9.7374
IN,1981,11.0142
IN,1982,11.8833
IN,1983,13.2937
IN,1984,14.3995
IN,1985,15.1996
IN,1986,16.5265
IN,1987,17.9811
IN,1988,19.6683
IN,1989,21.0597
IN,1990,22.949
IN,1991,26.1321
IN,1992,29.2125
IN,1993,31.0607
IN,1994,34.2438
IN,1995,37.7452
IN,1996,41.1337
IN,1997,44.0806
IN,1998,49.9128
IN,1999,52.2436
IN,2000,54.3383
IN,2001,56.3919
IN,2002,58.8152
IN,2003,61.0536
IN,2004,63.3536
IN,2005,66.0439
IN,2006,69.8721
IN,2007,74.325
IN,2008,80.5306
IN,2009,89.2942
IN,2010,100.0
IN,2011,108.9118
IN,2012,119.2355
IN,2013,131.1804
IN,2014,139.9244
IN,2015,146.7905
IN,2016,154.054
IN,2017,159.1812
IN,2018,165.4511
IN,2019,171.6216
IN,2020,182.9888
IN,2021,192.3787
IN,2022,205.2662
IN,2023,216.862
IN,2024,227.6033
IQ,1960,59.0599
IQ,1961,59.601
IQ,1962,60.3713
IQ,1963,62.7589
IQ,1964,62.7023
IQ,1965,62.4167
IQ,1966,63.6545
IQ,1967,65.7494
IQ,1968,67.1936
IQ,1969,71.05
IQ,1970,74.1446
IQ,1971,76.8108
IQ,1972,80.7941
IQ,1973,84.7458
IQ,1974,91.2712
IQ,1975,99.9576
IQ,1976,112.7754
IQ,1977,123.1144
IQ,1978,128.7924
IQ,1990,0.0306
IQ,1991,0.0859
IQ,1992,0.1577
IQ,1993,0.4852
IQ,1994,2.6613
IQ,1995,12.9689
IQ,1996,10.8787
IQ,1997,13.3876
IQ,1998,15.3648
IQ,1999,17.2974
IQ,2000,18.1586
IQ,2001,21.1319
IQ,2002,25.2139
IQ,2003,33.6898
IQ,2004,42.7732
IQ,2005,58.582
IQ,2006,89.7657
IQ,2007,80.7286
IQ,2008,90.9511
IQ,2009,97.2028
IQ,2010,100.0
IQ,2011,105.8015
IQ,2012,112.2438
IQ,2013,114.3534
IQ,2014,116.9103
IQ,2015,118.5393
IQ,2016,119.199
IQ,2017,119.4184
IQ,2018,119.8572
IQ,2019,119.6187
IQ,2020,120.3055
IQ,2021,127.5742
IQ,2022,133.9462
IQ,2023,139.7841
IQ,2024,122.5949
IR,1960,0.1414
IR,1961,0.1459
IR,1962,0.147
IR,1963,0.1475
IR,1964,0.1531
IR,1965,0.1564
IR,1966,0.1558
IR,1967,0.1583
IR,1968,0.1594
IR,1969,0.1651
IR,1970,0.1679
IR,1971,0.1749
IR,1972,0.1861
IR,1973,0.2044
IR,1974,0.2335
IR,1975,0.2636
IR,1976,0.2933
IR,1977,0.3733
IR,1978,0.4171
IR,1979,0.4608
IR,1980,0.5559
IR,1981,0.6905
IR,1982,0.8195
IR,1983,0.9813
IR,1984,1.1044
IR,1985,1.1528
IR,1986,1.3653
IR,1987,1.7554
IR,1988,2.2586
IR,1989,2.7634
IR,1990,2.9742
IR,1991,3.4837
IR,1992,4.3827
IR,1993,5.312
IR,1994,6.9824
IR,1995,10.4496
IR,1996,13.4734
IR,1997,15.811
IR,1998,18.6358
IR,1999,22.3761
IR,2000,25.6155
IR,2001,28.5034
IR,2002,32.5896
IR,2003,37.9565
IR,2004,43.5594
IR,2005,49.4108
IR,2006,54.3598
IR,2007,63.7863
IR,2008,79.9948
IR,2009,90.8353
IR,2010,100.0
IR,2011,126.2934
IR,2012,160.7169
IR,2013,219.5442
IR,2014,256.0029
IR,2015,287.9641
IR,2016,308.8283
IR,2017,333.6733
IR,2018,393.7816
IR,2019,550.9294
IR,2020,719.4815
IR,2021,1031.6575
IR,2022,1480.3095
IR,2023,2140.2194
IR,2024,2834.8463
IS,1960,0.0415
IS,1961,0.0435
IS,1962,0.0483
IS,1963,0.0545
IS,1964,0.065
IS,1965,0.0698
IS,1966,0.0772
IS,1967,0.0798
IS,1968,0.0919
IS,1969,0.1119
IS,1970,0.1269
IS,1971,0.1355
IS,1972,0.1488
IS,1973,0.1805
IS,1974,0.2573
IS,1975,0.3843
IS,1976,0.5074
IS,1977,0.6612
IS,1978,0.9504
IS,1979,1.3728
IS,1980,2.1763
IS,1981,3.3035
IS,1982,4.9633
IS,1983,9.1301
IS,1984,11.9469
IS,1985,15.7693
IS,1986,19.2588
IS,1987,22.7827
IS,1988,28.6436
IS,1989,34.5895
IS,1990,39.9546
IS,1991,42.675
IS,1992,44.3597
IS,1993,46.1531
IS,1994,46.8697
IS,1995,47.6437
IS,1996,48.7206
IS,1997,49.6051
IS,1998,50.4282
IS,1999,52.0579
IS,2000,54.7319
IS,2001,58.2375
IS,2002,61.2641
IS,2003,62.5235
IS,2004,64.4981
IS,2005,67.0697
IS,2006,71.5547
IS,2007,75.1693
IS,2008,84.7116
IS,2009,94.8796
IS,2010,100.0
IS,2011,104.001
IS,2012,109.3944
IS,2013,113.6305
IS,2014,115.9538
IS,2015,117.8474
IS,2016,119.8472
IS,2017,121.957
IS,2018,125.229
IS,2019,129.0033
IS,2020,132.6772
IS,2021,138.5737
IS,2022,150.0875
IS,2023,163.1996
IS,2024,172.7579
IT,1960,4.1478
IT,1961,4.2329
IT,1962,4.4315
IT,1963,4.7618
IT,1964,5.0434
IT,1965,5.2713
IT,1966,5.395
IT,1967,5.5964
IT,1968,5.6679
IT,1969,5.8185
IT,1970,6.1076
IT,1971,6.4002
IT,1972,6.7682
IT,1973,7.4991
IT,1974,8.9359
IT,1975,10.4505
IT,1976,12.1868
IT,1977,14.2744
IT,1978,16.0008
IT,1979,18.3687
IT,1980,22.2379
IT,1981,26.2338
IT,1982,30.5573
IT,1983,35.0329
IT,1984,38.8145
IT,1985,42.3878
IT,1986,44.8562
IT,1987,46.9857
IT,1988,49.3623
IT,1989,52.4523
IT,1990,55.839
IT,1991,59.3289
IT,1992,62.4559
IT,1993,65.3456
IT,1994,67.9933
IT,1995,71.553
IT,1996,74.4201
IT,1997,75.9406
IT,1998,77.4253
IT,1999,78.7133
IT,2000,80.7108
IT,2001,82.9587
IT,2002,85.0039
IT,2003,87.2757
IT,2004,89.2016
IT,2005,90.9725
IT,2006,92.8746
IT,2007,94.574
IT,2008,97.7401
IT,2009,98.4974
IT,2010,100.0
IT,2011,102.7806
IT,2012,105.9066
IT,2013,107.1986
IT,2014,107.457
IT,2015,107.4987
IT,2016,107.3976
IT,2017,108.7149
IT,2018,109.9515
IT,2019,110.6236
IT,2020,110.4713
IT,2021,112.5413
IT,2022,121.7711
IT,2023,128.6173
IT,2024,129.8808
JM,1960,0.1131
JM,1961,0.1207
JM,1962,0.1224
JM,1963,0.1245
JM,1964,0.1271
JM,1965,0.1304
JM,1966,0.1329
JM,1967,0.1369
JM,1968,0.145
JM,1969,0.1542
JM,1970,0.1769
JM,1971,0.1863
JM,1972,0.1964
JM,1973,0.2311
JM,1974,0.2939
JM,1975,0.345
JM,1976,0.3788
JM,1977,0.4212
JM,1978,0.5681
JM,1979,0.7334
JM,1980,0.9336
JM,1981,1.0526
JM,1982,1.1215
JM,1983,1.2514
JM,1984,1.5994
JM,1985,2.01
JM,1986,2.3137
JM,1987,2.4676
JM,1988,2.6716
JM,1989,3.0544
JM,1990,3.7251
JM,1991,5.6276
JM,1992,9.9775
JM,1993,12.1795
JM,1994,16.4501
JM,1995,19.7251
JM,1996,24.9339
JM,1997,27.3418
JM,1998,29.702
JM,1999,31.4705
JM,2000,34.042
JM,2001,36.3575
JM,2002,38.9303
JM,2003,42.8571
JM,2004,48.6662
JM,2005,55.9919
JM,2006,60.7854
JM,2007,66.4049
JM,2008,81.0291
JM,2009,88.8016
JM,2010,100.0
JM,2011,107.5559
JM,2012,114.9492
JM,2013,125.6872
JM,2014,136.0867
JM,2015,141.1104
JM,2016,144.4279
JM,2017,150.7515
JM,2018,156.3846
JM,2019,162.4915
JM,2020,170.9846
JM,2021,181.0091
JM,2022,199.7427
JM,2023,212.6743
JM,2024,224.1842
JO,1969,7.6639
JO,1970,8.1161
JO,1971,8.5069
JO,1972,9.1584
JO,1973,10.1777
JO,1974,12.1549
JO,1975,13.6111
JO,1976,15.1764
JO,1977,17.387
JO,1978,18.5905
JO,1979,21.239
JO,1980,23.5989
JO,1981,25.416
JO,1982,27.3039
JO,1983,28.6746
JO,1984,29.7778
JO,1985,30.6667
JO,1986,30.6667
JO,1987,30.6054
JO,1988,32.6294
JO,1989,41.0193
JO,1990,47.6612
JO,1991,51.5482
JO,1992,53.608
JO,1993,55.386
JO,1994,57.3337
JO,1995,58.6829
JO,1996,62.498
JO,1997,64.3966
JO,1998,66.3875
JO,1999,66.79
JO,2000,67.2354
JO,2001,68.4269
JO,2002,69.6812
JO,2003,70.817
JO,2004,73.1978
JO,2005,75.7551
JO,2006,80.4911
JO,2007,84.3095
JO,2008,96.0886
JO,2009,95.3784
JO,2010,100.0
JO,2011,104.1624
JO,2012,108.8656
JO,2013,114.118
JO,2014,117.4268
JO,2015,116.3971
JO,2016,115.4911
JO,2017,119.3299
JO,2018,124.6547
JO,2019,125.604
JO,2020,126.0226
JO,2021,127.719
JO,2022,133.1205
JO,2023,135.8958
JO,2024,138.0112
JP,1960,18.9726
JP,1961,19.9911
JP,1962,21.3576
JP,1963,22.79
JP,1964,23.6561
JP,1965,25.2307
JP,1966,26.5025
JP,1967,27.5599
JP,1968,29.0315
JP,1969,30.5556
JP,1970,32.6713
JP,1971,34.7607
JP,1972,36.4444
JP,1973,40.6751
JP,1974,50.1207
JP,1975,56.0005
JP,1976,61.25
JP,1977,66.2491
JP,1978,69.0379
JP,1979,71.5936
JP,1980,77.1626
JP,1981,80.953
JP,1982,83.1719
JP,1983,84.7519
JP,1984,86.6687
JP,1985,88.43
JP,1986,88.9567
JP,1987,89.069
JP,1988,89.6734
JP,1989,91.711
JP,1990,94.5343
JP,1991,97.6081
JP,1992,99.3262
JP,1993,100.5609
JP,1994,101.2603
JP,1995,101.1308
JP,1996,101.2689
JP,1997,103.0389
JP,1998,103.721
JP,1999,103.367
JP,2000,102.6676
JP,2001,101.9078
JP,2002,100.9667
JP,2003,100.7077
JP,2004,100.699
JP,2005,100.4141
JP,2006,100.6645
JP,2007,100.725
JP,2008,102.115
JP,2009,100.7336
JP,2010,100.0
JP,2011,99.7275
JP,2012,99.6836
JP,2013,100.0176
JP,2014,102.7773
JP,2015,103.5947
JP,2016,103.4628
JP,2017,103.9638
JP,2018,104.9921
JP,2019,105.4843
JP,2020,105.4579
JP,2021,105.2118
JP,2022,107.8397
JP,2023,111.364
JP,2024,114.4138
KE,1960,0.7412
KE,1961,0.7595
KE,1962,0.7831
KE,1963,0.7886
KE,1964,0.7878
KE,1965,0.816
KE,1966,0.8569
KE,1967,0.872
KE,1968,0.8752
KE,1969,0.8737
KE,1970,0.8928
KE,1971,0.9266
KE,1972,0.9806
KE,1973,1.0716
KE,1974,1.2625
KE,1975,1.5039
KE,1976,1.676
KE,1977,1.9244
KE,1978,2.2503
KE,1979,2.4298
KE,1980,2.7666
KE,1981,3.0876
KE,1982,3.7257
KE,1983,4.1503
KE,1984,4.5771
KE,1985,5.1725
KE,1986,5.3035
KE,1987,5.7616
KE,1988,6.4683
KE,1989,7.3602
KE,1990,8.669
KE,1991,10.4101
KE,1992,13.2555
KE,1993,19.3502
KE,1994,24.9259
KE,1995,25.3133
KE,1996,27.5571
KE,1997,30.6881
KE,1998,32.7511
KE,1999,34.6316
KE,2000,38.0879
KE,2001,40.2736
KE,2002,41.0635
KE,2003,45.0941
KE,2004,50.3359
KE,2005,55.5269
KE,2006,63.5526
KE,2007,69.7547
KE,2008,88.0582
KE,2009,96.1896
KE,2010,100.0
KE,2011,114.0225
KE,2012,124.7153
KE,2013,131.8458
KE,2014,140.9144
KE,2015,150.1896
KE,2016,159.6474
KE,2017,172.4282
KE,2018,180.5148
KE,2019,189.9731
KE,2020,200.2415
KE,2021,212.4721
KE,2022,228.7472
KE,2023,246.2953
KE,2024,257.3534
KG,1995,16.7407
KG,1996,22.0889
KG,1997,27.2655
KG,1998,30.1167
KG,1999,41.2692
KG,2000,48.9869
KG,2001,52.3766
KG,2002,53.4945
KG,2003,55.0857
KG,2004,57.3501
KG,2005,59.8383
KG,2006,63.1606
KG,2007,69.622
KG,2008,86.6934
KG,2009,92.6203
KG,2010,100.0
KG,2011,116.6363
KG,2012,119.8653
KG,2013,127.7929
KG,2014,137.4212
KG,2015,146.3581
KG,2016,146.9272
KG,2017,151.5926
KG,2018,153.9312
KG,2019,155.6762
KG,2020,165.5233
KG,2021,185.2289
KG,2022,211.0182
KG,2023,233.7096
KG,2024,245.3895
KH,1994,44.8684
KH,1995,44.5099
KH,1996,47.6928
KH,1997,51.4892
KH,1998,59.113
KH,1999,61.4823
KH,2000,60.9954
KH,2001,60.629
KH,2002,60.7572
KH,2003,61.3294
KH,2004,63.9784
KH,2005,68.2108
KH,2006,72.1743
KH,2007,78.4598
KH,2008,97.3662
KH,2009,96.1572
KH,2010,100.0
KH,2011,105.4784
KH,2012,108.5735
KH,2013,111.7673
KH,2014,116.0767
KH,2015,117.4974
KH,2016,121.0449
KH,2017,124.5705
KH,2018,127.6337
KH,2019,130.1131
KH,2020,133.9388
KH,2021,137.8508
KH,2022,145.2172
KH,2023,148.3066
KH,2024,149.505
KI,2006,80.4731
KI,2007,83.3641
KI,2008,94.7561
KI,2009,104.0578
KI,2010,100.0
KI,2011,101.4974
KI,2012,98.4059
KI,2013,96.9416
KI,2014,98.9812
KI,2015,99.5474
KI,2016,101.4561
KI,2017,101.8168
KI,2018,102.391
KI,2019,100.5346
KI,2020,103.1015
KI,2021,105.2188
KI,2022,110.8438
KI,2023,121.1335
KI,2024,124.1078
KM,2000,69.1445
KM,2001,72.9852
KM,2002,75.5638
KM,2003,78.4345
KM,2004,81.9444
KM,2005,84.4137
KM,2006,87.2621
KM,2007,91.1594
KM,2008,92.7098
KM,2009,96.7541
KM,2010,100.0
KM,2011,101.8427
KM,2012,108.2738
KM,2013,103.6235
KM,2014,111.4446
KM,2015,111.314
KM,2016,112.2018
KM,2017,111.9354
KM,2018,114.3438
KM,2019,118.4397
KM,2020,119.3714
KM,2021,119.3661
KM,2022,134.3252
KM,2023,145.5732
KM,2024,152.9274
KN,1979,31.6546
KN,1980,37.2691
KN,1981,41.1735
KN,1982,43.614
KN,1983,44.6134
KN,1984,45.8246
KN,1985,47.025
KN,1986,47.0219
KN,1987,47.4747
KN,1988,47.5851
KN,1989,50.0452
KN,1990,52.0525
KN,1991,54.3031
KN,1992,55.8554
KN,1993,56.8579
KN,1994,57.6779
KN,1995,59.3833
KN,1996,60.6224
KN,1997,66.021
KN,1998,68.2963
KN,1999,70.5931
KN,2000,72.1101
KN,2001,73.7711
KN,2002,75.2768
KN,2003,76.9596
KN,2004,78.7408
KN,2005,81.4006
KN,2006,88.3094
KN,2007,92.2665
KN,2008,97.1569
KN,2009,99.1563
KN,2010,100.0
KN,2011,105.8352
KN,2012,106.6989
KN,2013,107.88
KN,2014,108.1474
KN,2015,105.658
KN,2016,104.9321
KN,2017,105.6613
KN,2018,104.5654
KN,2019,104.2208
KN,2020,103.0043
KN,2021,104.2359
KN,2022,107.0171
KN,2023,110.8238
KR,1960,1.477
KR,1961,1.598
KR,1962,1.7038
KR,1963,2.0563
KR,1964,2.6621
KR,1965,3.0228
KR,1966,3.3632
KR,1967,3.7292
KR,1968,4.1309
KR,1969,4.6427
KR,1970,5.3833
KR,1971,6.1106
KR,1972,6.8249
KR,1973,7.0447
KR,1974,8.7569
KR,1975,10.968
KR,1976,12.6491
KR,1977,13.9262
KR,1978,15.94
KR,1979,18.8607
KR,1980,24.2733
KR,1981,29.456
KR,1982,31.5742
KR,1983,32.6542
KR,1984,33.3967
KR,1985,34.218
KR,1986,35.159
KR,1987,36.2312
KR,1988,38.8203
KR,1989,41.0332
KR,1990,44.551
KR,1991,48.7089
KR,1992,51.7353
KR,1993,54.2191
KR,1994,57.6164
KR,1995,60.1981
KR,1996,63.1625
KR,1997,65.9663
KR,1998,70.9227
KR,1999,71.4993
KR,2000,73.1146
KR,2001,76.0878
KR,2002,78.1896
KR,2003,80.9378
KR,2004,83.844
KR,2005,86.1529
KR,2006,88.0848
KR,2007,90.3173
KR,2008,94.5387
KR,2009,97.1446
KR,2010,100.0
KR,2011,104.026
KR,2012,106.3011
KR,2013,107.6844
KR,2014,109.0572
KR,2015,109.8275
KR,2016,110.8947
KR,2017,113.0508
KR,2018,114.7193
KR,2019,115.1586
KR,2020,115.7774
KR,2021,118.6699
KR,2022,124.7096
KR,2023,129.196
KR,2024,132.1956
KW,1972,20.0611
KW,1973,21.7194
KW,1974,24.5414
KW,1975,26.601
KW,1976,27.9935
KW,1977,30.762
KW,1978,33.4351
KW,1979,35.7923
KW,1980,38.272
KW,1981,41.0945
KW,1982,44.2904
KW,1983,46.3801
KW,1984,46.9262
KW,1985,47.6255
KW,1986,48.0797
KW,1987,48.3945
KW,1988,49.105
KW,1989,50.7461
KW,1990,55.7363
KW,1991,60.785
KW,1992,60.4534
KW,1993,60.6847
KW,1994,62.2227
KW,1995,63.8945
KW,1996,66.1653
KW,1997,66.6166
KW,1998,66.703
KW,1999,68.698
KW,2000,69.9434
KW,2001,70.8527
KW,2002,71.4822
KW,2003,72.1694
KW,2004,73.0705
KW,2005,76.0978
KW,2006,78.4241
KW,2007,82.7256
KW,2008,91.4802
KW,2009,95.6971
KW,2010,100.0
KW,2011,104.8394
KW,2012,108.2521
KW,2013,111.1557
KW,2014,114.3892
KW,2015,118.1316
KW,2016,121.91
KW,2017,124.5576
KW,2018,125.2341
KW,2019,126.6015
KW,2020,129.2623
KW,2021,133.6878
KW,2022,139.0094
KW,2023,144.0724
KW,2024,148.2484
KY,2009,99.7246
KY,2010,100.0
KY,2011,101.3254
KY,2012,102.5301
KY,2013,104.7454
KY,2014,106.0799
KY,2015,103.5896
KY,2016,102.9419
KZ,1993,0.3737
KZ,1994,7.3887
KZ,1995,20.4043
KZ,1996,28.3993
KZ,1997,33.343
KZ,1998,35.7258
KZ,1999,38.6897
KZ,2000,43.7893
KZ,2001,47.4475
KZ,2002,50.217
KZ,2003,53.4501
KZ,2004,57.1285
KZ,2005,61.4589
KZ,2006,66.8191
KZ,2007,74.0669
KZ,2008,86.7619
KZ,2009,93.1095
KZ,2010,100.0
KZ,2011,108.4529
KZ,2012,114.0878
KZ,2013,120.8678
KZ,2014,129.1466
KZ,2015,137.7714
KZ,2016,157.5569
KZ,2017,169.2833
KZ,2018,179.7173
KZ,2019,189.3027
KZ,2020,202.0203
KZ,2021,218.2657
KZ,2022,251.0664
KZ,2023,287.5402
KZ,2024,312.5298
LA,1988,1.6771
LA,1989,2.7057
LA,1990,3.6702
LA,1991,4.1635
LA,1992,4.5742
LA,1993,4.8609
LA,1994,5.1907
LA,1995,6.2077
LA,1996,7.0162
LA,1997,8.9463
LA,1998,17.0857
LA,1999,38.4894
LA,2000,48.1443
LA,2001,51.9052
LA,2002,57.4235
LA,2003,66.318
LA,2004,73.2564
LA,2005,78.5055
LA,2006,83.6441
LA,2007,87.5436
LA,2008,94.2221
LA,2009,94.3552
LA,2010,100.0
LA,2011,107.569
LA,2012,112.1462
LA,2013,119.2915
LA,2014,124.2173
LA,2015,125.804
LA,2016,127.813
LA,2017,128.8681
LA,2018,131.4975
LA,2019,135.8666
LA,2020,142.8013
LA,2021,148.1644
LA,2022,182.1773
LA,2023,239.0715
LA,2024,294.3702
LB,2008,95.0334
LB,2009,96.1691
LB,2010,100.0
LB,2011,104.9715
LB,2012,111.8802
LB,2013,117.2739
LB,2014,119.4489
LB,2015,114.9706
LB,2016,114.0699
LB,2017,118.9993
LB,2018,126.2309
LB,2019,130.0246
LB,2020,240.3691
LB,2021,612.355
LB,2022,1660.7404
LB,2023,5336.6506
LB,2024,7751.1137
LC,1965,8.2009
LC,1966,8.4042
LC,1967,8.6738
LC,1968,9.0181
LC,1969,9.2214
LC,1970,10.4569
LC,1971,11.3344
LC,1972,12.2276
LC,1973,13.8711
LC,1974,18.6178
LC,1975,21.9212
LC,1976,24.0408
LC,1977,26.1721
LC,1978,29.019
LC,1979,31.7439
LC,1980,37.9269
LC,1981,43.6633
LC,1982,45.678
LC,1983,46.3508
LC,1984,46.9096
LC,1985,47.5772
LC,1986,48.6193
LC,1987,52.0332
LC,1988,52.4648
LC,1989,54.7589
LC,1990,57.0957
LC,1991,60.6069
LC,1992,63.7214
LC,1993,64.2619
LC,1994,66.0714
LC,1995,69.791
LC,1996,70.4365
LC,1997,70.4326
LC,1998,72.6878
LC,1999,75.2346
LC,2000,78.0264
LC,2001,82.1675
LC,2002,81.9575
LC,2003,82.8052
LC,2004,84.0144
LC,2005,87.2895
LC,2006,89.3806
LC,2007,91.904
LC,2008,97.0042
LC,2009,96.852
LC,2010,100.0
LC,2011,102.7694
LC,2012,107.0627
LC,2013,108.635
LC,2014,112.4557
LC,2015,111.3496
LC,2016,107.922
LC,2017,108.0345
LC,2018,110.1256
LC,2019,110.7193
LC,2020,108.7753
LC,2021,111.3975
LC,2022,118.5026
LC,2023,123.3264
LC,2024,123.1904
LK,1960,1.4877
LK,1961,1.5045
LK,1962,1.5272
LK,1963,1.5619
LK,1964,1.6118
LK,1965,1.6154
LK,1966,1.6129
LK,1967,1.6482
LK,1968,1.7448
LK,1969,1.8749
LK,1970,1.9849
LK,1971,2.0378
LK,1972,2.1672
LK,1973,2.3758
LK,1974,2.6681
LK,1975,2.8449
LK,1976,2.8827
LK,1977,2.918
LK,1978,3.2723
LK,1979,3.6235
LK,1980,4.5709
LK,1981,5.3922
LK,1982,5.9759
LK,1983,6.8104
LK,1984,7.9436
LK,1985,8.0612
LK,1986,8.7042
LK,1987,9.3759
LK,1988,10.6878
LK,1989,11.9241
LK,1990,14.4872
LK,1991,16.2526
LK,1992,18.1027
LK,1993,20.2291
LK,1994,21.9382
LK,1995,23.622
LK,1996,27.3863
LK,1997,30.0082
LK,1998,32.8182
LK,1999,34.358
LK,2000,36.48
LK,2001,41.645
LK,2002,45.6226
LK,2003,48.5035
LK,2004,52.1781
LK,2005,58.2514
LK,2006,64.0883
LK,2007,74.2413
LK,2008,90.9934
LK,2009,94.1463
LK,2010,100.0
LK,2011,106.7168
LK,2012,114.7663
LK,2013,122.6949
LK,2014,126.5954
LK,2015,131.3659
LK,2016,136.5666
LK,2017,147.0879
LK,2018,150.2282
LK,2019,155.5289
LK,2020,165.1
LK,2021,176.6815
LK,2022,264.5294
LK,2023,308.2857
LK,2024,306.962
LR,2001,41.0287
LR,2002,46.8382
LR,2003,51.6767
LR,2004,55.7225
LR,2005,61.7597
LR,2006,66.2937
LR,2007,73.8459
LR,2008,86.7611
LR,2009,93.2054
LR,2010,100.0
LR,2011,108.4882
LR,2012,115.8998
LR,2013,124.6819
LR,2014,136.977
LR,2015,147.5909
LR,2016,160.6294
LR,2017,180.579
LR,2018,223.1298
LR,2019,283.2996
LR,2020,331.3351
LR,2021,357.2309
LR,2022,384.3554
LR,2023,423.1539
LR,2024,457.9159
LS,1973,5.7292
LS,1974,6.4982
LS,1975,7.4217
LS,1976,8.2687
LS,1977,9.6486
LS,1978,10.9496
LS,1979,12.7019
LS,1980,14.7691
LS,1981,16.6024
LS,1982,18.6179
LS,1983,21.8747
LS,1984,24.2773
LS,1985,27.5113
LS,1986,32.4647
LS,1987,36.2794
LS,1988,40.4357
LS,1989,46.3911
LS,1990,51.7886
LS,1991,60.9439
LS,1992,71.4314
LS,1993,80.8144
LS,1994,87.4531
LS,1995,95.5607
LS,1996,104.4768
LS,1999,65.3431
LS,2000,69.3499
LS,2001,62.6811
LS,2002,83.8752
LS,2003,89.4354
LS,2004,93.9281
LS,2005,97.1573
LS,2006,103.0574
LS,2007,111.3148
LS,2008,123.2429
LS,2009,102.4645
LS,2010,100.0
LS,2011,105.0366
LS,2012,111.3929
LS,2013,116.8123
LS,2014,123.0854
LS,2015,127.0468
LS,2016,135.4275
LS,2017,141.4509
LS,2018,148.1724
LS,2019,155.8582
LS,2020,163.617
LS,2021,173.5121
LS,2022,187.8647
LS,2023,199.7795
LS,2024,211.9769
LT,1991,0.3729
LT,1992,4.1785
LT,1993,21.3293
LT,1994,36.7408
LT,1995,51.3076
LT,1996,63.9422
LT,1997,69.6209
LT,1998,73.149
LT,1999,73.6812
LT,2000,74.4045
LT,2001,75.4217
LT,2002,75.634
LT,2003,74.7761
LT,2004,75.6465
LT,2005,77.6576
LT,2006,80.5613
LT,2007,85.1832
LT,2008,94.4903
LT,2009,98.698
LT,2010,100.0
LT,2011,104.1303
LT,2012,107.3479
LT,2013,108.4723
LT,2014,108.5849
LT,2015,107.6249
LT,2016,108.5995
LT,2017,112.6425
LT,2018,115.6815
LT,2019,118.3821
LT,2020,119.8026
LT,2021,125.4136
LT,2022,150.1264
LT,2023,163.8139
LT,2024,164.9863
LU,1960,17.0891
LU,1961,17.1715
LU,1962,17.3253
LU,1963,17.8237
LU,1964,18.3756
LU,1965,18.9882
LU,1966,19.6208
LU,1967,20.0458
LU,1968,20.5721
LU,1969,21.0441
LU,1970,22.0204
LU,1971,23.0492
LU,1972,24.2537
LU,1973,25.7255
LU,1974,28.1798
LU,1975,31.2001
LU,1976,34.2568
LU,1977,36.5539
LU,1978,37.6852
LU,1979,39.3985
LU,1980,41.8806
LU,1981,45.2616
LU,1982,49.4967
LU,1983,53.7877
LU,1984,57.2494
LU,1985,59.593
LU,1986,59.7685
LU,1987,59.7347
LU,1988,60.5928
LU,1989,62.6354
LU,1990,64.6734
LU,1991,66.6901
LU,1992,68.7937
LU,1993,71.262
LU,1994,72.8261
LU,1995,74.1862
LU,1996,75.0645
LU,1997,76.091
LU,1998,76.8204
LU,1999,77.608
LU,2000,80.0532
LU,2001,82.1857
LU,2002,83.8903
LU,2003,85.6099
LU,2004,87.5153
LU,2005,89.6924
LU,2006,92.0839
LU,2007,94.2133
LU,2008,97.4183
LU,2009,97.7769
LU,2010,100.0
LU,2011,103.4107
LU,2012,106.1643
LU,2013,108.0053
LU,2014,108.6841
LU,2015,109.2001
LU,2016,109.5177
LU,2017,111.4132
LU,2018,113.1158
LU,2019,115.0878
LU,2020,116.0315
LU,2021,118.9635
LU,2022,126.501
LU,2023,131.234
LU,2024,133.9257
LV,1991,1.13
LV,1992,11.8841
LV,1993,24.8365
LV,1994,33.7589
LV,1995,42.1905
LV,1996,49.6204
LV,1997,53.812
LV,1998,56.3112
LV,1999,57.6428
LV,2000,59.1728
LV,2001,60.6445
LV,2002,61.8203
LV,2003,63.6395
LV,2004,67.5803
LV,2005,72.1409
LV,2006,76.8562
LV,2007,84.6132
LV,2008,97.6456
LV,2009,101.0965
LV,2010,100.0
LV,2011,104.3707
LV,2012,106.7272
LV,2013,106.6958
LV,2014,107.3578
LV,2015,107.5449
LV,2016,107.6961
LV,2017,110.852
LV,2018,113.6615
LV,2019,116.857
LV,2020,117.113
LV,2021,120.9494
LV,2022,141.8861
LV,2023,154.5679
LV,2024,156.5244
LY,1964,10.782
LY,1965,12.0138
LY,1966,13.4847
LY,1967,14.4685
LY,1968,14.5251
LY,1969,15.9466
LY,1970,15.102
LY,1971,14.6332
LY,1972,14.5965
LY,1973,15.76
LY,1974,16.9354
LY,1975,18.4798
LY,1976,19.4923
LY,1977,20.7165
LY,1978,26.803
LY,1979,25.1843
LY,1980,27.6358
LY,1981,30.731
LY,1982,33.8836
LY,1983,37.477
LY,1984,42.1533
LY,1985,46.0054
LY,1986,47.5195
LY,1987,49.5893
LY,1988,52.6077
LY,1989,53.4031
LY,1990,57.9164
LY,1991,64.8062
LY,1992,70.8719
LY,1993,78.72
LY,1994,82.7446
LY,1995,88.7336
LY,1996,92.3079
LY,1997,95.5851
LY,1998,99.1306
LY,1999,101.7562
LY,2000,98.8053
LY,2001,90.0967
LY,2002,81.2693
LY,2003,79.4886
LY,2004,77.7417
LY,2005,79.8021
LY,2006,80.9666
LY,2007,86.0278
LY,2008,94.9409
LY,2009,97.2764
LY,2010,100.0
LY,2011,115.5185
LY,2012,122.5187
LY,2013,125.7113
LY,2014,128.7698
LY,2015,142.1648
LY,2016,178.9199
LY,2017,225.0877
LY,2018,254.7322
LY,2019,249.2244
LY,2020,252.8308
LY,2021,260.0828
LY,2022,271.8133
LY,2023,278.2639
LY,2024,284.1803
MA,1960,9.9428
MA,1961,10.1181
MA,1962,10.6338
MA,1963,11.2399
MA,1964,11.6919
MA,1965,12.0991
MA,1966,11.9765
MA,1967,11.8869
MA,1968,11.9388
MA,1969,12.2909
MA,1970,12.4482
MA,1971,12.9654
MA,1972,13.4528
MA,1973,14.0023
MA,1974,16.4607
MA,1975,17.7641
MA,1976,19.2744
MA,1977,21.7024
MA,1978,23.811
MA,1979,25.7948
MA,1980,28.2217
MA,1981,31.7473
MA,1982,35.0896
MA,1983,37.2679
MA,1984,41.9069
MA,1985,45.1457
MA,1986,49.0885
MA,1987,50.4133
MA,1988,51.6076
MA,1989,53.29
MA,1990,56.9044
MA,1991,61.4489
MA,1992,64.9762
MA,1993,68.344
MA,1994,71.858
MA,1995,76.2583
MA,1996,78.536
MA,1997,79.3514
MA,1998,81.536
MA,1999,82.0944
MA,2000,83.6498
MA,2001,84.1682
MA,2002,86.5212
MA,2003,87.5316
MA,2004,88.8388
MA,2005,89.7118
MA,2006,92.6586
MA,2007,94.5508
MA,2008,98.0632
MA,2009,99.0162
MA,2010,100.0
MA,2011,100.9069
MA,2012,102.2057
MA,2013,104.1279
MA,2014,104.5884
MA,2015,106.2178
MA,2016,107.9548
MA,2017,108.7695
MA,2018,110.7316
MA,2019,111.0676
MA,2020,111.8517
MA,2021,113.4198
MA,2022,120.9702
MA,2023,128.3386
MA,2024,129.6031
MD,1991,0.01
MD,1992,0.1128
MD,1993,1.9337
MD,1994,11.3396
MD,1995,14.7262
MD,1996,18.1877
MD,1997,20.3289
MD,1998,21.8933
MD,1999,30.4878
MD,2000,40.0302
MD,2001,43.9391
MD,2002,46.2684
MD,2003,51.7031
MD,2004,58.1785
MD,2005,65.1362
MD,2006,73.4592
MD,2007,82.544
MD,2008,93.0956
MD,2009,93.0372
MD,2010,100.0
MD,2011,107.6873
MD,2012,112.5831
MD,2013,117.7595
MD,2014,123.752
MD,2015,135.7266
MD,2016,144.3579
MD,2017,153.8425
MD,2018,158.5271
MD,2019,166.1963
MD,2020,172.4552
MD,2021,181.2615
MD,2022,233.3511
MD,2023,264.6598
MD,2024,277.0399
ME,2005,82.2055
ME,2006,84.6096
ME,2007,88.2877
ME,2008,96.0205
ME,2009,99.3493
ME,2010,100.0
ME,2011,103.4501
ME,2012,107.7384
ME,2013,110.115
ME,2014,109.3326
ME,2015,111.0258
ME,2016,110.7245
ME,2017,113.36
ME,2018,116.3201
ME,2019,116.7407
ME,2020,116.4422
ME,2021,119.2494
ME,2022,134.7999
ME,2023,146.3722
ME,2024,151.2563
MG,1964,0.5663
MG,1965,0.5901
MG,1966,0.609
MG,1967,0.614
MG,1968,0.6198
MG,1969,0.6436
MG,1970,0.6621
MG,1971,0.6978
MG,1972,0.737
MG,1973,0.7821
MG,1974,0.9549
MG,1975,1.0332
MG,1976,1.0847
MG,1977,1.1184
MG,1978,1.1914
MG,1979,1.3589
MG,1980,1.6064
MG,1981,2.097
MG,1982,2.7637
MG,1983,3.2978
MG,1984,3.6229
MG,1985,4.0053
MG,1986,4.586
MG,1987,5.2736
MG,1988,6.6897
MG,1989,7.2927
MG,1990,8.1521
MG,1991,8.8526
MG,1992,10.1373
MG,1993,11.1519
MG,1994,15.4946
MG,1995,23.0994
MG,1996,27.663
MG,1997,28.9041
MG,1998,30.6984
MG,1999,33.7467
MG,2000,37.7489
MG,2001,40.7375
MG,2002,47.4585
MG,2003,46.6499
MG,2004,53.1602
MG,2005,62.9225
MG,2006,69.6965
MG,2007,76.8668
MG,2008,84.0127
MG,2009,91.5354
MG,2010,100.0
MG,2011,109.4825
MG,2012,115.7382
MG,2013,122.4816
MG,2014,129.929
MG,2015,139.5492
MG,2016,147.972
MG,2017,160.711
MG,2018,174.5229
MG,2019,184.3145
MG,2020,192.059
MG,2021,203.222
MG,2022,219.8061
MG,2023,241.5105
MG,2024,259.8975
MK,1993,27.5916
MK,1994,62.5179
MK,1995,72.7543
MK,1996,74.5489
MK,1997,75.5138
MK,1998,75.9248
MK,1999,74.9535
MK,2000,79.906
MK,2001,84.0602
MK,2002,86.0058
MK,2003,86.7417
MK,2004,86.3525
MK,2005,86.8063
MK,2006,89.5959
MK,2007,91.6134
MK,2008,99.2465
MK,2009,98.5125
MK,2010,100.0
MK,2011,103.9048
MK,2012,107.3503
MK,2013,110.34
MK,2014,110.0292
MK,2015,109.6992
MK,2016,109.4367
MK,2017,110.9158
MK,2018,112.5333
MK,2019,113.3958
MK,2020,114.7567
MK,2021,118.4642
MK,2022,135.2917
MK,2023,147.9575
MK,2024,153.1208
ML,1988,52.5941
ML,1989,52.5537
ML,1990,52.8724
ML,1991,53.8243
ML,1992,50.4643
ML,1993,50.3312
ML,1994,61.9964
ML,1995,70.3298
ML,1996,75.1161
ML,1997,74.8434
ML,1998,77.8645
ML,1999,76.9286
ML,2000,76.4073
ML,2001,80.3706
ML,2002,84.4155
ML,2003,83.2786
ML,2004,80.6972
ML,2005,85.8601
ML,2006,87.1854
ML,2007,88.4164
ML,2008,96.5251
ML,2009,98.9032
ML,2010,100.0
ML,2011,102.9556
ML,2012,108.4361
ML,2013,107.7782
ML,2014,108.7307
ML,2015,110.3081
ML,2016,108.3229
ML,2017,110.2293
ML,2018,110.5595
ML,2019,108.7261
ML,2020,109.2024
ML,2021,113.4892
ML,2022,124.4086
ML,2023,126.9699
ML,2024,131.0411
MM,1960,0.1554
MM,1961,0.1552
MM,1962,0.1527
MM,1963,0.1486
MM,1964,0.1479
MM,1965,0.1741
MM,1966,0.2185
MM,1967,0.2203
MM,1968,0.2255
MM,1969,0.2157
MM,1970,0.2071
MM,1971,0.2114
MM,1972,0.2276
MM,1973,0.2849
MM,1974,0.3568
MM,1975,0.4697
MM,1976,0.5748
MM,1977,0.5682
MM,1978,0.5339
MM,1979,0.5641
MM,1980,0.5676
MM,1981,0.5694
MM,1982,0.5996
MM,1983,0.6335
MM,1984,0.6641
MM,1985,0.7094
MM,1986,0.7755
MM,1987,0.9675
MM,1988,1.1227
MM,1989,1.4281
MM,1990,1.6799
MM,1991,2.222
MM,1992,2.7089
MM,1993,3.5712
MM,1994,4.4318
MM,1995,5.5483
MM,1996,6.4514
MM,1997,8.3672
MM,1998,12.6753
MM,1999,15.0077
MM,2000,14.9913
MM,2001,18.1547
MM,2002,28.5164
MM,2003,38.9504
MM,2004,40.7165
MM,2005,44.5311
MM,2006,53.4358
MM,2007,72.1514
MM,2008,91.4877
MM,2009,92.8347
MM,2010,100.0
MM,2011,105.0215
MM,2012,106.5627
MM,2013,112.5761
MM,2014,118.1523
MM,2015,129.3227
MM,2016,138.2832
MM,2017,144.6063
MM,2018,154.5441
MM,2019,168.1827
MN,1992,2.2887
MN,1993,8.4257
MN,1994,15.805
MN,1995,15.8119
MN,1996,23.226
MN,1997,31.7166
MN,1998,34.6843
MN,1999,37.3081
MN,2000,41.6342
MN,2001,44.2477
MN,2002,44.6535
MN,2003,46.9438
MN,2004,50.8125
MN,2005,57.2741
MN,2006,60.1923
MN,2007,65.9894
MN,2008,84.4372
MN,2009,90.8709
MN,2010,100.0
MN,2011,108.4112
MN,2012,123.9469
MN,2013,136.9497
MN,2014,153.7315
MN,2015,162.5491
MN,2016,163.741
MN,2017,170.7842
MN,2018,182.439
MN,2019,195.759
MN,2020,203.0485
MN,2021,217.9907
MN,2022,251.0184
MN,2023,276.9928
MN,2024,294.1602
MO,1988,45.6081
MO,1989,49.6084
MO,1990,53.562
MO,1991,58.6873
MO,1992,63.2144
MO,1993,67.4535
MO,1994,71.6707
MO,1995,77.8048
MO,1996,81.5569
MO,1997,84.404
MO,1998,84.5497
MO,1999,81.8406
MO,2000,80.5232
MO,2001,78.9251
MO,2002,76.8434
MO,2003,75.6428
MO,2004,76.3846
MO,2005,79.7424
MO,2006,83.8491
MO,2007,88.5208
MO,2008,96.1433
MO,2009,97.2673
MO,2010,100.0
MO,2011,105.8062
MO,2012,112.2682
MO,2013,118.4436
MO,2014,125.6074
MO,2015,131.3358
MO,2016,134.4471
MO,2017,136.0983
MO,2018,140.1873
MO,2019,144.0451
MO,2020,145.2139
MO,2021,145.2524
MO,2022,146.7703
MO,2023,147.4695
MO,2024,148.4612
MR,1985,20.8952
MR,1986,22.4484
MR,1987,24.2784
MR,1988,24.5988
MR,1989,27.7801
MR,1990,29.6137
MR,1991,31.2805
MR,1992,34.4529
MR,1993,37.6813
MR,1994,39.2369
MR,1995,41.8044
MR,1996,43.7614
MR,1997,45.7856
MR,1998,49.4629
MR,1999,51.4781
MR,2000,53.1532
MR,2001,55.6594
MR,2002,57.8277
MR,2003,60.8069
MR,2004,67.1111
MR,2005,75.2488
MR,2006,79.9451
MR,2007,85.7444
MR,2008,92.0437
MR,2009,94.0879
MR,2010,100.0
MR,2011,105.6863
MR,2012,110.8675
MR,2013,115.4453
MR,2014,119.5256
MR,2015,123.4158
MR,2016,125.2322
MR,2017,128.0552
MR,2018,131.9832
MR,2019,135.0189
MR,2020,138.24
MR,2021,143.1685
MR,2022,156.8057
MR,2023,164.5724
MR,2024,168.6729
MT,1960,20.9008
MT,1961,21.4257
MT,1962,21.4618
MT,1963,21.8645
MT,1964,22.3412
MT,1965,22.6992
MT,1966,22.8179
MT,1967,22.9762
MT,1968,23.4443
MT,1969,23.9916
MT,1970,24.883
MT,1971,25.4613
MT,1972,26.32
MT,1973,28.3438
MT,1974,30.4004
MT,1975,33.0731
MT,1976,33.2555
MT,1977,36.5944
MT,1978,38.3171
MT,1979,41.0557
MT,1980,47.5208
MT,1981,52.9904
MT,1982,56.0735
MT,1983,55.5795
MT,1984,55.3335
MT,1985,55.2034
MT,1986,56.3228
MT,1987,56.566
MT,1988,57.0968
MT,1989,57.5808
MT,1990,59.2986
MT,1991,60.8061
MT,1992,61.7992
MT,1993,64.3607
MT,1994,67.0187
MT,1995,69.9854
MT,1996,71.4229
MT,1997,73.6457
MT,1998,75.4023
MT,1999,77.012
MT,2000,78.8368
MT,2001,81.1463
MT,2002,82.9222
MT,2003,84.0034
MT,2004,86.3478
MT,2005,88.9451
MT,2006,91.4122
MT,2007,92.5542
MT,2008,96.4957
MT,2009,98.507
MT,2010,100.0
MT,2011,102.963
MT,2012,105.4092
MT,2013,106.6533
MT,2014,106.9843
MT,2015,108.1617
MT,2016,108.8569
MT,2017,110.342
MT,2018,111.6196
MT,2019,113.4525
MT,2020,114.1769
MT,2021,115.8872
MT,2022,123.0186
MT,2023,129.2851
MT,2024,131.4193
MU,1963,2.9132
MU,1964,2.9684
MU,1965,3.0214
MU,1966,3.0971
MU,1967,3.1553
MU,1968,3.3754
MU,1969,3.4536
MU,1970,3.5068
MU,1971,3.5179
MU,1972,3.7078
MU,1973,4.2065
MU,1974,5.4312
MU,1975,6.2317
MU,1976,7.0391
MU,1977,7.6847
MU,1978,8.3414
MU,1979,9.5481
MU,1980,13.5582
MU,1981,15.519
MU,1982,17.2906
MU,1983,18.257
MU,1984,19.6061
MU,1985,20.9194
MU,1986,21.261
MU,1987,21.3713
MU,1988,23.3287
MU,1989,26.2845
MU,1990,29.8298
MU,1991,31.9182
MU,1992,33.4003
MU,1993,36.9133
MU,1994,39.6166
MU,1995,42.0052
MU,1996,44.757
MU,1997,47.8154
MU,1998,51.072
MU,1999,54.6006
MU,2000,56.8934
MU,2001,59.9596
MU,2002,63.8086
MU,2003,66.3106
MU,2004,69.4341
MU,2005,72.8622
MU,2006,79.3567
MU,2007,86.3618
MU,2008,94.7668
MU,2009,97.1512
MU,2010,100.0
MU,2011,106.5225
MU,2012,110.6259
MU,2013,114.5457
MU,2014,118.2314
MU,2015,119.7525
MU,2016,120.9233
MU,2017,125.3576
MU,2018,129.3892
MU,2019,129.914
MU,2020,133.2669
MU,2021,138.6356
MU,2022,153.5718
MU,2023,164.4032
MU,2024,170.3291
MV,1985,24.8035
MV,1986,27.215
MV,1987,29.8559
MV,1988,31.7835
MV,1989,34.0611
MV,1990,35.3043
MV,1991,40.4989
MV,1992,47.3253
MV,1993,56.8507
MV,1994,58.7757
MV,1995,62.0018
MV,1996,65.8715
MV,1997,70.8598
MV,1998,69.8648
MV,1999,71.9284
MV,2000,71.0834
MV,2001,71.5615
MV,2002,74.5518
MV,2003,73.612
MV,2004,72.3713
MV,2005,73.3124
MV,2006,75.32
MV,2007,80.4378
MV,2008,90.1237
MV,2009,94.2064
MV,2010,100.0
MV,2011,111.2734
MV,2012,123.3852
MV,2013,128.0808
MV,2014,130.7961
MV,2015,132.0428
MV,2016,132.7064
MV,2017,136.4453
MV,2018,136.2634
MV,2019,136.5632
MV,2020,134.6926
MV,2021,135.4241
MV,2022,138.5838
MV,2023,142.6408
MV,2024,144.6375
MW,1980,0.4716
MW,1981,0.5273
MW,1982,0.5791
MW,1983,0.6572
MW,1984,0.7889
MW,1985,0.8718
MW,1986,0.9943
MW,1987,1.2444
MW,1988,1.6664
MW,1989,1.8739
MW,1990,2.0954
MW,1991,2.3597
MW,1992,2.9202
MW,1993,3.5852
MW,1994,4.8275
MW,1995,8.8501
MW,1996,12.1779
MW,1997,13.2906
MW,1998,17.2444
MW,1999,24.9706
MW,2000,32.3572
MW,2001,39.7023
MW,2002,45.5563
MW,2003,49.9191
MW,2004,55.6248
MW,2005,64.1967
MW,2006,73.1678
MW,2007,78.9862
MW,2008,85.868
MW,2009,93.0998
MW,2010,100.0
MW,2011,107.6228
MW,2012,130.5156
MW,2013,166.1246
MW,2014,205.649
MW,2015,250.619
MW,2016,305.0312
MW,2017,340.2421
MW,2018,382.5008
MW,2019,418.3443
MW,2020,454.4287
MW,2021,496.8275
MW,2022,600.9326
MW,2023,773.9396
MW,2024,1022.9906
MX,1960,0.0129
MX,1961,0.0131
MX,1962,0.0133
MX,1963,0.0133
MX,1964,0.0137
MX,1965,0.0141
MX,1966,0.0147
MX,1967,0.0152
MX,1968,0.0155
MX,1969,0.0161
MX,1970,0.0169
MX,1971,0.0178
MX,1972,0.0187
MX,1973,0.0209
MX,1974,0.0259
MX,1975,0.0298
MX,1976,0.0345
MX,1977,0.0445
MX,1978,0.0523
MX,1979,0.0618
MX,1980,0.0781
MX,1981,0.0999
MX,1982,0.1587
MX,1983,0.3205
MX,1984,0.5302
MX,1985,0.8364
MX,1986,1.5576
MX,1987,3.6111
MX,1988,7.7335
MX,1989,9.2808
MX,1990,11.7543
MX,1991,14.4181
MX,1992,16.6541
MX,1993,18.2781
MX,1994,19.5513
MX,1995,26.3941
MX,1996,35.468
MX,1997,42.7835
MX,1998,49.5982
MX,1999,57.8244
MX,2000,63.3128
MX,2001,67.3444
MX,2002,70.7323
MX,2003,73.9484
MX,2004,77.4155
MX,2005,80.5028
MX,2006,83.4246
MX,2007,86.734
MX,2008,91.1791
MX,2009,96.0092
MX,2010,100.0
MX,2011,103.4074
MX,2012,107.659
MX,2013,111.7569
MX,2014,116.248
MX,2015,119.4107
MX,2016,122.7801
MX,2017,130.1978
MX,2018,136.5766
MX,2019,141.5425
MX,2020,146.3505
MX,2021,154.6767
MX,2022,166.8904
MX,2023,176.116
MX,2024,184.4327
MY,1960,21.3092
MY,1961,21.2708
MY,1962,21.2939
MY,1963,21.9551
MY,1964,21.8667
MY,1965,21.8436
MY,1966,22.055
MY,1967,23.0642
MY,1968,23.0277
MY,1969,22.9335
MY,1970,23.3564
MY,1971,23.7331
MY,1972,24.5001
MY,1973,27.0873
MY,1974,31.7813
MY,1975,33.2075
MY,1976,34.0821
MY,1977,35.714
MY,1978,37.4498
MY,1979,38.8183
MY,1980,41.4094
MY,1981,45.4261
MY,1982,48.0695
MY,1983,49.8501
MY,1984,51.7928
MY,1985,51.9723
MY,1986,52.3553
MY,1987,52.5072
MY,1988,53.8495
MY,1989,55.3644
MY,1990,56.8137
MY,1991,59.2899
MY,1992,62.1164
MY,1993,64.3132
MY,1994,66.7088
MY,1995,69.0106
MY,1996,71.4181
MY,1997,73.3196
MY,1998,77.1838
MY,1999,79.3022
MY,2000,80.5193
MY,2001,81.6601
MY,2002,83.1364
MY,2003,84.0423
MY,2004,85.2368
MY,2005,87.7726
MY,2006,90.9405
MY,2007,92.7842
MY,2008,97.8324
MY,2009,98.4031
MY,2010,100.0
MY,2011,103.1745
MY,2012,104.8909
MY,2013,107.0988
MY,2014,110.4649
MY,2015,112.7895
MY,2016,115.1475
MY,2017,119.6051
MY,2018,120.6632
MY,2019,121.4631
MY,2020,120.08
MY,2021,123.0545
MY,2022,127.2121
MY,2023,130.3783
MY,2024,132.7695
MZ,2004,57.2411
MZ,2005,60.9203
MZ,2006,68.9893
MZ,2007,74.8461
MZ,2008,85.7009
MZ,2009,88.9478
MZ,2010,100.0
MZ,2011,111.1666
MZ,2012,114.0597
MZ,2013,118.9202
MZ,2014,121.9642
MZ,2015,126.2949
MZ,2016,148.293
MZ,2017,170.7048
MZ,2018,177.3816
MZ,2019,182.3531
MZ,2020,188.7062
MZ,2021,200.7993
MZ,2022,221.4403
MZ,2023,237.2223
MZ,2024,246.8976
NA,2002,62.5735
NA,2003,67.0388
NA,2004,69.812
NA,2005,71.405
NA,2006,74.9476
NA,2007,79.855
NA,2008,87.1176
NA,2009,95.3517
NA,2010,100.0
NA,2011,105.0056
NA,2012,112.0641
NA,2013,118.3407
NA,2014,124.6721
NA,2015,128.9035
NA,2016,137.5769
NA,2017,146.0321
NA,2018,152.2992
NA,2019,157.9684
NA,2020,161.4585
NA,2021,167.2983
NA,2022,177.4722
NA,2023,187.9074
NA,2024,195.8729
NC,2010,100.0
NC,2011,102.429
NC,2012,104.2212
NC,2013,105.5527
NC,2014,105.7415
NC,2015,106.3448
NC,2016,106.9598
NE,1963,11.6669
NE,1964,11.784
NE,1965,12.2994
NE,1966,13.5997
NE,1967,13.6582
NE,1968,13.259
NE,1969,14.6705
NE,1970,14.8345
NE,1971,15.4563
NE,1972,16.9634
NE,1973,18.9626
NE,1974,19.6068
NE,1975,21.3942
NE,1976,26.4281
NE,1977,32.573
NE,1978,35.8606
NE,1979,38.4669
NE,1980,42.4311
NE,1981,52.1535
NE,1982,58.2251
NE,1983,56.7755
NE,1984,61.5245
NE,1985,60.9563
NE,1986,59.0011
NE,1987,55.0409
NE,1988,54.2737
NE,1989,52.7304
NE,1990,52.3214
NE,1991,48.2421
NE,1992,46.0829
NE,1993,45.523
NE,1994,61.93
NE,1995,68.4718
NE,1996,72.0932
NE,1997,74.208
NE,1998,77.583
NE,1999,75.797
NE,2000,77.9952
NE,2001,81.1193
NE,2002,83.2518
NE,2003,81.9078
NE,2004,82.1228
NE,2005,88.5264
NE,2006,88.5622
NE,2007,88.61
NE,2008,98.6274
NE,2009,99.2023
NE,2010,100.0
NE,2011,102.9424
NE,2012,103.4109
NE,2013,105.7865
NE,2014,104.8023
NE,2015,104.1986
NE,2016,105.9219
NE,2017,108.8839
NE,2018,112.1151
NE,2019,109.3237
NE,2020,112.4921
NE,2021,116.8094
NE,2022,121.746
NE,2023,126.2518
NE,2024,137.7048
NG,1960,0.0659
NG,1961,0.07
NG,1962,0.0737
NG,1963,0.0717
NG,1964,0.0723
NG,1965,0.0753
NG,1966,0.0826
NG,1967,0.0795
NG,1968,0.0791
NG,1969,0.0872
NG,1970,0.0992
NG,1971,0.115
NG,1972,0.119
NG,1973,0.1255
NG,1974,0.1414
NG,1975,0.1894
NG,1976,0.2354
NG,1977,0.2709
NG,1978,0.3297
NG,1979,0.3683
NG,1980,0.405
NG,1981,0.4893
NG,1982,0.527
NG,1983,0.6494
NG,1984,0.7651
NG,1985,0.822
NG,1986,0.8689
NG,1987,0.9671
NG,1988,1.4942
NG,1989,2.2483
NG,1990,2.4139
NG,1991,2.7278
NG,1992,3.9441
NG,1993,6.1988
NG,1994,9.7341
NG,1995,16.824
NG,1996,21.748
NG,1997,23.6031
NG,1998,25.9626
NG,1999,27.6809
NG,2000,29.6001
NG,2001,35.1867
NG,2002,39.7175
NG,2003,45.2906
NG,2004,52.0833
NG,2005,61.3872
NG,2006,66.4364
NG,2007,70.016
NG,2008,78.1246
NG,2009,87.9198
NG,2010,100.0
NG,2011,110.8261
NG,2012,124.3738
NG,2013,134.94
NG,2014,145.7992
NG,2015,158.9348
NG,2016,183.8826
NG,2017,214.2273
NG,2018,240.1384
NG,2019,267.5055
NG,2020,302.9394
NG,2021,354.2962
NG,2022,421.0711
NG,2023,524.9054
NG,2024,699.3949
NI,1999,42.6964
NI,2000,45.715
NI,2001,48.4515
NI,2002,50.2686
NI,2003,52.934
NI,2004,57.4176
NI,2005,62.9292
NI,2006,68.681
NI,2007,76.3231
NI,2008,91.4551
NI,2009,94.8271
NI,2010,100.0
NI,2011,108.0824
NI,2012,115.8573
NI,2013,124.1243
NI,2014,131.6164
NI,2015,136.8776
NI,2016,141.7001
NI,2017,147.1565
NI,2018,154.4366
NI,2019,162.7396
NI,2020,168.7314
NI,2021,177.0472
NI,2022,195.5794
NI,2023,211.984
NI,2024,221.7877
NL,1960,16.816
NL,1961,17.0359
NL,1962,17.45
NL,1963,18.016
NL,1964,19.0653
NL,1965,19.8103
NL,1966,20.9518
NL,1967,21.6758
NL,1968,22.4823
NL,1969,24.1509
NL,1970,25.037
NL,1971,26.9092
NL,1972,29.0088
NL,1973,31.336
NL,1974,34.3415
NL,1975,37.8504
NL,1976,41.1928
NL,1977,43.8289
NL,1978,45.6311
NL,1979,47.5473
NL,1980,50.6443
NL,1981,54.0571
NL,1982,57.2525
NL,1983,58.8217
NL,1984,60.7638
NL,1985,62.1362
NL,1986,62.188
NL,1987,61.7581
NL,1988,62.2139
NL,1989,62.8871
NL,1990,64.4304
NL,1991,66.4653
NL,1992,68.5813
NL,1993,70.3535
NL,1994,72.3245
NL,1995,73.7155
NL,1996,75.2736
NL,1997,76.8613
NL,1998,78.3672
NL,1999,80.0577
NL,2000,81.9475
NL,2001,85.3531
NL,2002,88.1591
NL,2003,90.0034
NL,2004,91.1407
NL,2005,92.6793
NL,2006,93.7001
NL,2007,95.2123
NL,2008,97.5798
NL,2009,98.7408
NL,2010,100.0
NL,2011,102.3411
NL,2012,104.8541
NL,2013,107.4827
NL,2014,108.5318
NL,2015,109.1832
NL,2016,109.529
NL,2017,111.0421
NL,2018,112.9337
NL,2019,115.908
NL,2020,117.3829
NL,2021,120.5237
NL,2022,132.5775
NL,2023,137.6664
NL,2024,142.2748
NO,1960,9.0278
NO,1961,9.2224
NO,1962,9.7088
NO,1963,9.9488
NO,1964,10.5325
NO,1965,10.9735
NO,1966,11.3302
NO,1967,11.849
NO,1968,12.2576
NO,1969,12.6208
NO,1970,13.9633
NO,1971,14.8324
NO,1972,15.909
NO,1973,17.0893
NO,1974,18.6977
NO,1975,20.8833
NO,1976,22.7966
NO,1977,24.8719
NO,1978,26.9019
NO,1979,28.1151
NO,1980,31.1736
NO,1981,35.4267
NO,1982,39.4444
NO,1983,42.7835
NO,1984,45.4439
NO,1985,48.0409
NO,1986,51.4886
NO,1987,55.9768
NO,1988,59.7141
NO,1989,62.4287
NO,1990,65.0077
NO,1991,67.2428
NO,1992,68.8083
NO,1993,70.3828
NO,1994,71.351
NO,1995,73.1065
NO,1996,74.0295
NO,1997,75.9298
NO,1998,77.64
NO,1999,79.477
NO,2000,81.9292
NO,2001,84.3906
NO,2002,85.4764
NO,2003,87.6029
NO,2004,88.0011
NO,2005,89.3494
NO,2006,91.4306
NO,2007,92.0822
NO,2008,95.5389
NO,2009,97.6382
NO,2010,100.0
NO,2011,101.285
NO,2012,101.9908
NO,2013,104.1535
NO,2014,106.28
NO,2015,108.5875
NO,2016,112.4423
NO,2017,114.5507
NO,2018,117.7179
NO,2019,120.2697
NO,2020,121.817
NO,2021,126.061
NO,2022,133.3273
NO,2023,140.6841
NO,2024,145.109
NP,1964,2.9695
NP,1965,3.221
NP,1966,3.6845
NP,1967,3.581
NP,1968,3.6233
NP,1969,3.7703
NP,1970,4.3448
NP,1971,4.2579
NP,1972,4.6151
NP,1973,5.1426
NP,1974,6.1612
NP,1975,6.6286
NP,1976,6.4222
NP,1977,7.0579
NP,1978,7.5764
NP,1979,7.8465
NP,1980,8.9988
NP,1981,10.0017
NP,1982,11.1717
NP,1983,12.5545
NP,1984,12.9117
NP,1985,13.9515
NP,1986,16.6021
NP,1987,18.3869
NP,1988,20.0386
NP,1989,21.8114
NP,1990,23.6086
NP,1991,27.2815
NP,1992,31.9601
NP,1993,34.3589
NP,1994,37.2276
NP,1995,40.0654
NP,1996,43.7596
NP,1997,45.5144
NP,1998,50.6322
NP,1999,54.4049
NP,2000,55.7535
NP,2001,57.2523
NP,2002,58.9867
NP,2003,62.3531
NP,2004,64.1251
NP,2005,68.5089
NP,2006,73.2499
NP,2007,74.9121
NP,2008,82.3343
NP,2009,91.4691
NP,2010,100.0
NP,2011,109.2271
NP,2012,119.5597
NP,2013,130.3681
NP,2014,141.2723
NP,2015,152.3889
NP,2016,165.7844
NP,2017,170.3883
NP,2018,177.8967
NP,2019,187.7987
NP,2020,197.2945
NP,2021,205.4363
NP,2022,221.1937
NP,2023,236.9336
NP,2024,248.0342
NR,2010,100.0
NR,2011,100.3003
NR,2012,100.1752
NZ,1960,4.9922
NZ,1961,5.0819
NZ,1962,5.2181
NZ,1963,5.3209
NZ,1964,5.5058
NZ,1965,5.6928
NZ,1966,5.8497
NZ,1967,6.204
NZ,1968,6.4715
NZ,1969,6.7902
NZ,1970,7.2328
NZ,1971,7.9841
NZ,1972,8.5376
NZ,1973,9.2348
NZ,1974,10.2608
NZ,1975,11.7676
NZ,1976,13.7571
NZ,1977,15.7359
NZ,1978,17.6173
NZ,1979,20.0308
NZ,1980,23.4662
NZ,1981,27.073
NZ,1982,31.449
NZ,1983,33.7577
NZ,1984,35.841
NZ,1985,41.3669
NZ,1986,46.8328
NZ,1987,54.2063
NZ,1988,57.6621
NZ,1989,60.9581
NZ,1990,64.6756
NZ,1991,66.3587
NZ,1992,67.0319
NZ,1993,67.8955
NZ,1994,69.0805
NZ,1995,71.6744
NZ,1996,73.3127
NZ,1997,74.183
NZ,1998,75.1216
NZ,1999,75.0358
NZ,2000,76.9981
NZ,2001,79.02
NZ,2002,81.1354
NZ,2003,82.5582
NZ,2004,84.449
NZ,2005,87.0137
NZ,2006,89.9421
NZ,2007,92.0792
NZ,2008,95.7246
NZ,2009,97.7498
NZ,2010,100.0
NZ,2011,104.0279
NZ,2012,105.1305
NZ,2013,106.3231
NZ,2014,107.6283
NZ,2015,107.9433
NZ,2016,108.6409
NZ,2017,110.6516
NZ,2018,112.4201
NZ,2019,114.2409
NZ,2020,116.1996
NZ,2021,120.7792
NZ,2022,129.4418
NZ,2023,136.8629
NZ,2024,140.8631
OM,2000,74.7676
OM,2001,74.157
OM,2002,73.9497
OM,2003,74.1208
OM,2004,74.584
OM,2005,76.0084
OM,2006,78.7029
OM,2007,83.2917
OM,2008,93.5993
OM,2009,96.8461
OM,2010,100.0
OM,2011,104.0422
OM,2012,107.1091
OM,2013,108.2375
OM,2014,109.3351
OM,2015,109.4065
OM,2016,110.62
OM,2017,112.3779
OM,2018,113.3772
OM,2019,113.9337
OM,2020,113.4707
OM,2021,115.3795
OM,2022,118.2711
OM,2023,119.3956
OM,2024,120.1043
PA,1960,25.707
PA,1961,25.8648
PA,1962,26.0686
PA,1963,26.1859
PA,1964,26.8179
PA,1965,26.9417
PA,1966,26.9938
PA,1967,27.3652
PA,1968,27.8082
PA,1969,28.3164
PA,1970,29.1895
PA,1971,29.7498
PA,1972,31.3592
PA,1973,33.5093
PA,1974,38.9606
PA,1975,41.2519
PA,1976,42.8813
PA,1977,44.8477
PA,1978,46.7315
PA,1979,50.4648
PA,1980,57.433
PA,1981,61.6269
PA,1982,64.2464
PA,1983,65.5974
PA,1984,66.6356
PA,1985,67.3197
PA,1986,67.275
PA,1987,67.9453
PA,1988,68.1894
PA,1989,68.3298
PA,1990,68.8556
PA,1991,69.7206
PA,1992,70.9926
PA,1993,71.3149
PA,1994,72.2195
PA,1995,72.9375
PA,1996,73.8534
PA,1997,74.8314
PA,1998,75.2498
PA,1999,76.1883
PA,2000,77.3303
PA,2001,77.5678
PA,2002,78.348
PA,2003,78.6549
PA,2004,79.0283
PA,2005,81.2852
PA,2006,83.2831
PA,2007,86.7549
PA,2008,94.3535
PA,2009,96.6265
PA,2010,100.0
PA,2011,105.8758
PA,2012,111.9088
PA,2013,116.4156
PA,2014,119.4733
PA,2015,119.6375
PA,2016,120.5225
PA,2017,121.5778
PA,2018,122.5037
PA,2019,122.0687
PA,2020,120.1763
PA,2021,122.136
PA,2022,125.6287
PA,2023,127.4961
PA,2024,128.3799
PE,1960,0.0
PE,1961,0.0
PE,1962,0.0
PE,1963,0.0
PE,1964,0.0
PE,1965,0.0
PE,1966,0.0
PE,1967,0.0
PE,1968,0.0
PE,1969,0.0
PE,1970,0.0
PE,1971,0.0
PE,1972,0.0
PE,1973,0.0
PE,1974,0.0
PE,1975,0.0
PE,1976,0.0
PE,1977,0.0
PE,1978,0.0
PE,1979,0.0
PE,1980,0.0
PE,1981,0.0
PE,1982,0.0
PE,1983,0.0
PE,1984,0.0
PE,1985,0.0
PE,1986,0.0001
PE,1987,0.0002
PE,1988,0.0012
PE,1989,0.0415
PE,1990,3.1432
PE,1991,16.0154
PE,1992,27.7913
PE,1993,41.2923
PE,1994,51.0938
PE,1995,56.7799
PE,1996,63.3311
PE,1997,68.7536
PE,1998,73.7368
PE,1999,76.2952
PE,2000,79.1619
PE,2001,80.727
PE,2002,80.8829
PE,2003,82.7103
PE,2004,85.7396
PE,2005,87.1254
PE,2006,88.8699
PE,2007,90.4517
PE,2008,95.6851
PE,2009,98.4947
PE,2010,100.0
PE,2011,103.3693
PE,2012,107.1022
PE,2013,110.0667
PE,2014,113.8221
PE,2015,117.6899
PE,2016,121.8763
PE,2017,125.5264
PE,2018,127.4208
PE,2019,130.2904
PE,2020,132.8994
PE,2021,138.5764
PE,2022,150.125
PE,2023,159.8164
PE,2024,163.0251
PG,1971,5.5047
PG,1972,5.8391
PG,1973,6.3263
PG,1974,7.7919
PG,1975,8.6094
PG,1976,9.2685
PG,1977,9.6883
PG,1978,10.2502
PG,1979,10.8412
PG,1980,12.1491
PG,1981,13.1276
PG,1982,13.8542
PG,1983,14.949
PG,1984,16.0583
PG,1985,16.6542
PG,1986,17.5624
PG,1987,18.1486
PG,1988,19.1368
PG,1989,19.9942
PG,1990,21.3845
PG,1991,22.874
PG,1992,23.8598
PG,1993,25.0466
PG,1994,25.7611
PG,1995,30.2129
PG,1996,33.7249
PG,1997,35.0619
PG,1998,39.8213
PG,1999,45.7674
PG,2000,52.9053
PG,2001,57.8245
PG,2002,64.6475
PG,2003,74.1565
PG,2004,75.7575
PG,2005,77.1066
PG,2006,78.9328
PG,2007,79.6522
PG,2008,88.2239
PG,2009,94.3275
PG,2010,100.0
PG,2011,104.4408
PG,2012,109.1795
PG,2013,114.5952
PG,2014,120.5795
PG,2015,127.8094
PG,2016,136.339
PG,2017,143.7314
PG,2018,150.0189
PG,2019,155.9126
PG,2020,163.5082
PG,2021,170.8392
PG,2022,179.8138
PG,2023,183.9472
PG,2024,185.0553
PH,1960,1.129
PH,1961,1.147
PH,1962,1.2135
PH,1963,1.2817
PH,1964,1.3866
PH,1965,1.4222
PH,1966,1.499
PH,1967,1.5927
PH,1968,1.6303
PH,1969,1.6621
PH,1970,1.9012
PH,1971,2.3081
PH,1972,2.4975
PH,1973,2.9115
PH,1974,3.9062
PH,1975,4.1704
PH,1976,4.554
PH,1977,5.0048
PH,1978,5.3719
PH,1979,6.3137
PH,1980,7.4629
PH,1981,8.4392
PH,1982,9.3018
PH,1983,10.2347
PH,1984,15.3868
PH,1985,18.9416
PH,1986,19.1591
PH,1987,19.9388
PH,1988,22.7024
PH,1989,25.4818
PH,1990,28.5848
PH,1991,34.0907
PH,1992,37.0398
PH,1993,39.5276
PH,1994,43.6331
PH,1995,46.6141
PH,1996,50.099
PH,1997,52.8997
PH,1998,57.7849
PH,1999,61.2168
PH,2000,63.6515
PH,2001,67.0539
PH,2002,68.8797
PH,2003,70.4564
PH,2004,73.8589
PH,2005,78.6722
PH,2006,82.9876
PH,2007,85.3942
PH,2008,92.4481
PH,2009,96.3485
PH,2010,100.0
PH,2011,104.7184
PH,2012,107.8882
PH,2013,110.6746
PH,2014,114.6565
PH,2015,115.4295
PH,2016,116.8766
PH,2017,120.2114
PH,2018,126.5938
PH,2019,129.622
PH,2020,132.7241
PH,2021,137.9364
PH,2022,145.9659
PH,2023,154.6917
PH,2024,159.6614
PK,1960,2.0721
PK,1961,2.1061
PK,1962,2.0952
PK,1963,2.1257
PK,1964,2.2145
PK,1965,2.3379
PK,1966,2.5068
PK,1967,2.6776
PK,1968,2.6821
PK,1969,2.7676
PK,1970,2.9157
PK,1971,3.0536
PK,1972,3.2119
PK,1973,3.9529
PK,1974,5.0069
PK,1975,6.0535
PK,1976,6.4868
PK,1977,7.1441
PK,1978,7.5827
PK,1979,8.2096
PK,1980,9.1896
PK,1981,10.2814
PK,1982,10.8883
PK,1983,11.5811
PK,1984,12.286
PK,1985,12.9759
PK,1986,13.4308
PK,1987,14.0596
PK,1988,15.3021
PK,1989,16.5025
PK,1990,17.9963
PK,1991,20.1183
PK,1992,22.0314
PK,1993,24.2287
PK,1994,27.2253
PK,1995,30.5859
PK,1996,33.7589
PK,1997,37.5991
PK,1998,39.9408
PK,1999,41.5954
PK,2000,43.4117
PK,2001,44.7784
PK,2002,46.2518
PK,2003,47.5996
PK,2004,51.1432
PK,2005,55.7785
PK,2006,60.1968
PK,2007,64.7709
PK,2008,77.9104
PK,2009,88.5435
PK,2010,100.0
PK,2011,111.9161
PK,2012,122.7522
PK,2013,132.1945
PK,2014,141.6985
PK,2015,145.2825
PK,2016,150.7525
PK,2017,156.9113
PK,2018,164.8794
PK,2019,182.3204
PK,2020,200.0786
PK,2021,219.0789
PK,2022,262.6183
PK,2023,343.4211
PK,2024,386.8039
PL,1970,0.021
PL,1971,0.0213
PL,1972,0.0213
PL,1973,0.0218
PL,1974,0.0233
PL,1975,0.0238
PL,1976,0.0249
PL,1977,0.0261
PL,1978,0.0282
PL,1979,0.0302
PL,1980,0.0331
PL,1981,0.0395
PL,1982,0.0803
PL,1983,0.1009
PL,1984,0.1164
PL,1985,0.1298
PL,1986,0.1513
PL,1987,0.1912
PL,1988,0.3035
PL,1989,1.0457
PL,1990,6.9837
PL,1991,12.3451
PL,1992,18.036
PL,1993,24.7028
PL,1994,32.8526
PL,1995,42.0353
PL,1996,50.3562
PL,1997,57.8659
PL,1998,64.5771
PL,1999,69.197
PL,2000,76.0476
PL,2001,80.1605
PL,2002,81.6878
PL,2003,82.2455
PL,2004,85.0276
PL,2005,86.8844
PL,2006,88.0006
PL,2007,90.1643
PL,2008,93.9196
PL,2009,97.4842
PL,2010,100.0
PL,2011,104.2394
PL,2012,107.9507
PL,2013,109.0216
PL,2014,109.0802
PL,2015,108.1267
PL,2016,107.408
PL,2017,109.6377
PL,2018,111.6253
PL,2019,114.1118
PL,2020,117.9624
PL,2021,123.9255
PL,2022,141.8072
PL,2023,158.1561
PL,2024,164.1512
PS,1996,54.9165
PS,1997,58.8084
PS,1998,62.0897
PS,1999,65.5322
PS,2000,67.366
PS,2001,68.1897
PS,2002,72.083
PS,2003,75.2568
PS,2004,77.5177
PS,2005,80.7015
PS,2006,83.8024
PS,2007,85.3609
PS,2008,93.8031
PS,2009,96.3863
PS,2010,100.0
PS,2011,102.8772
PS,2012,105.7363
PS,2013,107.5596
PS,2014,109.4236
PS,2015,110.9901
PS,2016,110.7469
PS,2017,110.9824
PS,2018,110.7658
PS,2019,112.5161
PS,2020,111.6888
PS,2021,113.0709
PS,2022,117.3011
PS,2023,124.188
PS,2024,190.8386
PT,1960,1.1828
PT,1961,1.2011
PT,1962,1.2331
PT,1963,1.258
PT,1964,1.3014
PT,1965,1.3459
PT,1966,1.4138
PT,1967,1.4919
PT,1968,1.5826
PT,1969,1.7216
PT,1970,1.8315
PT,1971,2.0503
PT,1972,2.2689
PT,1973,2.5633
PT,1974,3.2062
PT,1975,3.6959
PT,1976,4.4772
PT,1977,5.8659
PT,1978,7.1001
PT,1979,8.6549
PT,1980,10.0282
PT,1981,11.9377
PT,1982,14.5257
PT,1983,18.0122
PT,1984,23.1249
PT,1985,27.6254
PT,1986,31.032
PT,1987,34.0218
PT,1988,37.4586
PT,1989,42.2107
PT,1990,47.9643
PT,1991,53.6478
PT,1992,58.7761
PT,1993,62.7633
PT,1994,66.1654
PT,1995,68.9594
PT,1996,71.0758
PT,1997,72.7367
PT,1998,74.6081
PT,1999,76.354
PT,2000,78.5324
PT,2001,81.9642
PT,2002,84.9152
PT,2003,87.6486
PT,2004,89.7218
PT,2005,91.7649
PT,2006,94.6166
PT,2007,96.9385
PT,2008,99.4477
PT,2009,98.6168
PT,2010,100.0
PT,2011,103.653
PT,2012,106.5277
PT,2013,106.82
PT,2014,106.5229
PT,2015,107.0426
PT,2016,107.6928
PT,2017,109.1667
PT,2018,110.2515
PT,2019,110.6244
PT,2020,110.6106
PT,2021,112.0105
PT,2022,120.784
PT,2023,125.9913
PT,2024,129.0354
PW,2001,74.0723
PW,2002,73.1084
PW,2003,73.7831
PW,2004,77.4458
PW,2005,80.506
PW,2006,84.0723
PW,2007,86.7952
PW,2008,97.1807
PW,2009,98.5783
PW,2010,100.0
PW,2011,104.6747
PW,2012,108.4578
PW,2013,112.0964
PW,2014,116.7952
PW,2015,117.9036
PW,2016,116.6747
PW,2017,118.3291
PW,2018,120.8255
PW,2019,121.1486
PW,2020,121.4129
PW,2021,124.5848
PW,2022,139.9743
PW,2023,157.919
PW,2024,161.4433
PY,1960,0.4109
PY,1961,0.4869
PY,1962,0.4938
PY,1963,0.5042
PY,1964,0.5111
PY,1965,0.5308
PY,1966,0.546
PY,1967,0.5535
PY,1968,0.5574
PY,1969,0.5699
PY,1970,0.565
PY,1971,0.593
PY,1972,0.6475
PY,1973,0.7303
PY,1974,0.9146
PY,1975,0.9758
PY,1976,1.0195
PY,1977,1.1149
PY,1978,1.2338
PY,1979,1.5812
PY,1980,1.9362
PY,1981,2.1874
PY,1982,2.2994
PY,1983,2.6083
PY,1984,3.138
PY,1985,3.9292
PY,1986,5.1764
PY,1987,6.3053
PY,1988,7.73
PY,1989,9.7724
PY,1990,13.4136
PY,1991,16.6631
PY,1992,19.1947
PY,1993,22.6898
PY,1994,27.3562
PY,1995,31.0289
PY,1996,34.0696
PY,1997,36.4373
PY,1998,40.647
PY,1999,43.3916
PY,2000,47.2891
PY,2001,50.7261
PY,2002,56.0576
PY,2003,64.0384
PY,2004,66.8069
PY,2005,71.3547
PY,2006,78.1972
PY,2007,84.555
PY,2008,93.1414
PY,2009,95.5556
PY,2010,100.0
PY,2011,108.254
PY,2012,112.2333
PY,2013,115.2455
PY,2014,121.041
PY,2015,124.8283
PY,2016,129.9299
PY,2017,134.6106
PY,2018,139.9621
PY,2019,143.821
PY,2020,146.3631
PY,2021,153.3709
PY,2022,168.3485
PY,2023,176.1464
PY,2024,182.9023
QA,1979,31.1525
QA,1980,33.2709
QA,1981,36.1058
QA,1982,38.1638
QA,1983,39.2109
QA,1984,39.6442
QA,1985,40.4024
QA,1986,40.7085
QA,1987,41.8016
QA,1988,43.7255
QA,1989,45.1685
QA,1990,46.5239
QA,1991,48.579
QA,1992,50.0657
QA,1993,49.6285
QA,1994,50.2843
QA,1995,51.771
QA,1996,54.3101
QA,1997,56.9358
QA,1998,58.6162
QA,1999,59.895
QA,2000,60.8835
QA,2001,61.7793
QA,2002,61.9275
QA,2003,63.3299
QA,2004,67.6359
QA,2005,73.5976
QA,2006,82.3085
QA,2007,93.6326
QA,2008,107.7245
QA,2009,102.4855
QA,2010,100.0
QA,2011,101.1384
QA,2012,103.4801
QA,2013,106.8142
QA,2014,110.3922
QA,2015,112.3948
QA,2016,115.4031
QA,2017,115.8588
QA,2018,116.1552
QA,2019,115.3808
QA,2020,112.4498
QA,2021,115.0412
QA,2022,120.7878
QA,2023,124.4448
QA,2024,126.022
RO,1990,0.0234
RO,1991,0.0773
RO,1992,0.2407
RO,1993,0.8547
RO,1994,2.0236
RO,1995,2.6761
RO,1996,3.7152
RO,1997,9.465
RO,1998,15.0584
RO,1999,21.9558
RO,2000,31.9822
RO,2001,43.0087
RO,2002,52.7029
RO,2003,60.7524
RO,2004,67.9664
RO,2005,74.0935
RO,2006,78.9529
RO,2007,82.7721
RO,2008,89.2704
RO,2009,94.2583
RO,2010,100.0
RO,2011,105.7893
RO,2012,109.3172
RO,2013,113.6732
RO,2014,114.8876
RO,2015,114.205
RO,2016,112.4408
RO,2017,113.9464
RO,2018,119.2169
RO,2019,123.7804
RO,2020,127.0371
RO,2021,133.4555
RO,2022,151.8663
RO,2023,167.6561
RO,2024,177.2484
RS,1994,1.4134
RS,1995,2.5818
RS,1996,5.05
RS,1997,6.2271
RS,1998,8.1051
RS,1999,11.5461
RS,2000,19.7577
RS,2001,38.5285
RS,2002,46.0381
RS,2003,50.5849
RS,2004,56.1625
RS,2005,65.2159
RS,2006,72.8618
RS,2007,77.519
RS,2008,87.1398
RS,2009,94.2129
RS,2010,100.0
RS,2011,111.1374
RS,2012,119.2842
RS,2013,128.4622
RS,2014,131.1374
RS,2015,132.9633
RS,2016,134.4556
RS,2017,138.6655
RS,2018,141.3831
RS,2019,143.9976
RS,2020,146.2663
RS,2021,152.2414
RS,2022,170.4823
RS,2023,191.5742
RS,2024,200.5217
RU,1992,0.0536
RU,1993,0.5222
RU,1994,2.1289
RU,1995,6.3318
RU,1996,9.3553
RU,1997,10.7363
RU,1998,13.7087
RU,1999,25.4635
RU,2000,30.7596
RU,2001,37.3658
RU,2002,43.2654
RU,2003,49.1768
RU,2004,54.5315
RU,2005,61.449
RU,2006,67.3903
RU,2007,73.4603
RU,2008,83.8262
RU,2009,93.5897
RU,2010,100.0
RU,2011,108.4405
RU,2012,113.9435
RU,2013,121.64
RU,2014,131.1525
RU,2015,151.5263
RU,2016,162.1974
RU,2017,168.1717
RU,2018,173.0122
RU,2019,180.7493
RU,2020,186.8626
RU,2021,199.3721
RU,2022,226.7731
RU,2023,240.075
RU,2024,260.325
RW,1966,2.3006
RW,1967,2.3341
RW,1968,2.4079
RW,1969,2.4195
RW,1970,2.432
RW,1971,2.4439
RW,1972,2.5194
RW,1973,2.7556
RW,1974,3.6123
RW,1975,4.7041
RW,1976,5.0412
RW,1977,5.7296
RW,1978,6.49
RW,1979,7.5071
RW,1980,8.0514
RW,1981,8.5707
RW,1982,9.6477
RW,1983,10.2837
RW,1984,10.8359
RW,1985,11.0266
RW,1986,10.9034
RW,1987,11.354
RW,1988,11.6922
RW,1989,11.8103
RW,1990,12.3047
RW,1991,14.721
RW,1992,16.1284
RW,1993,18.1209
RW,1995,36.0489
RW,1996,38.7206
RW,1997,43.373
RW,1998,46.0665
RW,1999,44.9582
RW,2000,46.7114
RW,2001,48.2729
RW,2002,49.2347
RW,2003,52.9026
RW,2004,59.3835
RW,2005,64.7364
RW,2006,70.4868
RW,2007,76.8875
RW,2008,88.7576
RW,2009,100.2467
RW,2010,100.0
RW,2011,103.0802
RW,2012,113.6676
RW,2013,120.4015
RW,2014,123.2364
RW,2015,126.3524
RW,2016,135.4174
RW,2017,146.6293
RW,2018,146.173
RW,2019,151.0667
RW,2020,165.9473
RW,2021,165.2979
RW,2022,194.5378
RW,2023,233.0359
RW,2024,237.1613
SA,1963,19.9437
SA,1964,20.5021
SA,1965,20.5819
SA,1966,20.901
SA,1967,21.3398
SA,1968,21.6788
SA,1969,22.4367
SA,1970,22.4766
SA,1971,23.4824
SA,1972,24.4995
SA,1973,28.5452
SA,1974,34.6645
SA,1975,46.6501
SA,1976,61.3723
SA,1977,68.3681
SA,1978,67.2854
SA,1979,68.0131
SA,1980,70.8488
SA,1981,72.8318
SA,1982,73.5755
SA,1983,73.7163
SA,1984,72.5671
SA,1985,70.3474
SA,1986,68.0939
SA,1987,67.0404
SA,1988,67.6489
SA,1989,68.3475
SA,1990,69.7671
SA,1991,73.1586
SA,1992,73.1023
SA,1993,73.8741
SA,1994,74.291
SA,1995,77.9078
SA,1996,78.8598
SA,1997,78.9049
SA,1998,78.612
SA,1999,77.5635
SA,2000,76.6909
SA,2001,75.8312
SA,2002,76.0187
SA,2003,76.484
SA,2004,76.8783
SA,2005,77.2468
SA,2006,78.9532
SA,2007,82.2438
SA,2008,90.3614
SA,2009,94.9312
SA,2010,100.0
SA,2011,105.8262
SA,2012,108.8595
SA,2013,112.6816
SA,2014,115.2077
SA,2015,116.6164
SA,2016,119.0111
SA,2017,118.0175
SA,2018,120.9277
SA,2019,119.4851
SA,2020,123.5145
SA,2021,127.2982
SA,2022,130.4476
SA,2023,133.4832
SA,2024,135.7363
SB,1971,2.4596
SB,1972,2.6288
SB,1973,2.7137
SB,1974,3.2253
SB,1975,3.5501
SB,1976,3.7011
SB,1977,4.02
SB,1978,4.2718
SB,1979,4.6159
SB,1980,5.2202
SB,1981,6.0762
SB,1982,6.8651
SB,1983,7.2931
SB,1984,8.0988
SB,1985,8.8737
SB,1986,10.0781
SB,1987,11.1859
SB,1988,13.0581
SB,1989,15.008
SB,1990,16.3194
SB,1991,18.7754
SB,1992,20.794
SB,1993,22.7006
SB,1994,25.7097
SB,1995,28.1854
SB,1996,31.504
SB,1997,34.0508
SB,1998,38.273
SB,1999,41.3426
SB,2000,44.6044
SB,2001,47.6936
SB,2002,52.9063
SB,2003,57.2814
SB,2004,61.283
SB,2005,65.7754
SB,2006,73.1554
SB,2007,78.7635
SB,2008,92.4054
SB,2009,98.9595
SB,2010,100.0
SB,2011,107.3427
SB,2012,113.6888
SB,2013,119.8182
SB,2014,126.0079
SB,2015,125.284
SB,2016,125.9261
SB,2017,126.5415
SB,2018,130.9217
SB,2019,133.062
SB,2020,137.0054
SB,2021,136.8472
SB,2022,144.3986
SB,2023,152.8977
SB,2024,159.5057
SC,1970,6.1269
SC,1971,7.0214
SC,1972,8.4917
SC,1973,10.0406
SC,1974,12.4929
SC,1975,14.818
SC,1976,17.0213
SC,1977,19.5675
SC,1978,21.8732
SC,1979,24.603
SC,1980,27.9421
SC,1981,30.8974
SC,1982,30.6154
SC,1983,32.4685
SC,1984,33.7978
SC,1985,34.0798
SC,1986,34.1604
SC,1987,35.0466
SC,1988,35.6912
SC,1989,36.2551
SC,1990,37.6651
SC,1991,38.4134
SC,1992,39.6606
SC,1993,40.2093
SC,1994,40.9077
SC,1995,40.808
SC,1996,40.359
SC,1997,40.6084
SC,1998,41.6561
SC,1999,44.3001
SC,2000,47.0772
SC,2001,49.8875
SC,2002,49.9748
SC,2003,51.6252
SC,2004,53.6166
SC,2005,54.103
SC,2006,53.9117
SC,2007,56.7802
SC,2008,77.7688
SC,2009,102.4639
SC,2010,100.0
SC,2011,102.5593
SC,2012,109.8516
SC,2013,114.618
SC,2014,116.2064
SC,2015,120.9034
SC,2016,119.6757
SC,2017,123.0946
SC,2018,127.6526
SC,2019,129.9595
SC,2020,131.5224
SC,2021,144.371
SC,2022,148.1622
SC,2023,146.6283
SC,2024,147.0854
SD,1960,0.001
SD,1961,0.0011
SD,1962,0.0011
SD,1963,0.0012
SD,1964,0.0012
SD,1965,0.0012
SD,1966,0.0012
SD,1967,0.0014
SD,1968,0.0012
SD,1969,0.0014
SD,1970,0.0014
SD,1971,0.0015
SD,1972,0.0016
SD,1973,0.0019
SD,1974,0.0024
SD,1975,0.003
SD,1976,0.003
SD,1977,0.0035
SD,1978,0.0042
SD,1979,0.0055
SD,1980,0.0069
SD,1981,0.0086
SD,1982,0.0109
SD,1983,0.0142
SD,1984,0.019
SD,1985,0.0277
SD,1986,0.0344
SD,1987,0.0415
SD,1988,0.0683
SD,1989,0.1139
SD,1990,0.1882
SD,1991,0.4208
SD,1992,0.9157
SD,1993,1.844
SD,1994,3.972
SD,1995,6.6879
SD,1996,15.571
SD,1997,22.9156
SD,1998,28.5578
SD,1999,33.4602
SD,2000,35.8429
SD,2001,36.5366
SD,2002,44.6568
SD,2003,47.5547
SD,2004,52.1474
SD,2005,56.5829
SD,2006,60.6564
SD,2007,69.6058
SD,2008,79.5575
SD,2009,88.5131
SD,2010,100.0
SD,2011,118.0966
SD,2012,160.0907
SD,2013,218.5595
SD,2014,299.2225
SD,2015,349.8197
SD,2016,411.9136
SD,2017,545.1744
SD,2018,890.229
SD,2019,1344.1928
SD,2020,3538.6921
SD,2021,16245.889
SD,2022,38796.5573
SE,1960,9.2109
SE,1961,9.4097
SE,1962,9.8582
SE,1963,10.1413
SE,1964,10.4848
SE,1965,11.0104
SE,1966,11.7156
SE,1967,12.2181
SE,1968,12.4555
SE,1969,12.7908
SE,1970,13.6883
SE,1971,14.7006
SE,1972,15.5837
SE,1973,16.6306
SE,1974,18.279
SE,1975,20.0667
SE,1976,22.1234
SE,1977,24.6547
SE,1978,27.119
SE,1979,29.0742
SE,1980,33.0592
SE,1981,37.0607
SE,1982,40.2439
SE,1983,43.8147
SE,1984,47.3393
SE,1985,50.8294
SE,1986,52.9825
SE,1987,55.2017
SE,1988,58.4172
SE,1989,62.1811
SE,1990,68.6272
SE,1991,75.1088
SE,1992,76.8921
SE,1993,80.5277
SE,1994,82.2656
SE,1995,84.2853
SE,1996,84.7347
SE,1997,85.2926
SE,1998,85.0648
SE,1999,85.4579
SE,2000,86.2263
SE,2001,88.3009
SE,2002,90.2068
SE,2003,91.9439
SE,2004,92.2875
SE,2005,92.7057
SE,2006,93.9667
SE,2007,96.0454
SE,2008,99.3465
SE,2009,98.8553
SE,2010,100.0
SE,2011,102.9612
SE,2012,103.8758
SE,2013,103.8298
SE,2014,103.6433
SE,2015,103.5948
SE,2016,104.6145
SE,2017,106.4918
SE,2018,108.5721
SE,2019,110.5092
SE,2020,111.0589
SE,2021,113.4613
SE,2022,122.9572
SE,2023,133.4683
SE,2024,137.2532
SG,1960,27.5158
SG,1961,27.6259
SG,1962,27.7418
SG,1963,28.3535
SG,1964,28.843
SG,1965,28.8945
SG,1966,29.474
SG,1967,30.4593
SG,1968,30.6589
SG,1969,30.5752
SG,1970,30.7169
SG,1971,31.2578
SG,1972,31.9082
SG,1973,38.1739
SG,1974,46.7128
SG,1975,47.8977
SG,1976,47.0155
SG,1977,48.503
SG,1978,50.8664
SG,1979,52.9399
SG,1980,57.4541
SG,1981,62.155
SG,1982,64.5892
SG,1983,65.3619
SG,1984,67.062
SG,1985,67.3839
SG,1986,66.4502
SG,1987,66.7979
SG,1988,67.8154
SG,1989,69.406
SG,1990,71.8079
SG,1991,74.2679
SG,1992,75.9486
SG,1993,77.6873
SG,1994,80.0957
SG,1995,81.4738
SG,1996,82.6007
SG,1997,84.2557
SG,1998,84.0303
SG,1999,84.0443
SG,2000,85.1887
SG,2001,86.0382
SG,2002,85.7012
SG,2003,86.1365
SG,2004,87.5687
SG,2005,87.941
SG,2006,88.7902
SG,2007,90.6635
SG,2008,96.6794
SG,2009,97.249
SG,2010,100.0
SG,2011,105.2512
SG,2012,110.0725
SG,2013,112.6751
SG,2014,113.8392
SG,2015,113.245
SG,2016,112.645
SG,2017,113.2947
SG,2018,113.7918
SG,2019,114.438
SG,2020,114.241
SG,2021,116.887
SG,2022,124.0533
SG,2023,130.0496
SG,2024,133.1572
SI,1980,0.0004
SI,1981,0.0006
SI,1982,0.0008
SI,1983,0.0011
SI,1984,0.0017
SI,1985,0.003
SI,1986,0.006
SI,1987,0.0138
SI,1988,0.0413
SI,1989,0.5705
SI,1990,3.7201
SI,1991,7.9919
SI,1992,24.7696
SI,1993,32.6369
SI,1994,39.488
SI,1995,44.8046
SI,1996,49.2243
SI,1997,53.3393
SI,1998,57.5484
SI,1999,61.0909
SI,2000,66.5351
SI,2001,72.1105
SI,2002,77.505
SI,2003,81.802
SI,2004,84.7411
SI,2005,86.8185
SI,2006,88.9525
SI,2007,92.2059
SI,2008,97.4131
SI,2009,98.2307
SI,2010,100.0
SI,2011,101.8029
SI,2012,104.4471
SI,2013,106.295
SI,2014,106.5069
SI,2015,105.9471
SI,2016,105.8888
SI,2017,107.4021
SI,2018,109.2694
SI,2019,111.0511
SI,2020,110.9902
SI,2021,113.1179
SI,2022,123.1104
SI,2023,132.2783
SI,2024,134.8784
SK,1991,26.1187
SK,1992,28.7027
SK,1993,35.3867
SK,1994,40.134
SK,1995,44.0837
SK,1996,46.6299
SK,1997,49.4939
SK,1998,52.7929
SK,1999,58.3734
SK,2000,65.3991
SK,2001,70.1926
SK,2002,72.3876
SK,2003,78.5797
SK,2004,84.5113
SK,2005,86.8008
SK,2006,90.6924
SK,2007,93.1925
SK,2008,97.4777
SK,2009,99.0521
SK,2010,100.0
SK,2011,103.9193
SK,2012,107.6667
SK,2013,109.1746
SK,2014,109.0914
SK,2015,108.7366
SK,2016,108.1712
SK,2017,109.5903
SK,2018,112.3455
SK,2019,115.339
SK,2020,117.573
SK,2021,121.2761
SK,2022,136.7681
SK,2023,151.1725
SK,2024,155.3412
SL,2006,71.8538
SL,2007,80.2247
SL,2008,86.8121
SL,2009,93.2961
SL,2010,100.0
SL,2011,106.7914
SL,2012,113.8265
SL,2013,120.1145
SL,2014,125.687
SL,2015,134.0947
SL,2016,148.6923
SL,2017,175.7863
SL,2018,203.9641
SL,2019,234.1609
SL,2020,265.6483
SL,2021,297.1912
SL,2022,378.0519
SL,2023,558.1667
SL,2024,717.9907
SM,2003,84.7335
SM,2004,85.9459
SM,2005,87.3945
SM,2006,89.2257
SM,2007,91.4554
SM,2008,95.3817
SM,2009,97.4797
SM,2010,100.0
SM,2011,102.8998
SM,2012,105.8091
SM,2013,107.5067
SM,2014,108.7032
SM,2015,108.8616
SM,2016,109.5627
SM,2017,110.6738
SM,2018,111.9614
SM,2019,112.4905
SM,2020,112.3405
SM,2021,114.1554
SM,2022,120.2347
SM,2023,127.3669
SM,2024,128.949
SN,1967,10.9536
SN,1968,10.96
SN,1969,11.4009
SN,1970,11.7213
SN,1971,12.1759
SN,1972,12.9253
SN,1973,14.3839
SN,1974,16.7718
SN,1975,22.0807
SN,1976,22.3198
SN,1977,24.851
SN,1978,25.7008
SN,1979,28.1818
SN,1980,30.6418
SN,1981,32.4537
SN,1982,38.093
SN,1983,42.5183
SN,1984,47.5287
SN,1985,53.7074
SN,1986,57.0291
SN,1987,54.6677
SN,1988,53.6691
SN,1989,53.9091
SN,1990,54.0844
SN,1991,53.136
SN,1992,53.0776
SN,1993,52.7663
SN,1994,69.8065
SN,1995,75.2961
SN,1996,77.37
SN,1997,78.7264
SN,1998,79.6371
SN,1999,80.2959
SN,2000,80.8836
SN,2001,83.2895
SN,2002,85.2362
SN,2003,85.1919
SN,2004,85.6305
SN,2005,87.0959
SN,2006,88.9356
SN,2007,94.1413
SN,2008,101.058
SN,2009,98.7862
SN,2010,100.0
SN,2011,103.4032
SN,2012,104.8697
SN,2013,105.6146
SN,2014,104.4631
SN,2015,104.6043
SN,2016,105.4802
SN,2017,106.8706
SN,2018,107.3632
SN,2019,109.2529
SN,2020,112.0314
SN,2021,114.474
SN,2022,125.5744
SN,2023,133.0328
SN,2024,134.1031
SR,1960,0.0082
SR,1961,0.0083
SR,1962,0.0085
SR,1963,0.0086
SR,1964,0.009
SR,1965,0.0092
SR,1966,0.0096
SR,1967,0.0106
SR,1968,0.0107
SR,1969,0.0119
SR,1970,0.0122
SR,1971,0.0122
SR,1972,0.0126
SR,1973,0.0142
SR,1974,0.0166
SR,1975,0.018
SR,1976,0.0198
SR,1977,0.0218
SR,1978,0.0237
SR,1979,0.0272
SR,1980,0.031
SR,1981,0.0338
SR,1982,0.0362
SR,1983,0.0378
SR,1984,0.0392
SR,1985,0.0435
SR,1986,0.0516
SR,1987,0.0792
SR,1988,0.085
SR,1989,0.0856
SR,1990,0.1042
SR,1991,0.1313
SR,1992,0.1887
SR,1993,0.4594
SR,1994,2.1522
SR,1995,7.222
SR,1996,7.1713
SR,1997,7.6837
SR,1998,9.1417
SR,1999,18.1713
SR,2000,28.9654
SR,2001,40.1421
SR,2002,46.3751
SR,2003,57.0424
SR,2004,62.7388
SR,2005,68.9487
SR,2006,76.727
SR,2007,81.6577
SR,2008,93.6346
SR,2009,93.5094
SR,2010,100.0
SR,2011,117.7118
SR,2012,123.6054
SR,2013,125.9829
SR,2014,130.2454
SR,2015,139.2244
SR,2016,216.372
SR,2017,263.9673
SR,2019,294.6822
SR,2020,397.4962
SR,2021,632.4947
SR,2022,964.213
SR,2023,1461.6246
SR,2024,1698.8406
SS,2008,94.1314
SS,2009,98.8439
SS,2010,100.0
SS,2011,146.8522
SS,2012,213.7079
SS,2013,213.5838
SS,2014,217.1598
SS,2015,331.7471
SS,2016,1592.3847
SS,2017,4583.7055
SS,2018,8411.1696
SS,2019,15749.1888
SS,2020,20422.8934
SS,2021,22570.711
SS,2022,21061.3351
SS,2023,21563.1856
SS,2024,41280.7397
ST,1996,8.6446
ST,1997,11.7408
ST,1998,17.6692
ST,1999,19.9176
ST,2000,22.3493
ST,2001,24.4104
ST,2002,26.8829
ST,2003,29.5153
ST,2004,33.4367
ST,2005,39.1719
ST,2006,48.2116
ST,2007,57.1541
ST,2008,75.4377
ST,2009,88.2301
ST,2010,100.0
ST,2011,114.3272
ST,2012,126.4892
ST,2013,136.7422
ST,2014,146.3121
ST,2015,153.9875
ST,2016,162.3498
ST,2017,171.588
ST,2018,185.0896
ST,2019,199.3789
ST,2020,218.9566
ST,2021,236.7748
ST,2022,279.4076
ST,2023,338.8066
ST,2024,387.4319
SV,1960,1.9278
SV,1961,1.8761
SV,1962,1.8779
SV,1963,1.9073
SV,1964,1.9408
SV,1965,1.9497
SV,1966,1.9266
SV,1967,1.9548
SV,1968,2.0044
SV,1969,2.0005
SV,1970,2.0569
SV,1971,2.0661
SV,1972,2.0978
SV,1973,2.2319
SV,1974,2.609
SV,1975,3.1071
SV,1976,3.3256
SV,1977,3.7187
SV,1978,4.2124
SV,1979,4.8045
SV,1980,5.6389
SV,1981,6.4733
SV,1982,7.2326
SV,1983,8.1955
SV,1984,9.1386
SV,1985,11.1791
SV,1986,14.7491
SV,1987,18.4164
SV,1988,22.0557
SV,1989,25.9451
SV,1990,32.1716
SV,1991,36.8052
SV,1992,40.9327
SV,1993,48.508
SV,1994,53.643
SV,1995,59.0232
SV,1996,64.8009
SV,1997,67.7106
SV,1998,69.4352
SV,1999,69.7927
SV,2000,71.3779
SV,2001,74.0551
SV,2002,75.4367
SV,2003,77.0362
SV,2004,80.4658
SV,2005,84.2404
SV,2006,87.6413
SV,2007,91.6536
SV,2008,97.8017
SV,2009,98.8344
SV,2010,100.0
SV,2011,105.1289
SV,2012,106.9474
SV,2013,107.7577
SV,2014,108.9876
SV,2015,108.1905
SV,2016,108.844
SV,2017,109.9459
SV,2018,111.1446
SV,2019,111.2284
SV,2020,110.815
SV,2021,114.6569
SV,2022,122.9106
SV,2023,127.883
SV,2024,128.9749
SX,2005,89.2838
SX,2006,89.5522
SX,2007,93.5216
SX,2008,93.1307
SX,2009,98.6791
SX,2010,100.0
SX,2011,104.5848
SX,2012,108.784
SX,2013,111.5348
SX,2014,113.6392
SX,2015,114.0142
SX,2016,114.1416
SX,2017,116.6435
SY,1960,1.4534
SY,1961,1.4819
SY,1962,1.4249
SY,1963,1.4522
SY,1964,1.5306
SY,1965,1.4712
SY,1966,1.527
SY,1967,1.6256
SY,1968,1.6719
SY,1969,1.6387
SY,1970,1.7147
SY,1971,1.8108
SY,1972,1.8488
SY,1973,2.2253
SY,1974,2.5708
SY,1975,2.8655
SY,1976,3.193
SY,1977,3.5751
SY,1978,3.747
SY,1979,3.9176
SY,1980,4.6736
SY,1981,5.5332
SY,1982,6.3247
SY,1983,6.7122
SY,1984,7.3317
SY,1985,8.5966
SY,1986,11.6969
SY,1987,18.6546
SY,1988,25.1021
SY,1989,27.9636
SY,1990,33.3876
SY,1991,36.3925
SY,1992,40.399
SY,1993,45.741
SY,1994,52.7524
SY,1995,56.962
SY,1996,61.6613
SY,1997,62.8243
SY,1998,62.3235
SY,1999,60.0153
SY,2000,57.707
SY,2001,59.4382
SY,2002,59.3606
SY,2003,62.8016
SY,2004,65.5857
SY,2005,70.3344
SY,2006,77.3848
SY,2007,80.4087
SY,2008,93.0694
SY,2009,95.7878
SY,2010,100.0
SY,2011,104.7532
SY,2012,143.2
SY,2013,200.5256
SY,2014,222.4372
SY,2015,307.9891
SY,2016,454.9158
SY,2017,537.1431
SY,2018,542.1975
SY,2019,614.9472
SZ,1965,1.5581
SZ,1966,1.6076
SZ,1967,1.637
SZ,1968,1.6934
SZ,1969,1.7477
SZ,1970,1.78
SZ,1971,1.8214
SZ,1972,1.8645
SZ,1973,2.0797
SZ,1974,2.4808
SZ,1975,2.7797
SZ,1976,2.9612
SZ,1977,3.5773
SZ,1978,3.882
SZ,1979,4.5207
SZ,1980,5.3653
SZ,1981,6.4414
SZ,1982,7.1375
SZ,1983,7.9632
SZ,1984,8.9936
SZ,1985,10.8339
SZ,1986,12.3222
SZ,1987,13.9705
SZ,1988,16.8197
SZ,1989,18.0889
SZ,1990,20.4572
SZ,1991,22.2849
SZ,1992,23.9692
SZ,1993,26.8512
SZ,1994,30.5484
SZ,1995,34.3024
SZ,1996,36.5064
SZ,1997,39.1076
SZ,1998,42.2792
SZ,1999,44.8535
SZ,2000,50.3294
SZ,2001,53.3201
SZ,2002,59.729
SZ,2003,64.0832
SZ,2004,66.2911
SZ,2005,69.4559
SZ,2006,73.1403
SZ,2007,79.0471
SZ,2008,89.0525
SZ,2009,95.6853
SZ,2010,100.0
SZ,2011,106.1074
SZ,2012,115.5931
SZ,2013,122.0909
SZ,2014,129.0273
SZ,2015,135.4158
SZ,2016,146.0422
SZ,2017,155.128
SZ,2018,162.5976
SZ,2019,166.8219
TD,1983,38.132
TD,1984,45.854
TD,1985,48.2174
TD,1986,41.9218
TD,1987,39.4171
TD,1988,45.5178
TD,1989,43.8386
TD,1990,43.515
TD,1991,44.9048
TD,1992,43.5069
TD,1993,39.8402
TD,1994,56.4634
TD,1995,61.6752
TD,1996,68.6635
TD,1997,72.4896
TD,1998,75.5769
TD,1999,69.5118
TD,2000,72.1689
TD,2001,81.1405
TD,2002,85.3531
TD,2003,83.8573
TD,2004,79.3664
TD,2005,85.6287
TD,2006,92.51
TD,2007,84.2075
TD,2008,92.8783
TD,2009,102.122
TD,2010,100.0
TD,2011,102.0292
TD,2012,109.6984
TD,2013,109.9427
TD,2014,111.7919
TD,2015,116.6851
TD,2016,115.7605
TD,2017,113.9811
TD,2018,118.8534
TD,2019,117.6982
TD,2020,122.9524
TD,2021,122.0022
TD,2022,129.0637
TD,2023,143.0495
TD,2024,155.7802
TG,1966,9.575
TG,1967,9.353
TG,1968,9.3808
TG,1969,9.9451
TG,1970,10.3907
TG,1971,11.0653
TG,1972,11.9202
TG,1973,12.3512
TG,1974,13.9361
TG,1975,16.4463
TG,1976,18.3607
TG,1977,22.484
TG,1978,22.5836
TG,1979,24.2862
TG,1980,27.2751
TG,1981,32.6528
TG,1982,36.2869
TG,1983,39.6817
TG,1984,38.2823
TG,1985,37.5877
TG,1986,39.138
TG,1987,39.1592
TG,1988,39.1001
TG,1989,38.7719
TG,1990,39.1655
TG,1991,39.3172
TG,1992,39.8651
TG,1993,39.4638
TG,1994,54.9189
TG,1995,63.9439
TG,1996,66.9413
TG,1997,72.4645
TG,1998,73.1713
TG,1999,73.1324
TG,2000,74.4945
TG,2001,77.4144
TG,2002,79.7832
TG,2003,79.0412
TG,2004,79.3519
TG,2005,84.7342
TG,2006,86.623
TG,2007,87.4421
TG,2008,95.0451
TG,2009,98.5747
TG,2010,100.0
TG,2011,103.5635
TG,2012,106.2325
TG,2013,108.1717
TG,2014,108.3782
TG,2015,111.1798
TG,2016,112.6089
TG,2017,111.5032
TG,2018,112.5377
TG,2019,113.2969
TG,2020,115.2222
TG,2021,120.0456
TG,2022,129.6103
TG,2023,136.725
TG,2024,140.6389
TH,1960,10.2112
TH,1961,10.9655
TH,1962,11.3708
TH,1963,11.3708
TH,1964,11.2807
TH,1965,11.2995
TH,1966,11.7555
TH,1967,12.2621
TH,1968,12.4816
TH,1969,12.7875
TH,1970,12.7762
TH,1971,12.8381
TH,1972,13.4592
TH,1973,15.5467
TH,1974,19.3266
TH,1975,20.3567
TH,1976,21.2014
TH,1977,22.813
TH,1978,24.6207
TH,1979,27.0575
TH,1980,32.3888
TH,1981,36.4902
TH,1982,38.4092
TH,1983,39.8406
TH,1984,40.1851
TH,1985,41.1623
TH,1986,41.9204
TH,1987,42.9544
TH,1988,44.6136
TH,1989,47.0028
TH,1990,49.7591
TH,1991,52.6002
TH,1992,54.7775
TH,1993,56.5918
TH,1994,59.4484
TH,1995,62.9072
TH,1996,66.559
TH,1997,70.3035
TH,1998,75.9241
TH,1999,76.1403
TH,2000,77.3524
TH,2001,78.6109
TH,2002,79.159
TH,2003,80.5873
TH,2004,82.8108
TH,2005,86.5708
TH,2006,90.5855
TH,2007,92.616
TH,2008,97.6807
TH,2009,96.8546
TH,2010,100.0
TH,2011,103.8088
TH,2012,106.9385
TH,2013,109.275
TH,2014,111.3459
TH,2015,110.3433
TH,2016,110.5509
TH,2017,111.2868
TH,2018,112.4708
TH,2019,113.2656
TH,2020,112.3075
TH,2021,113.6893
TH,2022,111.8581
TH,2023,121.3415
TH,2024,122.9988
TJ,2000,28.3488
TJ,2001,39.2891
TJ,2002,44.102
TJ,2003,51.2922
TJ,2004,54.9554
TJ,2005,58.8528
TJ,2006,64.7445
TJ,2007,73.2579
TJ,2008,88.2541
TJ,2009,93.945
TJ,2010,100.0
TJ,2011,112.4315
TJ,2012,118.9876
TJ,2013,124.9485
TJ,2014,132.5759
TJ,2015,140.152
TJ,2016,148.5675
TL,2002,66.5193
TL,2003,71.2855
TL,2004,73.5934
TL,2005,74.4115
TL,2006,77.3405
TL,2007,85.3073
TL,2008,93.0397
TL,2009,93.6628
TL,2010,100.0
TL,2011,113.4998
TL,2012,126.8932
TL,2013,140.9592
TL,2014,141.9829
TL,2015,142.7678
TL,2016,140.8568
TL,2017,141.6417
TL,2018,145.376
TL,2019,146.7699
TL,2020,147.4971
TL,2021,152.9515
TL,2022,163.6662
TL,2023,177.4475
TL,2024,181.1079
TN,1983,28.852
TN,1984,31.4198
TN,1985,33.6991
TN,1986,35.7764
TN,1987,38.7193
TN,1988,41.5059
TN,1989,44.7189
TN,1990,47.6459
TN,1991,51.5498
TN,1992,54.5523
TN,1993,56.7207
TN,1994,59.4054
TN,1995,63.1148
TN,1996,65.4659
TN,1997,67.8567
TN,1998,69.9775
TN,1999,71.86
TN,2000,73.9887
TN,2001,75.4561
TN,2002,77.5093
TN,2003,79.6118
TN,2004,82.5036
TN,2005,84.1683
TN,2006,86.8829
TN,2007,89.4607
TN,2008,93.3478
TN,2009,96.7689
TN,2010,100.0
TN,2011,103.24
TN,2012,108.0013
TN,2013,113.7429
TN,2014,119.0041
TN,2015,124.2848
TN,2016,128.7956
TN,2017,135.6331
TN,2018,145.5447
TN,2019,155.3254
TN,2020,164.0766
TN,2021,173.4394
TN,2022,187.8461
TN,2023,205.3703
TN,2024,220.1705
TO,1975,6.8773
TO,1976,7.3662
TO,1977,8.6581
TO,1978,9.488
TO,1979,10.006
TO,1980,12.2467
TO,1981,14.0713
TO,1982,15.5964
TO,1983,17.1269
TO,1984,17.1452
TO,1985,20.0196
TO,1986,24.3586
TO,1987,25.5
TO,1988,28.0306
TO,1989,29.1725
TO,1990,32.0051
TO,1991,35.3962
TO,1992,38.2056
TO,1993,38.5727
TO,1994,38.9634
TO,1995,39.5323
TO,1996,40.7164
TO,1997,41.5815
TO,1998,42.9431
TO,1999,44.8602
TO,2000,47.6988
TO,2001,51.6532
TO,2002,57.004
TO,2003,63.6384
TO,2004,70.6217
TO,2005,76.7416
TO,2006,81.4605
TO,2007,86.2197
TO,2008,95.227
TO,2009,96.5858
TO,2010,100.0
TO,2011,106.2708
TO,2012,107.4903
TO,2013,108.324
TO,2014,111.0439
TO,2015,109.8735
TO,2016,112.7062
TO,2017,121.1784
TO,2018,127.2762
TO,2019,128.7774
TO,2020,128.3271
TO,2021,135.5654
TO,2022,150.4387
TO,2023,159.9933
TO,2024,165.162
TR,1960,0.0001
TR,1961,0.0001
TR,1962,0.0001
TR,1963,0.0001
TR,1964,0.0001
TR,1965,0.0001
TR,1966,0.0001
TR,1967,0.0001
TR,1968,0.0001
TR,1969,0.0001
TR,1970,0.0001
TR,1971,0.0001
TR,1972,0.0001
TR,1973,0.0002
TR,1974,0.0002
TR,1975,0.0002
TR,1976,0.0003
TR,1977,0.0003
TR,1978,0.0005
TR,1979,0.0009
TR,1980,0.0017
TR,1981,0.0024
TR,1982,0.0031
TR,1983,0.004
TR,1984,0.006
TR,1985,0.0087
TR,1986,0.0117
TR,1987,0.0162
TR,1988,0.0274
TR,1989,0.0447
TR,1990,0.0716
TR,1991,0.1189
TR,1992,0.2023
TR,1993,0.3359
TR,1994,0.6894
TR,1995,1.3037
TR,1996,2.3521
TR,1997,4.3672
TR,1998,8.0636
TR,1999,13.2942
TR,2000,20.5948
TR,2001,31.7985
TR,2002,46.0963
TR,2003,56.0543
TR,2004,60.874
TR,2005,65.853
TR,2006,72.173
TR,2007,78.4926
TR,2008,86.6905
TR,2009,92.1095
TR,2010,100.0
TR,2011,106.4719
TR,2012,115.9389
TR,2013,124.6263
TR,2014,135.6614
TR,2015,146.0678
TR,2016,157.4248
TR,2017,174.9687
TR,2018,203.5454
TR,2019,234.4371
TR,2020,263.2236
TR,2021,314.8061
TR,2022,542.4388
TR,2023,834.5931
TR,2024,1322.884
TT,1960,2.297
TT,1961,2.332
TT,1962,2.4015
TT,1963,2.4919
TT,1964,2.5134
TT,1965,2.5582
TT,1966,2.6629
TT,1967,2.7198
TT,1968,2.9437
TT,1969,3.0154
TT,1970,3.0915
TT,1971,3.2006
TT,1972,3.4983
TT,1973,4.0165
TT,1974,4.9011
TT,1975,5.7333
TT,1976,6.3463
TT,1977,7.0916
TT,1978,7.819
TT,1979,8.9701
TT,1980,10.5372
TT,1981,12.0474
TT,1982,13.4491
TT,1983,15.49
TT,1984,17.5556
TT,1985,18.8938
TT,1986,20.3474
TT,1987,22.5351
TT,1988,24.2835
TT,1989,27.0596
TT,1990,30.0536
TT,1991,31.1906
TT,1992,33.1992
TT,1993,36.7964
TT,1994,40.0399
TT,1995,42.1149
TT,1996,43.5487
TT,1997,45.1278
TT,1998,47.6607
TT,1999,49.2998
TT,2000,51.0526
TT,2001,53.8792
TT,2002,56.1152
TT,2003,58.2539
TT,2004,60.4218
TT,2005,64.5755
TT,2006,69.9544
TT,2007,75.4769
TT,2008,84.557
TT,2009,90.4575
TT,2010,100.0
TT,2011,105.1071
TT,2012,114.8403
TT,2013,120.8118
TT,2014,127.6793
TT,2015,133.6307
TT,2016,137.734
TT,2017,140.324
TT,2018,141.7533
TT,2019,143.1716
TT,2020,144.0292
TT,2021,146.995
TT,2022,155.5625
TT,2023,162.7639
TT,2024,163.6215
TV,2010,100.0
TV,2011,100.5006
TZ,1965,0.0981
TZ,1966,0.1077
TZ,1967,0.1208
TZ,1968,0.1397
TZ,1969,0.1626
TZ,1970,0.1683
TZ,1971,0.1763
TZ,1972,0.1898
TZ,1973,0.2095
TZ,1974,0.2505
TZ,1975,0.3158
TZ,1976,0.3375
TZ,1977,0.3767
TZ,1978,0.4014
TZ,1979,0.4534
TZ,1980,0.5903
TZ,1981,0.7417
TZ,1982,0.9563
TZ,1983,1.2151
TZ,1984,1.6543
TZ,1985,2.2049
TZ,1986,2.92
TZ,1987,3.7945
TZ,1988,4.9778
TZ,1989,6.2646
TZ,1990,8.509
TZ,1991,10.9507
TZ,1992,13.3431
TZ,1993,16.7159
TZ,1994,22.4133
TZ,1995,28.5607
TZ,1996,34.552
TZ,1997,40.1116
TZ,1998,45.2458
TZ,1999,48.8159
TZ,2000,51.7077
TZ,2001,54.3694
TZ,2002,57.2606
TZ,2003,60.2975
TZ,2004,63.1531
TZ,2005,66.3325
TZ,2006,71.1423
TZ,2007,76.1404
TZ,2008,83.9664
TZ,2009,94.1618
TZ,2010,100.0
TZ,2011,112.691
TZ,2012,130.7228
TZ,2013,141.0116
TZ,2014,149.6579
TZ,2015,158.021
TZ,2016,166.1982
TZ,2017,175.0378
TZ,2018,181.1545
TZ,2019,187.4302
TZ,2020,193.5972
TZ,2021,200.7427
TZ,2022,209.4755
TZ,2023,217.434
TZ,2024,224.0808
UA,1992,0.0042
UA,1993,0.2028
UA,1994,2.0101
UA,1995,9.5829
UA,1996,17.2804
UA,1997,20.035
UA,1998,22.1541
UA,1999,27.1795
UA,2000,34.845
UA,2001,39.012
UA,2002,39.3075
UA,2003,41.3435
UA,2004,45.0843
UA,2005,51.202
UA,2006,55.8371
UA,2007,63.0059
UA,2008,78.9
UA,2009,91.4303
UA,2010,100.0
UA,2011,107.9557
UA,2012,108.5697
UA,2013,108.3103
UA,2014,121.3853
UA,2015,180.4998
UA,2016,205.6122
UA,2017,235.2992
UA,2018,261.0688
UA,2019,281.6586
UA,2020,289.3549
UA,2021,316.4476
UA,2022,380.3182
UA,2023,429.1854
UA,2024,457.091
UG,1993,36.094
UG,1994,39.7167
UG,1995,42.3182
UG,1996,45.3616
UG,1997,49.0672
UG,1998,49.101
UG,1999,51.9377
UG,2000,53.6994
UG,2001,54.701
UG,2002,54.5437
UG,2003,59.2784
UG,2004,61.4843
UG,2005,66.6789
UG,2006,71.5536
UG,2007,75.946
UG,2008,85.0981
UG,2009,96.1755
UG,2010,100.0
UG,2011,116.5643
UG,2012,131.3436
UG,2013,137.7863
UG,2014,142.0242
UG,2015,149.9629
UG,2016,158.5203
UG,2017,166.7788
UG,2018,171.1417
UG,2019,176.0494
UG,2020,181.8825
UG,2021,185.8922
UG,2022,199.2686
UG,2023,209.9313
UG,2024,216.9082
UK,1960,6.2733
UK,1961,6.4896
UK,1962,6.7619
UK,1963,6.8984
UK,1964,7.1248
UK,1965,7.4649
UK,1966,7.7567
UK,1967,7.9493
UK,1968,8.3227
UK,1969,8.776
UK,1970,9.3347
UK,1971,10.2164
UK,1972,10.9388
UK,1973,11.9447
UK,1974,13.8611
UK,1975,17.2165
UK,1976,20.0675
UK,1977,23.2462
UK,1978,25.1671
UK,1979,28.5448
UK,1980,33.6732
UK,1981,37.6724
UK,1982,40.9118
UK,1983,42.7975
UK,1984,44.9206
UK,1985,47.6479
UK,1986,49.2811
UK,1987,51.3257
UK,1988,53.4585
UK,1989,56.5378
UK,1990,61.0967
UK,1991,65.6556
UK,1992,68.6702
UK,1993,70.4272
UK,1994,71.99
UK,1995,73.9319
UK,1996,76.0403
UK,1997,77.7141
UK,1998,79.1289
UK,1999,80.516
UK,2000,81.4685
UK,2001,82.7168
UK,2002,83.9745
UK,2003,85.1304
UK,2004,86.314
UK,2005,88.1173
UK,2006,90.2811
UK,2007,92.4357
UK,2008,95.6908
UK,2009,97.568
UK,2010,100.0
UK,2011,103.8561
UK,2012,106.5286
UK,2013,108.9699
UK,2014,110.5511
UK,2015,110.958
UK,2016,112.0769
UK,2017,114.9436
UK,2018,117.5791
UK,2019,119.6227
UK,2020,120.8064
UK,2021,123.8487
UK,2022,133.6601
UK,2023,142.7409
UK,2024,147.4108
US,1960,13.5631
US,1961,13.7083
US,1962,13.8726
US,1963,14.0446
US,1964,14.2242
US,1965,14.4497
US,1966,14.8854
US,1967,15.2981
US,1968,15.9516
US,1969,16.8229
US,1970,17.8051
US,1971,18.5694
US,1972,19.1771
US,1973,20.3618
US,1974,22.6127
US,1975,24.6803
US,1976,26.0981
US,1977,27.7949
US,1978,29.9159
US,1979,33.2828
US,1980,37.7924
US,1981,41.6981
US,1982,44.2548
US,1983,45.6764
US,1984,47.6408
US,1985,49.3299
US,1986,50.2663
US,1987,52.1083
US,1988,54.2331
US,1989,56.851
US,1990,59.9198
US,1991,62.4573
US,1992,64.3491
US,1993,66.2484
US,1994,67.9758
US,1995,69.8828
US,1996,71.9312
US,1997,73.6128
US,1998,74.7554
US,1999,76.3911
US,2000,78.9707
US,2001,81.2026
US,2002,82.4905
US,2003,84.3631
US,2004,86.6217
US,2005,89.5605
US,2006,92.4497
US,2007,95.087
US,2008,98.7375
US,2009,98.3864
US,2010,100.0
US,2011,103.1568
US,2012,105.2915
US,2013,106.8338
US,2014,108.5669
US,2015,108.6957
US,2016,110.067
US,2017,112.4116
US,2018,115.1573
US,2019,117.2442
US,2020,118.6905
US,2021,124.2664
US,2022,134.2112
US,2023,139.7358
US,2024,143.8573
UY,1960,0.0
UY,1961,0.0
UY,1962,0.0
UY,1963,0.0
UY,1964,0.0
UY,1965,0.0
UY,1966,0.0
UY,1967,0.0
UY,1968,0.0001
UY,1969,0.0001
UY,1970,0.0001
UY,1971,0.0002
UY,1972,0.0003
UY,1973,0.0006
UY,1974,0.0011
UY,1975,0.002
UY,1976,0.003
UY,1977,0.0047
UY,1978,0.0069
UY,1979,0.0114
UY,1980,0.0187
UY,1981,0.0251
UY,1982,0.0298
UY,1983,0.0445
UY,1984,0.0691
UY,1985,0.119
UY,1986,0.2098
UY,1987,0.3432
UY,1988,0.5567
UY,1989,1.0046
UY,1990,2.135
UY,1991,4.312
UY,1992,7.264
UY,1993,11.1939
UY,1994,16.2016
UY,1995,23.0465
UY,1996,29.5784
UY,1997,35.4405
UY,1998,39.272
UY,1999,41.4943
UY,2000,43.471
UY,2001,45.366
UY,2002,51.7048
UY,2003,61.725
UY,2004,67.3775
UY,2005,70.5438
UY,2006,75.0569
UY,2007,81.1476
UY,2008,87.5396
UY,2009,93.7218
UY,2010,100.0
UY,2011,108.0928
UY,2012,116.8459
UY,2013,126.8656
UY,2014,138.1279
UY,2015,150.0985
UY,2016,164.5671
UY,2017,174.8
UY,2018,188.0963
UY,2019,202.922
UY,2020,222.7199
UY,2021,239.976
UY,2022,261.8243
UY,2023,277.1911
UY,2024,290.6325
UZ,2010,100.0
UZ,2011,113.7797
UZ,2012,128.8087
UZ,2013,144.0615
UZ,2014,157.4348
UZ,2015,171.2134
UZ,2016,185.1345
UZ,2017,210.8233
UZ,2018,247.7684
UZ,2019,283.7585
UZ,2020,320.2718
UZ,2021,355.0189
UZ,2022,395.6566
UZ,2023,435.0505
UZ,2024,476.9383
VC,1974,19.624
VC,1975,20.958
VC,1976,23.3239
VC,1977,25.6999
VC,1978,27.8663
VC,1979,32.2158
VC,1980,37.7593
VC,1981,42.5682
VC,1982,45.6451
VC,1983,48.1366
VC,1984,49.4372
VC,1985,50.495
VC,1986,51.014
VC,1987,52.7005
VC,1988,52.8202
VC,1989,54.3171
VC,1990,58.4485
VC,1991,61.6585
VC,1992,63.7941
VC,1993,66.5317
VC,1994,67.203
VC,1995,68.3712
VC,1996,71.3849
VC,1997,71.7016
VC,1998,73.2378
VC,1999,73.9801
VC,2000,74.1041
VC,2001,74.7717
VC,2002,76.1591
VC,2003,76.316
VC,2004,78.5749
VC,2005,81.5085
VC,2006,83.7424
VC,2007,89.8021
VC,2008,98.8418
VC,2009,99.2584
VC,2010,100.0
VC,2011,103.186
VC,2012,105.8673
VC,2013,106.7196
VC,2014,106.9265
VC,2015,105.0728
VC,2016,104.9156
VC,2017,107.1748
VC,2018,109.6657
VC,2019,110.667
VC,2020,109.9719
VC,2021,111.7014
VC,2022,118.0238
VC,2023,123.4111
VC,2024,127.8881
VE,2008,61.3867
VE,2009,78.0107
VE,2010,100.0
VE,2011,126.0902
VE,2012,152.6562
VE,2013,214.6947
VE,2014,348.1676
VE,2015,772.0201
VE,2016,2740.274
VN,1995,40.1657
VN,1996,42.4451
VN,1997,43.8074
VN,1998,46.9905
VN,1999,48.9252
VN,2000,48.0884
VN,2001,47.8809
VN,2002,49.7151
VN,2003,51.3232
VN,2004,55.3033
VN,2005,59.885
VN,2006,64.3272
VN,2007,69.695
VN,2008,85.8053
VN,2009,91.5688
VN,2010,100.0
VN,2011,118.6777
VN,2012,129.4711
VN,2013,138.0067
VN,2014,143.6437
VN,2015,144.5504
VN,2016,148.4073
VN,2017,153.6317
VN,2018,159.0696
VN,2019,163.5169
VN,2020,168.7837
VN,2021,171.8804
VN,2022,177.3058
VN,2023,183.0734
VN,2024,189.7027
VU,1976,19.5741
VU,1977,20.697
VU,1978,22.0244
VU,1979,22.9427
VU,1980,25.5215
VU,1981,32.3729
VU,1982,34.533
VU,1983,35.104
VU,1984,37.0404
VU,1985,37.4353
VU,1986,39.2196
VU,1987,45.5101
VU,1988,49.4969
VU,1989,53.332
VU,1990,55.8703
VU,1991,59.4846
VU,1992,61.8988
VU,1993,64.106
VU,1994,65.5821
VU,1995,67.0444
VU,1996,67.652
VU,1997,69.567
VU,1998,71.8503
VU,1999,73.2866
VU,2000,75.1464
VU,2001,77.8348
VU,2002,79.3631
VU,2003,81.7569
VU,2004,82.917
VU,2005,83.9113
VU,2006,85.6238
VU,2007,88.9935
VU,2008,93.3023
VU,2009,97.3116
VU,2010,100.0
VU,2011,100.8738
VU,2012,102.233
VU,2013,103.7245
VU,2014,104.5531
VU,2015,107.1494
VU,2016,108.0517
VU,2017,111.3846
VU,2018,113.9809
VU,2019,117.1297
VU,2020,123.3719
VU,2021,126.2629
VU,2022,134.6964
VU,2023,149.7588
WS,1961,3.6284
WS,1962,3.7247
WS,1963,3.7504
WS,1964,3.9495
WS,1965,4.033
WS,1966,4.1486
WS,1967,4.1272
WS,1968,4.1978
WS,1969,4.3712
WS,1970,4.4911
WS,1971,4.7051
WS,1972,5.0583
WS,1973,5.6534
WS,1974,7.0661
WS,1975,7.687
WS,1976,8.064
WS,1977,9.2422
WS,1978,9.4325
WS,1979,10.4813
WS,1980,13.9451
WS,1981,16.8047
WS,1982,19.8794
WS,1983,23.1516
WS,1984,25.8973
WS,1985,28.2515
WS,1986,29.8714
WS,1987,31.2355
WS,1988,33.893
WS,1989,36.0834
WS,1990,41.5819
WS,1991,40.8255
WS,1992,44.5125
WS,1993,45.2759
WS,1994,50.7454
WS,1995,49.272
WS,1996,51.9202
WS,1997,55.4829
WS,1998,56.7139
WS,1999,56.8643
WS,2000,57.414
WS,2001,59.6178
WS,2002,64.4172
WS,2003,64.4918
WS,2004,75.0124
WS,2005,76.4052
WS,2006,79.2323
WS,2007,83.6511
WS,2008,93.3261
WS,2009,99.229
WS,2010,100.0
WS,2011,105.2354
WS,2012,107.3917
WS,2013,108.0469
WS,2014,107.6073
WS,2015,108.3869
WS,2016,109.8011
WS,2017,111.7225
WS,2018,116.412
WS,2019,117.5555
WS,2020,115.7112
WS,2021,119.3366
WS,2022,132.4182
WS,2023,142.9079
WS,2024,146.0125
XK,2002,89.3596
XK,2003,88.3902
XK,2004,87.4491
XK,2005,86.2378
XK,2006,86.7739
XK,2007,90.5559
XK,2008,99.0233
XK,2009,96.6366
XK,2010,100.0
XK,2011,107.3364
XK,2012,109.9949
XK,2013,111.9388
XK,2014,112.419
XK,2015,111.8154
XK,2016,112.1208
XK,2017,113.7895
XK,2018,114.9886
XK,2019,118.0656
XK,2020,118.2997
XK,2021,122.2671
XK,2022,136.4262
XK,2023,143.1716
XK,2024,145.4902
YE,1990,3.8447
YE,1991,5.2288
YE,1992,6.7666
YE,1993,9.1859
YE,1994,13.7232
YE,1995,21.282
YE,1996,27.8228
YE,1997,28.4284
YE,1998,30.1275
YE,1999,32.7366
YE,2000,34.2392
YE,2001,38.3176
YE,2002,43.0071
YE,2003,47.6658
YE,2004,53.6312
YE,2005,59.9657
YE,2006,66.4689
YE,2007,71.7234
YE,2008,85.3338
YE,2009,89.9484
YE,2010,100.0
YE,2011,119.5436
YE,2012,131.3609
YE,2013,145.7692
YE,2014,157.5833
ZA,1960,1.7751
ZA,1961,1.8124
ZA,1962,1.835
ZA,1963,1.8596
ZA,1964,1.9067
ZA,1965,1.9843
ZA,1966,2.0535
ZA,1967,2.1262
ZA,1968,2.1684
ZA,1969,2.2387
ZA,1970,2.3504
ZA,1971,2.4904
ZA,1972,2.6505
ZA,1973,2.9005
ZA,1974,3.2406
ZA,1975,3.6756
ZA,1976,4.0807
ZA,1977,4.5358
ZA,1978,5.0409
ZA,1979,5.711
ZA,1980,6.4911
ZA,1981,7.4813
ZA,1982,8.5765
ZA,1983,9.6317
ZA,1984,10.7419
ZA,1985,12.4922
ZA,1986,14.8226
ZA,1987,17.218
ZA,1988,19.4184
ZA,1989,22.2789
ZA,1990,25.4694
ZA,1991,29.3751
ZA,1992,33.4508
ZA,1993,36.7014
ZA,1994,39.982
ZA,1995,43.4526
ZA,1996,46.6481
ZA,1997,50.6588
ZA,1998,54.1445
ZA,1999,56.9499
ZA,2000,59.9905
ZA,2001,63.4111
ZA,2002,69.4318
ZA,2003,73.3751
ZA,2004,72.8673
ZA,2005,74.3705
ZA,2006,76.783
ZA,2007,81.5265
ZA,2008,89.6057
ZA,2009,96.0915
ZA,2010,100.0
ZA,2011,105.0009
ZA,2012,111.0258
ZA,2013,117.4432
ZA,2014,124.6458
ZA,2015,130.2782
ZA,2016,138.8804
ZA,2017,146.0829
ZA,2018,152.6711
ZA,2019,158.935
ZA,2020,164.0724
ZA,2021,171.6505
ZA,2022,183.7344
ZA,2023,194.8967
ZA,2024,203.3965
ZM,1985,0.0136
ZM,1986,0.0211
ZM,1987,0.0311
ZM,1988,0.0469
ZM,1989,0.1048
ZM,1990,0.2169
ZM,1991,0.4286
ZM,1992,1.1389
ZM,1993,3.2266
ZM,1994,4.9884
ZM,1995,6.7309
ZM,1996,9.6301
ZM,1997,11.9816
ZM,1998,14.9122
ZM,1999,18.9068
ZM,2000,23.8283
ZM,2001,28.9261
ZM,2002,35.3573
ZM,2003,42.9243
ZM,2004,50.6369
ZM,2005,59.9158
ZM,2006,65.3199
ZM,2007,72.2813
ZM,2008,81.2771
ZM,2009,92.1644
ZM,2010,100.0
ZM,2011,106.4294
ZM,2012,113.4281
ZM,2013,121.3427
ZM,2014,130.8158
ZM,2015,144.0421
ZM,2016,169.782
ZM,2017,180.9491
ZM,2018,194.5104
ZM,2019,212.3088
ZM,2020,245.7114
ZM,2021,299.819
ZM,2022,332.7787
ZM,2023,369.0001
ZM,2024,424.297
ZW,2009,97.066
ZW,2010,100.0
ZW,2011,103.4661
ZW,2012,107.3206
ZW,2013,109.0752
ZW,2014,108.8595
ZW,2015,106.2131
ZW,2016,104.5736
ZW,2017,105.5084
ZW,2018,116.7122
ZW,2019,414.6843
ZW,2020,2725.3128
ZW,2021,5411.0024
ZW,2022,11076.6018
