trade,match,sic,geography_code,geography,enterprises,local_units,median_turnover_k,under_100k_share,thin
craft-breweries-taprooms,exact,11050,E09000002,Barking and Dagenham,0,0,,,True
craft-breweries-taprooms,exact,11050,E09000003,Barnet,0,5,,,True
craft-breweries-taprooms,exact,11050,E09000004,Bexley,0,0,,,True
craft-breweries-taprooms,exact,11050,E09000005,Brent,5,5,,,True
craft-breweries-taprooms,exact,11050,E09000006,Bromley,5,5,,,True
craft-breweries-taprooms,exact,11050,E09000007,Camden,5,5,,,True
craft-breweries-taprooms,exact,11050,E09000001,City of London,5,5,,,True
craft-breweries-taprooms,exact,11050,E09000008,Croydon,0,0,,,True
craft-breweries-taprooms,exact,11050,E09000009,Ealing,0,0,,,True
craft-breweries-taprooms,exact,11050,E09000010,Enfield,0,0,,,True
craft-breweries-taprooms,exact,11050,E09000011,Greenwich,0,0,,,True
craft-breweries-taprooms,exact,11050,E09000012,Hackney,10,10,,,True
craft-breweries-taprooms,exact,11050,E09000013,Hammersmith and Fulham,0,0,,,True
craft-breweries-taprooms,exact,11050,E09000014,Haringey,5,5,,,True
craft-breweries-taprooms,exact,11050,E09000015,Harrow,0,0,,,True
craft-breweries-taprooms,exact,11050,E09000016,Havering,0,0,,,True
craft-breweries-taprooms,exact,11050,E09000017,Hillingdon,0,0,,,True
craft-breweries-taprooms,exact,11050,E09000018,Hounslow,0,0,,,True
craft-breweries-taprooms,exact,11050,E09000019,Islington,5,5,,,True
craft-breweries-taprooms,exact,11050,E09000020,Kensington and Chelsea,0,0,,,True
craft-breweries-taprooms,exact,11050,E09000021,Kingston upon Thames,5,5,,,True
craft-breweries-taprooms,exact,11050,E09000022,Lambeth,5,5,,,True
craft-breweries-taprooms,exact,11050,E09000023,Lewisham,5,5,,,True
craft-breweries-taprooms,exact,11050,E09000024,Merton,5,5,,,True
craft-breweries-taprooms,exact,11050,E09000025,Newham,0,0,,,True
craft-breweries-taprooms,exact,11050,E09000026,Redbridge,0,0,,,True
craft-breweries-taprooms,exact,11050,E09000027,Richmond upon Thames,5,5,,,True
craft-breweries-taprooms,exact,11050,E09000028,Southwark,10,15,,,True
craft-breweries-taprooms,exact,11050,E09000029,Sutton,0,0,,,True
craft-breweries-taprooms,exact,11050,E09000030,Tower Hamlets,5,5,,,True
craft-breweries-taprooms,exact,11050,E09000031,Waltham Forest,10,10,,,True
craft-breweries-taprooms,exact,11050,E09000032,Wandsworth,5,5,,,True
craft-breweries-taprooms,exact,11050,E09000033,Westminster,5,5,,,True
craft-breweries-taprooms,exact,11050,E92000001,England,985,1045,224.6,0.287,False
craft-breweries-taprooms,exact,11050,E12000007,London,115,120,280.6,0.261,False
coffee-roasters,exact,10832,E09000002,Barking and Dagenham,0,0,,,True
coffee-roasters,exact,10832,E09000003,Barnet,0,0,,,True
coffee-roasters,exact,10832,E09000004,Bexley,0,0,,,True
coffee-roasters,exact,10832,E09000005,Brent,0,0,,,True
coffee-roasters,exact,10832,E09000006,Bromley,0,0,,,True
coffee-roasters,exact,10832,E09000007,Camden,0,0,,,True
coffee-roasters,exact,10832,E09000001,City of London,0,0,,,True
coffee-roasters,exact,10832,E09000008,Croydon,0,0,,,True
coffee-roasters,exact,10832,E09000009,Ealing,0,0,,,True
coffee-roasters,exact,10832,E09000010,Enfield,0,0,,,True
coffee-roasters,exact,10832,E09000011,Greenwich,0,0,,,True
coffee-roasters,exact,10832,E09000012,Hackney,5,5,,,True
coffee-roasters,exact,10832,E09000013,Hammersmith and Fulham,0,0,,,True
coffee-roasters,exact,10832,E09000014,Haringey,0,0,,,True
coffee-roasters,exact,10832,E09000015,Harrow,0,0,,,True
coffee-roasters,exact,10832,E09000016,Havering,0,0,,,True
coffee-roasters,exact,10832,E09000017,Hillingdon,0,0,,,True
coffee-roasters,exact,10832,E09000018,Hounslow,0,0,,,True
coffee-roasters,exact,10832,E09000019,Islington,0,0,,,True
coffee-roasters,exact,10832,E09000020,Kensington and Chelsea,0,0,,,True
coffee-roasters,exact,10832,E09000021,Kingston upon Thames,0,0,,,True
coffee-roasters,exact,10832,E09000022,Lambeth,0,0,,,True
coffee-roasters,exact,10832,E09000023,Lewisham,0,0,,,True
coffee-roasters,exact,10832,E09000024,Merton,0,0,,,True
coffee-roasters,exact,10832,E09000025,Newham,0,0,,,True
coffee-roasters,exact,10832,E09000026,Redbridge,0,0,,,True
coffee-roasters,exact,10832,E09000027,Richmond upon Thames,0,0,,,True
coffee-roasters,exact,10832,E09000028,Southwark,0,0,,,True
coffee-roasters,exact,10832,E09000029,Sutton,0,0,,,True
coffee-roasters,exact,10832,E09000030,Tower Hamlets,0,0,,,True
coffee-roasters,exact,10832,E09000031,Waltham Forest,0,5,,,True
coffee-roasters,exact,10832,E09000032,Wandsworth,0,0,,,True
coffee-roasters,exact,10832,E09000033,Westminster,0,0,,,True
coffee-roasters,exact,10832,E92000001,England,80,95,594.6,0.2,False
coffee-roasters,exact,10832,E12000007,London,15,20,,,True
custom-apparel-uniforms,approx,14120+14190,E09000002,Barking and Dagenham,5,5,,,True
custom-apparel-uniforms,approx,14120+14190,E09000003,Barnet,15,15,,,True
custom-apparel-uniforms,approx,14120+14190,E09000004,Bexley,0,0,,,True
custom-apparel-uniforms,approx,14120+14190,E09000005,Brent,10,10,,,True
custom-apparel-uniforms,approx,14120+14190,E09000006,Bromley,10,10,,,True
custom-apparel-uniforms,approx,14120+14190,E09000007,Camden,20,25,,,True
custom-apparel-uniforms,approx,14120+14190,E09000001,City of London,5,5,,,True
custom-apparel-uniforms,approx,14120+14190,E09000008,Croydon,5,5,,,True
custom-apparel-uniforms,approx,14120+14190,E09000009,Ealing,15,15,,,True
custom-apparel-uniforms,approx,14120+14190,E09000010,Enfield,15,15,,,True
custom-apparel-uniforms,approx,14120+14190,E09000011,Greenwich,0,0,,,True
custom-apparel-uniforms,approx,14120+14190,E09000012,Hackney,20,20,,,True
custom-apparel-uniforms,approx,14120+14190,E09000013,Hammersmith and Fulham,5,5,,,True
custom-apparel-uniforms,approx,14120+14190,E09000014,Haringey,20,20,,,True
custom-apparel-uniforms,approx,14120+14190,E09000015,Harrow,5,5,,,True
custom-apparel-uniforms,approx,14120+14190,E09000016,Havering,0,0,,,True
custom-apparel-uniforms,approx,14120+14190,E09000017,Hillingdon,10,10,,,True
custom-apparel-uniforms,approx,14120+14190,E09000018,Hounslow,5,5,,,True
custom-apparel-uniforms,approx,14120+14190,E09000019,Islington,15,15,,,True
custom-apparel-uniforms,approx,14120+14190,E09000020,Kensington and Chelsea,10,15,,,True
custom-apparel-uniforms,approx,14120+14190,E09000021,Kingston upon Thames,5,5,,,True
custom-apparel-uniforms,approx,14120+14190,E09000022,Lambeth,5,5,,,True
custom-apparel-uniforms,approx,14120+14190,E09000023,Lewisham,10,10,,,True
custom-apparel-uniforms,approx,14120+14190,E09000024,Merton,5,5,,,True
custom-apparel-uniforms,approx,14120+14190,E09000025,Newham,5,5,,,True
custom-apparel-uniforms,approx,14120+14190,E09000026,Redbridge,15,15,,,True
custom-apparel-uniforms,approx,14120+14190,E09000027,Richmond upon Thames,5,5,,,True
custom-apparel-uniforms,approx,14120+14190,E09000028,Southwark,15,15,,,True
custom-apparel-uniforms,approx,14120+14190,E09000029,Sutton,0,0,,,True
custom-apparel-uniforms,approx,14120+14190,E09000030,Tower Hamlets,25,30,,,True
custom-apparel-uniforms,approx,14120+14190,E09000031,Waltham Forest,5,5,,,True
custom-apparel-uniforms,approx,14120+14190,E09000032,Wandsworth,15,15,,,True
custom-apparel-uniforms,approx,14120+14190,E09000033,Westminster,40,40,100.0,0.5,False
custom-apparel-uniforms,approx,14120+14190,E92000001,England,1225,1245,106.1,0.484,False
custom-apparel-uniforms,approx,14120+14190,E12000007,London,345,350,78.7,0.567,False
small-leather-goods,exact,15120,E09000002,Barking and Dagenham,0,0,,,True
small-leather-goods,exact,15120,E09000003,Barnet,0,0,,,True
small-leather-goods,exact,15120,E09000004,Bexley,0,0,,,True
small-leather-goods,exact,15120,E09000005,Brent,5,5,,,True
small-leather-goods,exact,15120,E09000006,Bromley,0,0,,,True
small-leather-goods,exact,15120,E09000007,Camden,10,10,,,True
small-leather-goods,exact,15120,E09000001,City of London,0,0,,,True
small-leather-goods,exact,15120,E09000008,Croydon,0,0,,,True
small-leather-goods,exact,15120,E09000009,Ealing,5,0,,,True
small-leather-goods,exact,15120,E09000010,Enfield,0,0,,,True
small-leather-goods,exact,15120,E09000011,Greenwich,0,0,,,True
small-leather-goods,exact,15120,E09000012,Hackney,5,10,,,True
small-leather-goods,exact,15120,E09000013,Hammersmith and Fulham,5,5,,,True
small-leather-goods,exact,15120,E09000014,Haringey,0,0,,,True
small-leather-goods,exact,15120,E09000015,Harrow,0,0,,,True
small-leather-goods,exact,15120,E09000016,Havering,0,0,,,True
small-leather-goods,exact,15120,E09000017,Hillingdon,0,0,,,True
small-leather-goods,exact,15120,E09000018,Hounslow,0,0,,,True
small-leather-goods,exact,15120,E09000019,Islington,5,5,,,True
small-leather-goods,exact,15120,E09000020,Kensington and Chelsea,5,5,,,True
small-leather-goods,exact,15120,E09000021,Kingston upon Thames,0,0,,,True
small-leather-goods,exact,15120,E09000022,Lambeth,5,5,,,True
small-leather-goods,exact,15120,E09000023,Lewisham,5,5,,,True
small-leather-goods,exact,15120,E09000024,Merton,0,0,,,True
small-leather-goods,exact,15120,E09000025,Newham,5,5,,,True
small-leather-goods,exact,15120,E09000026,Redbridge,5,5,,,True
small-leather-goods,exact,15120,E09000027,Richmond upon Thames,0,0,,,True
small-leather-goods,exact,15120,E09000028,Southwark,5,5,,,True
small-leather-goods,exact,15120,E09000029,Sutton,0,0,,,True
small-leather-goods,exact,15120,E09000030,Tower Hamlets,5,5,,,True
small-leather-goods,exact,15120,E09000031,Waltham Forest,0,0,,,True
small-leather-goods,exact,15120,E09000032,Wandsworth,5,5,,,True
small-leather-goods,exact,15120,E09000033,Westminster,10,5,,,True
small-leather-goods,exact,15120,E92000001,England,340,350,118.7,0.455,False
small-leather-goods,exact,15120,E12000007,London,85,85,100.0,0.5,False
custom-furniture-makers,approx,31090,E09000002,Barking and Dagenham,10,10,,,True
custom-furniture-makers,approx,31090,E09000003,Barnet,10,10,,,True
custom-furniture-makers,approx,31090,E09000004,Bexley,5,5,,,True
custom-furniture-makers,approx,31090,E09000005,Brent,15,20,,,True
custom-furniture-makers,approx,31090,E09000006,Bromley,15,15,,,True
custom-furniture-makers,approx,31090,E09000007,Camden,15,20,,,True
custom-furniture-makers,approx,31090,E09000001,City of London,5,5,,,True
custom-furniture-makers,approx,31090,E09000008,Croydon,10,5,,,True
custom-furniture-makers,approx,31090,E09000009,Ealing,30,30,,,True
custom-furniture-makers,approx,31090,E09000010,Enfield,10,15,,,True
custom-furniture-makers,approx,31090,E09000011,Greenwich,10,10,,,True
custom-furniture-makers,approx,31090,E09000012,Hackney,20,20,,,True
custom-furniture-makers,approx,31090,E09000013,Hammersmith and Fulham,15,20,,,True
custom-furniture-makers,approx,31090,E09000014,Haringey,20,25,,,True
custom-furniture-makers,approx,31090,E09000015,Harrow,10,5,,,True
custom-furniture-makers,approx,31090,E09000016,Havering,5,5,,,True
custom-furniture-makers,approx,31090,E09000017,Hillingdon,15,15,,,True
custom-furniture-makers,approx,31090,E09000018,Hounslow,15,15,,,True
custom-furniture-makers,approx,31090,E09000019,Islington,15,20,,,True
custom-furniture-makers,approx,31090,E09000020,Kensington and Chelsea,5,10,,,True
custom-furniture-makers,approx,31090,E09000021,Kingston upon Thames,5,5,,,True
custom-furniture-makers,approx,31090,E09000022,Lambeth,15,15,,,True
custom-furniture-makers,approx,31090,E09000023,Lewisham,10,10,,,True
custom-furniture-makers,approx,31090,E09000024,Merton,15,15,,,True
custom-furniture-makers,approx,31090,E09000025,Newham,10,10,,,True
custom-furniture-makers,approx,31090,E09000026,Redbridge,15,10,,,True
custom-furniture-makers,approx,31090,E09000027,Richmond upon Thames,10,10,,,True
custom-furniture-makers,approx,31090,E09000028,Southwark,15,15,,,True
custom-furniture-makers,approx,31090,E09000029,Sutton,5,5,,,True
custom-furniture-makers,approx,31090,E09000030,Tower Hamlets,10,10,,,True
custom-furniture-makers,approx,31090,E09000031,Waltham Forest,30,30,,,True
custom-furniture-makers,approx,31090,E09000032,Wandsworth,15,15,,,True
custom-furniture-makers,approx,31090,E09000033,Westminster,15,15,,,True
custom-furniture-makers,approx,31090,E92000001,England,3425,3525,180.6,0.286,False
custom-furniture-makers,approx,31090,E12000007,London,435,455,158.1,0.356,False
print-shops-offset-digital,exact,18129,E09000002,Barking and Dagenham,20,25,,,True
print-shops-offset-digital,exact,18129,E09000003,Barnet,30,35,,,True
print-shops-offset-digital,exact,18129,E09000004,Bexley,25,30,,,True
print-shops-offset-digital,exact,18129,E09000005,Brent,30,35,,,True
print-shops-offset-digital,exact,18129,E09000006,Bromley,50,55,100.0,0.5,False
print-shops-offset-digital,exact,18129,E09000007,Camden,50,60,198.8,0.2,False
print-shops-offset-digital,exact,18129,E09000001,City of London,20,25,,,True
print-shops-offset-digital,exact,18129,E09000008,Croydon,35,35,,,True
print-shops-offset-digital,exact,18129,E09000009,Ealing,35,35,,,True
print-shops-offset-digital,exact,18129,E09000010,Enfield,35,35,,,True
print-shops-offset-digital,exact,18129,E09000011,Greenwich,35,40,,,True
print-shops-offset-digital,exact,18129,E09000012,Hackney,60,65,100.0,0.5,False
print-shops-offset-digital,exact,18129,E09000013,Hammersmith and Fulham,10,10,,,True
print-shops-offset-digital,exact,18129,E09000014,Haringey,35,30,,,True
print-shops-offset-digital,exact,18129,E09000015,Harrow,20,20,,,True
print-shops-offset-digital,exact,18129,E09000016,Havering,15,20,,,True
print-shops-offset-digital,exact,18129,E09000017,Hillingdon,25,30,,,True
print-shops-offset-digital,exact,18129,E09000018,Hounslow,20,25,,,True
print-shops-offset-digital,exact,18129,E09000019,Islington,40,45,198.8,0.286,False
print-shops-offset-digital,exact,18129,E09000020,Kensington and Chelsea,10,15,,,True
print-shops-offset-digital,exact,18129,E09000021,Kingston upon Thames,20,20,,,True
print-shops-offset-digital,exact,18129,E09000022,Lambeth,15,15,,,True
print-shops-offset-digital,exact,18129,E09000023,Lewisham,25,25,,,True
print-shops-offset-digital,exact,18129,E09000024,Merton,20,20,,,True
print-shops-offset-digital,exact,18129,E09000025,Newham,30,30,,,True
print-shops-offset-digital,exact,18129,E09000026,Redbridge,20,20,,,True
print-shops-offset-digital,exact,18129,E09000027,Richmond upon Thames,15,20,,,True
print-shops-offset-digital,exact,18129,E09000028,Southwark,45,55,214.6,0.222,False
print-shops-offset-digital,exact,18129,E09000029,Sutton,15,15,,,True
print-shops-offset-digital,exact,18129,E09000030,Tower Hamlets,30,35,,,True
print-shops-offset-digital,exact,18129,E09000031,Waltham Forest,20,20,,,True
print-shops-offset-digital,exact,18129,E09000032,Wandsworth,20,25,,,True
print-shops-offset-digital,exact,18129,E09000033,Westminster,45,55,198.8,0.333,False
print-shops-offset-digital,exact,18129,E92000001,England,6285,6560,162.3,0.354,False
print-shops-offset-digital,exact,18129,E12000007,London,935,1010,144.3,0.383,False
sign-shops-graphics-fab,approx,32990,E09000002,Barking and Dagenham,5,5,,,True
sign-shops-graphics-fab,approx,32990,E09000003,Barnet,20,20,,,True
sign-shops-graphics-fab,approx,32990,E09000004,Bexley,10,10,,,True
sign-shops-graphics-fab,approx,32990,E09000005,Brent,10,10,,,True
sign-shops-graphics-fab,approx,32990,E09000006,Bromley,10,15,,,True
sign-shops-graphics-fab,approx,32990,E09000007,Camden,25,25,,,True
sign-shops-graphics-fab,approx,32990,E09000001,City of London,15,10,,,True
sign-shops-graphics-fab,approx,32990,E09000008,Croydon,20,20,,,True
sign-shops-graphics-fab,approx,32990,E09000009,Ealing,25,25,,,True
sign-shops-graphics-fab,approx,32990,E09000010,Enfield,10,10,,,True
sign-shops-graphics-fab,approx,32990,E09000011,Greenwich,10,10,,,True
sign-shops-graphics-fab,approx,32990,E09000012,Hackney,40,40,135.7,0.333,False
sign-shops-graphics-fab,approx,32990,E09000013,Hammersmith and Fulham,5,5,,,True
sign-shops-graphics-fab,approx,32990,E09000014,Haringey,15,15,,,True
sign-shops-graphics-fab,approx,32990,E09000015,Harrow,15,15,,,True
sign-shops-graphics-fab,approx,32990,E09000016,Havering,20,20,,,True
sign-shops-graphics-fab,approx,32990,E09000017,Hillingdon,5,5,,,True
sign-shops-graphics-fab,approx,32990,E09000018,Hounslow,15,15,,,True
sign-shops-graphics-fab,approx,32990,E09000019,Islington,25,20,,,True
sign-shops-graphics-fab,approx,32990,E09000020,Kensington and Chelsea,5,5,,,True
sign-shops-graphics-fab,approx,32990,E09000021,Kingston upon Thames,10,10,,,True
sign-shops-graphics-fab,approx,32990,E09000022,Lambeth,10,15,,,True
sign-shops-graphics-fab,approx,32990,E09000023,Lewisham,15,15,,,True
sign-shops-graphics-fab,approx,32990,E09000024,Merton,10,15,,,True
sign-shops-graphics-fab,approx,32990,E09000025,Newham,10,10,,,True
sign-shops-graphics-fab,approx,32990,E09000026,Redbridge,10,10,,,True
sign-shops-graphics-fab,approx,32990,E09000027,Richmond upon Thames,5,10,,,True
sign-shops-graphics-fab,approx,32990,E09000028,Southwark,20,20,,,True
sign-shops-graphics-fab,approx,32990,E09000029,Sutton,5,5,,,True
sign-shops-graphics-fab,approx,32990,E09000030,Tower Hamlets,20,20,,,True
sign-shops-graphics-fab,approx,32990,E09000031,Waltham Forest,20,20,,,True
sign-shops-graphics-fab,approx,32990,E09000032,Wandsworth,15,15,,,True
sign-shops-graphics-fab,approx,32990,E09000033,Westminster,30,35,,,True
sign-shops-graphics-fab,approx,32990,E92000001,England,3450,3505,153.2,0.372,False
sign-shops-graphics-fab,approx,32990,E12000007,London,485,490,110.5,0.474,False
soap-candle-makers,approx,20411,E09000002,Barking and Dagenham,0,0,,,True
soap-candle-makers,approx,20411,E09000003,Barnet,0,0,,,True
soap-candle-makers,approx,20411,E09000004,Bexley,0,0,,,True
soap-candle-makers,approx,20411,E09000005,Brent,0,0,,,True
soap-candle-makers,approx,20411,E09000006,Bromley,0,0,,,True
soap-candle-makers,approx,20411,E09000007,Camden,0,0,,,True
soap-candle-makers,approx,20411,E09000001,City of London,0,0,,,True
soap-candle-makers,approx,20411,E09000008,Croydon,0,0,,,True
soap-candle-makers,approx,20411,E09000009,Ealing,0,0,,,True
soap-candle-makers,approx,20411,E09000010,Enfield,0,5,,,True
soap-candle-makers,approx,20411,E09000011,Greenwich,0,0,,,True
soap-candle-makers,approx,20411,E09000012,Hackney,0,0,,,True
soap-candle-makers,approx,20411,E09000013,Hammersmith and Fulham,0,0,,,True
soap-candle-makers,approx,20411,E09000014,Haringey,0,0,,,True
soap-candle-makers,approx,20411,E09000015,Harrow,0,0,,,True
soap-candle-makers,approx,20411,E09000016,Havering,0,0,,,True
soap-candle-makers,approx,20411,E09000017,Hillingdon,0,0,,,True
soap-candle-makers,approx,20411,E09000018,Hounslow,0,0,,,True
soap-candle-makers,approx,20411,E09000019,Islington,0,0,,,True
soap-candle-makers,approx,20411,E09000020,Kensington and Chelsea,0,0,,,True
soap-candle-makers,approx,20411,E09000021,Kingston upon Thames,0,0,,,True
soap-candle-makers,approx,20411,E09000022,Lambeth,0,0,,,True
soap-candle-makers,approx,20411,E09000023,Lewisham,0,0,,,True
soap-candle-makers,approx,20411,E09000024,Merton,0,0,,,True
soap-candle-makers,approx,20411,E09000025,Newham,0,0,,,True
soap-candle-makers,approx,20411,E09000026,Redbridge,0,0,,,True
soap-candle-makers,approx,20411,E09000027,Richmond upon Thames,0,0,,,True
soap-candle-makers,approx,20411,E09000028,Southwark,0,0,,,True
soap-candle-makers,approx,20411,E09000029,Sutton,0,0,,,True
soap-candle-makers,approx,20411,E09000030,Tower Hamlets,0,0,,,True
soap-candle-makers,approx,20411,E09000031,Waltham Forest,0,0,,,True
soap-candle-makers,approx,20411,E09000032,Wandsworth,0,0,,,True
soap-candle-makers,approx,20411,E09000033,Westminster,0,0,,,True
soap-candle-makers,approx,20411,E92000001,England,165,180,211.6,0.235,False
soap-candle-makers,approx,20411,E12000007,London,15,15,,,True
metal-fabrication-machine-shops,exact,25620+25110,E09000002,Barking and Dagenham,15,20,,,True
metal-fabrication-machine-shops,exact,25620+25110,E09000003,Barnet,25,25,,,True
metal-fabrication-machine-shops,exact,25620+25110,E09000004,Bexley,30,30,,,True
metal-fabrication-machine-shops,exact,25620+25110,E09000005,Brent,25,25,,,True
metal-fabrication-machine-shops,exact,25620+25110,E09000006,Bromley,20,20,,,True
metal-fabrication-machine-shops,exact,25620+25110,E09000007,Camden,15,20,,,True
metal-fabrication-machine-shops,exact,25620+25110,E09000001,City of London,10,15,,,True
metal-fabrication-machine-shops,exact,25620+25110,E09000008,Croydon,25,25,,,True
metal-fabrication-machine-shops,exact,25620+25110,E09000009,Ealing,35,35,,,True
metal-fabrication-machine-shops,exact,25620+25110,E09000010,Enfield,20,20,,,True
metal-fabrication-machine-shops,exact,25620+25110,E09000011,Greenwich,10,10,,,True
metal-fabrication-machine-shops,exact,25620+25110,E09000012,Hackney,15,20,,,True
metal-fabrication-machine-shops,exact,25620+25110,E09000013,Hammersmith and Fulham,15,15,,,True
metal-fabrication-machine-shops,exact,25620+25110,E09000014,Haringey,20,20,,,True
metal-fabrication-machine-shops,exact,25620+25110,E09000015,Harrow,15,10,,,True
metal-fabrication-machine-shops,exact,25620+25110,E09000016,Havering,20,25,,,True
metal-fabrication-machine-shops,exact,25620+25110,E09000017,Hillingdon,40,50,125.7,0.429,False
metal-fabrication-machine-shops,exact,25620+25110,E09000018,Hounslow,25,25,,,True
metal-fabrication-machine-shops,exact,25620+25110,E09000019,Islington,20,25,,,True
metal-fabrication-machine-shops,exact,25620+25110,E09000020,Kensington and Chelsea,0,0,,,True
metal-fabrication-machine-shops,exact,25620+25110,E09000021,Kingston upon Thames,5,15,,,True
metal-fabrication-machine-shops,exact,25620+25110,E09000022,Lambeth,5,5,,,True
metal-fabrication-machine-shops,exact,25620+25110,E09000023,Lewisham,5,10,,,True
metal-fabrication-machine-shops,exact,25620+25110,E09000024,Merton,15,20,,,True
metal-fabrication-machine-shops,exact,25620+25110,E09000025,Newham,15,15,,,True
metal-fabrication-machine-shops,exact,25620+25110,E09000026,Redbridge,20,25,,,True
metal-fabrication-machine-shops,exact,25620+25110,E09000027,Richmond upon Thames,10,10,,,True
metal-fabrication-machine-shops,exact,25620+25110,E09000028,Southwark,15,20,,,True
metal-fabrication-machine-shops,exact,25620+25110,E09000029,Sutton,15,25,,,True
metal-fabrication-machine-shops,exact,25620+25110,E09000030,Tower Hamlets,20,25,,,True
metal-fabrication-machine-shops,exact,25620+25110,E09000031,Waltham Forest,25,25,,,True
metal-fabrication-machine-shops,exact,25620+25110,E09000032,Wandsworth,5,10,,,True
metal-fabrication-machine-shops,exact,25620+25110,E09000033,Westminster,15,20,,,True
metal-fabrication-machine-shops,exact,25620+25110,E92000001,England,10125,10760,239.5,0.283,False
metal-fabrication-machine-shops,exact,25620+25110,E12000007,London,585,650,141.6,0.407,False
custom-jewelers-mfg,exact,32120,E09000002,Barking and Dagenham,0,0,,,True
custom-jewelers-mfg,exact,32120,E09000003,Barnet,20,20,,,True
custom-jewelers-mfg,exact,32120,E09000004,Bexley,5,5,,,True
custom-jewelers-mfg,exact,32120,E09000005,Brent,15,15,,,True
custom-jewelers-mfg,exact,32120,E09000006,Bromley,5,5,,,True
custom-jewelers-mfg,exact,32120,E09000007,Camden,165,170,262.7,0.182,False
custom-jewelers-mfg,exact,32120,E09000001,City of London,5,5,,,True
custom-jewelers-mfg,exact,32120,E09000008,Croydon,10,10,,,True
custom-jewelers-mfg,exact,32120,E09000009,Ealing,5,5,,,True
custom-jewelers-mfg,exact,32120,E09000010,Enfield,10,10,,,True
custom-jewelers-mfg,exact,32120,E09000011,Greenwich,10,10,,,True
custom-jewelers-mfg,exact,32120,E09000012,Hackney,30,30,,,True
custom-jewelers-mfg,exact,32120,E09000013,Hammersmith and Fulham,10,10,,,True
custom-jewelers-mfg,exact,32120,E09000014,Haringey,5,5,,,True
custom-jewelers-mfg,exact,32120,E09000015,Harrow,10,10,,,True
custom-jewelers-mfg,exact,32120,E09000016,Havering,5,5,,,True
custom-jewelers-mfg,exact,32120,E09000017,Hillingdon,5,5,,,True
custom-jewelers-mfg,exact,32120,E09000018,Hounslow,5,5,,,True
custom-jewelers-mfg,exact,32120,E09000019,Islington,45,50,158.1,0.333,False
custom-jewelers-mfg,exact,32120,E09000020,Kensington and Chelsea,15,15,,,True
custom-jewelers-mfg,exact,32120,E09000021,Kingston upon Thames,5,5,,,True
custom-jewelers-mfg,exact,32120,E09000022,Lambeth,5,5,,,True
custom-jewelers-mfg,exact,32120,E09000023,Lewisham,10,10,,,True
custom-jewelers-mfg,exact,32120,E09000024,Merton,5,5,,,True
custom-jewelers-mfg,exact,32120,E09000025,Newham,5,10,,,True
custom-jewelers-mfg,exact,32120,E09000026,Redbridge,5,5,,,True
custom-jewelers-mfg,exact,32120,E09000027,Richmond upon Thames,5,5,,,True
custom-jewelers-mfg,exact,32120,E09000028,Southwark,5,5,,,True
custom-jewelers-mfg,exact,32120,E09000029,Sutton,5,5,,,True
custom-jewelers-mfg,exact,32120,E09000030,Tower Hamlets,15,15,,,True
custom-jewelers-mfg,exact,32120,E09000031,Waltham Forest,5,5,,,True
custom-jewelers-mfg,exact,32120,E09000032,Wandsworth,10,10,,,True
custom-jewelers-mfg,exact,32120,E09000033,Westminster,55,55,141.0,0.333,False
custom-jewelers-mfg,exact,32120,E92000001,England,1360,1380,169.8,0.282,False
custom-jewelers-mfg,exact,32120,E12000007,London,520,530,176.8,0.279,False
specialty-trades-mixed,approx,43999,E09000002,Barking and Dagenham,175,180,173.3,0.333,False
specialty-trades-mixed,approx,43999,E09000003,Barnet,180,180,164.8,0.333,False
specialty-trades-mixed,approx,43999,E09000004,Bexley,130,135,166.4,0.308,False
specialty-trades-mixed,approx,43999,E09000005,Brent,155,160,144.3,0.375,False
specialty-trades-mixed,approx,43999,E09000006,Bromley,160,160,164.8,0.312,False
specialty-trades-mixed,approx,43999,E09000007,Camden,80,80,158.1,0.333,False
specialty-trades-mixed,approx,43999,E09000001,City of London,55,50,420.4,0.273,False
specialty-trades-mixed,approx,43999,E09000008,Croydon,125,125,133.2,0.4,False
specialty-trades-mixed,approx,43999,E09000009,Ealing,145,150,158.1,0.357,False
specialty-trades-mixed,approx,43999,E09000010,Enfield,175,175,151.0,0.364,False
specialty-trades-mixed,approx,43999,E09000011,Greenwich,95,95,198.8,0.35,False
specialty-trades-mixed,approx,43999,E09000012,Hackney,115,115,142.8,0.348,False
specialty-trades-mixed,approx,43999,E09000013,Hammersmith and Fulham,35,35,,,True
specialty-trades-mixed,approx,43999,E09000014,Haringey,105,110,148.1,0.364,False
specialty-trades-mixed,approx,43999,E09000015,Harrow,185,190,158.1,0.361,False
specialty-trades-mixed,approx,43999,E09000016,Havering,240,235,163.4,0.34,False
specialty-trades-mixed,approx,43999,E09000017,Hillingdon,160,160,203.9,0.281,False
specialty-trades-mixed,approx,43999,E09000018,Hounslow,95,95,149.3,0.316,False
specialty-trades-mixed,approx,43999,E09000019,Islington,115,120,114.0,0.458,False
specialty-trades-mixed,approx,43999,E09000020,Kensington and Chelsea,20,20,,,True
specialty-trades-mixed,approx,43999,E09000021,Kingston upon Thames,50,50,141.0,0.333,False
specialty-trades-mixed,approx,43999,E09000022,Lambeth,40,40,250.0,0.333,False
specialty-trades-mixed,approx,43999,E09000023,Lewisham,70,70,158.1,0.308,False
specialty-trades-mixed,approx,43999,E09000024,Merton,80,80,228.1,0.2,False
specialty-trades-mixed,approx,43999,E09000025,Newham,195,200,146.5,0.375,False
specialty-trades-mixed,approx,43999,E09000026,Redbridge,200,200,175.7,0.3,False
specialty-trades-mixed,approx,43999,E09000027,Richmond upon Thames,45,45,177.3,0.222,False
specialty-trades-mixed,approx,43999,E09000028,Southwark,55,55,116.5,0.455,False
specialty-trades-mixed,approx,43999,E09000029,Sutton,100,100,135.7,0.4,False
specialty-trades-mixed,approx,43999,E09000030,Tower Hamlets,60,60,177.3,0.308,False
specialty-trades-mixed,approx,43999,E09000031,Waltham Forest,130,135,158.1,0.37,False
specialty-trades-mixed,approx,43999,E09000032,Wandsworth,50,55,125.7,0.4,False
specialty-trades-mixed,approx,43999,E09000033,Westminster,95,100,198.8,0.333,False
specialty-trades-mixed,approx,43999,E92000001,England,21290,21625,162.7,0.326,False
specialty-trades-mixed,approx,43999,E12000007,London,3730,3760,162.3,0.339,False
plumbers,shared,43220,E09000002,Barking and Dagenham,130,130,104.3,0.481,False
plumbers,shared,43220,E09000003,Barnet,280,280,131.6,0.393,False
plumbers,shared,43220,E09000004,Bexley,305,310,144.9,0.361,False
plumbers,shared,43220,E09000005,Brent,210,210,121.7,0.429,False
plumbers,shared,43220,E09000006,Bromley,365,360,145.7,0.342,False
plumbers,shared,43220,E09000007,Camden,150,155,128.4,0.393,False
plumbers,shared,43220,E09000001,City of London,35,45,,,True
plumbers,shared,43220,E09000008,Croydon,265,270,121.3,0.426,False
plumbers,shared,43220,E09000009,Ealing,225,230,129.4,0.4,False
plumbers,shared,43220,E09000010,Enfield,270,275,124.5,0.396,False
plumbers,shared,43220,E09000011,Greenwich,135,140,118.7,0.444,False
plumbers,shared,43220,E09000012,Hackney,140,145,144.3,0.357,False
plumbers,shared,43220,E09000013,Hammersmith and Fulham,60,65,120.1,0.429,False
plumbers,shared,43220,E09000014,Haringey,115,115,100.0,0.5,False
plumbers,shared,43220,E09000015,Harrow,195,200,134.2,0.385,False
plumbers,shared,43220,E09000016,Havering,290,295,137.8,0.379,False
plumbers,shared,43220,E09000017,Hillingdon,255,255,134.7,0.373,False
plumbers,shared,43220,E09000018,Hounslow,145,150,130.6,0.379,False
plumbers,shared,43220,E09000019,Islington,135,135,116.5,0.44,False
plumbers,shared,43220,E09000020,Kensington and Chelsea,50,50,100.0,0.5,False
plumbers,shared,43220,E09000021,Kingston upon Thames,115,110,144.3,0.318,False
plumbers,shared,43220,E09000022,Lambeth,100,105,107.9,0.474,False
plumbers,shared,43220,E09000023,Lewisham,100,105,116.5,0.429,False
plumbers,shared,43220,E09000024,Merton,135,135,122.6,0.429,False
plumbers,shared,43220,E09000025,Newham,145,155,122.6,0.433,False
plumbers,shared,43220,E09000026,Redbridge,200,200,125.7,0.41,False
plumbers,shared,43220,E09000027,Richmond upon Thames,95,95,192.4,0.222,False
plumbers,shared,43220,E09000028,Southwark,70,80,109.6,0.467,False
plumbers,shared,43220,E09000029,Sutton,220,230,138.2,0.364,False
plumbers,shared,43220,E09000030,Tower Hamlets,70,75,135.7,0.357,False
plumbers,shared,43220,E09000031,Waltham Forest,190,190,122.2,0.41,False
plumbers,shared,43220,E09000032,Wandsworth,110,105,129.9,0.409,False
plumbers,shared,43220,E09000033,Westminster,115,125,167.4,0.304,False
plumbers,shared,43220,E92000001,England,41655,42130,147.8,0.325,False
plumbers,shared,43220,E12000007,London,5420,5525,130.9,0.393,False
electricians,exact,43210,E09000002,Barking and Dagenham,130,130,122.6,0.423,False
electricians,exact,43210,E09000003,Barnet,285,290,127.1,0.404,False
electricians,exact,43210,E09000004,Bexley,315,315,114.7,0.452,False
electricians,exact,43210,E09000005,Brent,190,205,114.0,0.447,False
electricians,exact,43210,E09000006,Bromley,390,385,142.3,0.372,False
electricians,exact,43210,E09000007,Camden,145,155,135.7,0.393,False
electricians,exact,43210,E09000001,City of London,50,75,214.6,0.273,False
electricians,exact,43210,E09000008,Croydon,310,310,124.5,0.413,False
electricians,exact,43210,E09000009,Ealing,220,220,133.2,0.391,False
electricians,exact,43210,E09000010,Enfield,295,300,124.4,0.414,False
electricians,exact,43210,E09000011,Greenwich,130,135,96.9,0.52,False
electricians,exact,43210,E09000012,Hackney,150,155,109.6,0.467,False
electricians,exact,43210,E09000013,Hammersmith and Fulham,55,60,125.7,0.417,False
electricians,exact,43210,E09000014,Haringey,105,105,114.0,0.455,False
electricians,exact,43210,E09000015,Harrow,205,210,123.5,0.425,False
electricians,exact,43210,E09000016,Havering,370,375,142.5,0.384,False
electricians,exact,43210,E09000017,Hillingdon,255,265,131.6,0.385,False
electricians,exact,43210,E09000018,Hounslow,130,135,129.0,0.4,False
electricians,exact,43210,E09000019,Islington,160,170,118.1,0.438,False
electricians,exact,43210,E09000020,Kensington and Chelsea,45,45,100.0,0.5,False
electricians,exact,43210,E09000021,Kingston upon Thames,105,105,158.1,0.333,False
electricians,exact,43210,E09000022,Lambeth,105,110,96.2,0.524,False
electricians,exact,43210,E09000023,Lewisham,100,105,129.0,0.381,False
electricians,exact,43210,E09000024,Merton,165,170,104.7,0.484,False
electricians,exact,43210,E09000025,Newham,145,155,110.7,0.464,False
electricians,exact,43210,E09000026,Redbridge,200,200,123.8,0.41,False
electricians,exact,43210,E09000027,Richmond upon Thames,95,90,100.0,0.5,False
electricians,exact,43210,E09000028,Southwark,75,75,100.0,0.5,False
electricians,exact,43210,E09000029,Sutton,235,240,135.7,0.391,False
electricians,exact,43210,E09000030,Tower Hamlets,80,95,144.3,0.375,False
electricians,exact,43210,E09000031,Waltham Forest,165,170,128.4,0.412,False
electricians,exact,43210,E09000032,Wandsworth,95,95,125.7,0.421,False
electricians,exact,43210,E09000033,Westminster,115,135,170.7,0.348,False
electricians,exact,43210,E92000001,England,44110,44915,145.3,0.352,False
electricians,exact,43210,E12000007,London,5610,5785,127.0,0.413,False
hvac-services,shared,43220,E09000002,Barking and Dagenham,130,130,104.3,0.481,False
hvac-services,shared,43220,E09000003,Barnet,280,280,131.6,0.393,False
hvac-services,shared,43220,E09000004,Bexley,305,310,144.9,0.361,False
hvac-services,shared,43220,E09000005,Brent,210,210,121.7,0.429,False
hvac-services,shared,43220,E09000006,Bromley,365,360,145.7,0.342,False
hvac-services,shared,43220,E09000007,Camden,150,155,128.4,0.393,False
hvac-services,shared,43220,E09000001,City of London,35,45,,,True
hvac-services,shared,43220,E09000008,Croydon,265,270,121.3,0.426,False
hvac-services,shared,43220,E09000009,Ealing,225,230,129.4,0.4,False
hvac-services,shared,43220,E09000010,Enfield,270,275,124.5,0.396,False
hvac-services,shared,43220,E09000011,Greenwich,135,140,118.7,0.444,False
hvac-services,shared,43220,E09000012,Hackney,140,145,144.3,0.357,False
hvac-services,shared,43220,E09000013,Hammersmith and Fulham,60,65,120.1,0.429,False
hvac-services,shared,43220,E09000014,Haringey,115,115,100.0,0.5,False
hvac-services,shared,43220,E09000015,Harrow,195,200,134.2,0.385,False
hvac-services,shared,43220,E09000016,Havering,290,295,137.8,0.379,False
hvac-services,shared,43220,E09000017,Hillingdon,255,255,134.7,0.373,False
hvac-services,shared,43220,E09000018,Hounslow,145,150,130.6,0.379,False
hvac-services,shared,43220,E09000019,Islington,135,135,116.5,0.44,False
hvac-services,shared,43220,E09000020,Kensington and Chelsea,50,50,100.0,0.5,False
hvac-services,shared,43220,E09000021,Kingston upon Thames,115,110,144.3,0.318,False
hvac-services,shared,43220,E09000022,Lambeth,100,105,107.9,0.474,False
hvac-services,shared,43220,E09000023,Lewisham,100,105,116.5,0.429,False
hvac-services,shared,43220,E09000024,Merton,135,135,122.6,0.429,False
hvac-services,shared,43220,E09000025,Newham,145,155,122.6,0.433,False
hvac-services,shared,43220,E09000026,Redbridge,200,200,125.7,0.41,False
hvac-services,shared,43220,E09000027,Richmond upon Thames,95,95,192.4,0.222,False
hvac-services,shared,43220,E09000028,Southwark,70,80,109.6,0.467,False
hvac-services,shared,43220,E09000029,Sutton,220,230,138.2,0.364,False
hvac-services,shared,43220,E09000030,Tower Hamlets,70,75,135.7,0.357,False
hvac-services,shared,43220,E09000031,Waltham Forest,190,190,122.2,0.41,False
hvac-services,shared,43220,E09000032,Wandsworth,110,105,129.9,0.409,False
hvac-services,shared,43220,E09000033,Westminster,115,125,167.4,0.304,False
hvac-services,shared,43220,E92000001,England,41655,42130,147.8,0.325,False
hvac-services,shared,43220,E12000007,London,5420,5525,130.9,0.393,False
painters-residential,exact,43341,E09000002,Barking and Dagenham,65,70,168.8,0.167,False
painters-residential,exact,43341,E09000003,Barnet,120,125,173.3,0.227,False
painters-residential,exact,43341,E09000004,Bexley,70,75,189.9,0.231,False
painters-residential,exact,43341,E09000005,Brent,90,90,168.8,0.278,False
painters-residential,exact,43341,E09000006,Bromley,100,100,177.3,0.25,False
painters-residential,exact,43341,E09000007,Camden,50,50,173.3,0.2,False
painters-residential,exact,43341,E09000001,City of London,5,5,,,True
painters-residential,exact,43341,E09000008,Croydon,100,95,210.5,0.158,False
painters-residential,exact,43341,E09000009,Ealing,105,105,189.9,0.15,False
painters-residential,exact,43341,E09000010,Enfield,105,105,237.6,0.095,False
painters-residential,exact,43341,E09000011,Greenwich,55,50,158.1,0.3,False
painters-residential,exact,43341,E09000012,Hackney,65,65,170.7,0.231,False
painters-residential,exact,43341,E09000013,Hammersmith and Fulham,40,40,141.0,0.286,False
painters-residential,exact,43341,E09000014,Haringey,100,100,181.4,0.158,False
painters-residential,exact,43341,E09000015,Harrow,70,65,177.3,0.308,False
painters-residential,exact,43341,E09000016,Havering,85,85,198.8,0.235,False
painters-residential,exact,43341,E09000017,Hillingdon,75,75,184.2,0.214,False
painters-residential,exact,43341,E09000018,Hounslow,65,65,189.9,0.231,False
painters-residential,exact,43341,E09000019,Islington,60,60,158.1,0.2,False
painters-residential,exact,43341,E09000020,Kensington and Chelsea,30,30,,,True
painters-residential,exact,43341,E09000021,Kingston upon Thames,35,35,,,True
painters-residential,exact,43341,E09000022,Lambeth,50,55,144.3,0.3,False
painters-residential,exact,43341,E09000023,Lewisham,55,60,144.3,0.3,False
painters-residential,exact,43341,E09000024,Merton,65,65,228.1,0.154,False
painters-residential,exact,43341,E09000025,Newham,85,85,177.3,0.222,False
painters-residential,exact,43341,E09000026,Redbridge,70,70,214.6,0.143,False
painters-residential,exact,43341,E09000027,Richmond upon Thames,30,30,,,True
painters-residential,exact,43341,E09000028,Southwark,45,45,158.1,0.375,False
painters-residential,exact,43341,E09000029,Sutton,80,80,250.0,0.125,False
painters-residential,exact,43341,E09000030,Tower Hamlets,20,20,,,True
painters-residential,exact,43341,E09000031,Waltham Forest,75,80,158.1,0.286,False
painters-residential,exact,43341,E09000032,Wandsworth,40,45,184.2,0.25,False
painters-residential,exact,43341,E09000033,Westminster,40,35,141.0,0.286,False
painters-residential,exact,43341,E92000001,England,10645,10770,202.3,0.18,False
painters-residential,exact,43341,E12000007,London,2125,2160,188.8,0.205,False
roofers,exact,43910,E09000002,Barking and Dagenham,40,40,141.0,0.286,False
roofers,exact,43910,E09000003,Barnet,30,30,,,True
roofers,exact,43910,E09000004,Bexley,55,55,280.6,0.091,False
roofers,exact,43910,E09000005,Brent,30,30,,,True
roofers,exact,43910,E09000006,Bromley,80,85,180.2,0.2,False
roofers,exact,43910,E09000007,Camden,20,20,,,True
roofers,exact,43910,E09000001,City of London,10,10,,,True
roofers,exact,43910,E09000008,Croydon,65,65,228.1,0.154,False
roofers,exact,43910,E09000009,Ealing,40,45,189.9,0.111,False
roofers,exact,43910,E09000010,Enfield,40,40,158.1,0.143,False
roofers,exact,43910,E09000011,Greenwich,30,30,,,True
roofers,exact,43910,E09000012,Hackney,25,25,,,True
roofers,exact,43910,E09000013,Hammersmith and Fulham,5,5,,,True
roofers,exact,43910,E09000014,Haringey,20,20,,,True
roofers,exact,43910,E09000015,Harrow,35,35,,,True
roofers,exact,43910,E09000016,Havering,80,80,192.4,0.188,False
roofers,exact,43910,E09000017,Hillingdon,70,70,167.4,0.154,False
roofers,exact,43910,E09000018,Hounslow,35,35,,,True
roofers,exact,43910,E09000019,Islington,30,30,,,True
roofers,exact,43910,E09000020,Kensington and Chelsea,5,5,,,True
roofers,exact,43910,E09000021,Kingston upon Thames,25,25,,,True
roofers,exact,43910,E09000022,Lambeth,15,15,,,True
roofers,exact,43910,E09000023,Lewisham,30,25,,,True
roofers,exact,43910,E09000024,Merton,35,40,,,True
roofers,exact,43910,E09000025,Newham,20,25,,,True
roofers,exact,43910,E09000026,Redbridge,25,30,,,True
roofers,exact,43910,E09000027,Richmond upon Thames,15,15,,,True
roofers,exact,43910,E09000028,Southwark,5,5,,,True
roofers,exact,43910,E09000029,Sutton,50,55,228.1,0.091,False
roofers,exact,43910,E09000030,Tower Hamlets,10,10,,,True
roofers,exact,43910,E09000031,Waltham Forest,60,60,158.1,0.2,False
roofers,exact,43910,E09000032,Wandsworth,10,10,,,True
roofers,exact,43910,E09000033,Westminster,15,20,,,True
roofers,exact,43910,E92000001,England,11030,11165,192.9,0.155,False
roofers,exact,43910,E12000007,London,1055,1090,188.9,0.161,False
carpenters-finish-work,exact,43320,E09000002,Barking and Dagenham,115,110,131.6,0.429,False
carpenters-finish-work,exact,43320,E09000003,Barnet,100,100,125.7,0.45,False
carpenters-finish-work,exact,43320,E09000004,Bexley,100,105,148.1,0.35,False
carpenters-finish-work,exact,43320,E09000005,Brent,120,120,146.5,0.391,False
carpenters-finish-work,exact,43320,E09000006,Bromley,115,115,158.1,0.348,False
carpenters-finish-work,exact,43320,E09000007,Camden,60,70,214.6,0.308,False
carpenters-finish-work,exact,43320,E09000001,City of London,10,15,,,True
carpenters-finish-work,exact,43320,E09000008,Croydon,105,110,112.1,0.476,False
carpenters-finish-work,exact,43320,E09000009,Ealing,120,125,158.1,0.36,False
carpenters-finish-work,exact,43320,E09000010,Enfield,100,100,135.7,0.389,False
carpenters-finish-work,exact,43320,E09000011,Greenwich,75,75,94.4,0.533,False
carpenters-finish-work,exact,43320,E09000012,Hackney,50,55,100.0,0.5,False
carpenters-finish-work,exact,43320,E09000013,Hammersmith and Fulham,25,25,,,True
carpenters-finish-work,exact,43320,E09000014,Haringey,55,55,135.7,0.417,False
carpenters-finish-work,exact,43320,E09000015,Harrow,80,80,131.6,0.412,False
carpenters-finish-work,exact,43320,E09000016,Havering,155,155,144.3,0.367,False
carpenters-finish-work,exact,43320,E09000017,Hillingdon,180,180,129.9,0.389,False
carpenters-finish-work,exact,43320,E09000018,Hounslow,85,85,120.1,0.444,False
carpenters-finish-work,exact,43320,E09000019,Islington,65,70,125.7,0.417,False
carpenters-finish-work,exact,43320,E09000020,Kensington and Chelsea,15,15,,,True
carpenters-finish-work,exact,43320,E09000021,Kingston upon Thames,50,50,116.5,0.444,False
carpenters-finish-work,exact,43320,E09000022,Lambeth,40,40,116.5,0.429,False
carpenters-finish-work,exact,43320,E09000023,Lewisham,55,55,100.0,0.5,False
carpenters-finish-work,exact,43320,E09000024,Merton,70,75,125.7,0.429,False
carpenters-finish-work,exact,43320,E09000025,Newham,90,90,135.7,0.389,False
carpenters-finish-work,exact,43320,E09000026,Redbridge,120,120,118.7,0.435,False
carpenters-finish-work,exact,43320,E09000027,Richmond upon Thames,45,45,158.1,0.3,False
carpenters-finish-work,exact,43320,E09000028,Southwark,50,50,135.7,0.4,False
carpenters-finish-work,exact,43320,E09000029,Sutton,80,85,135.7,0.375,False
carpenters-finish-work,exact,43320,E09000030,Tower Hamlets,25,30,,,True
carpenters-finish-work,exact,43320,E09000031,Waltham Forest,105,110,129.9,0.409,False
carpenters-finish-work,exact,43320,E09000032,Wandsworth,45,45,158.1,0.333,False
carpenters-finish-work,exact,43320,E09000033,Westminster,35,45,,,True
carpenters-finish-work,exact,43320,E92000001,England,22735,22970,150.1,0.342,False
carpenters-finish-work,exact,43320,E12000007,London,2535,2610,136.9,0.396,False
flooring-installers,shared,43330,E09000002,Barking and Dagenham,20,20,,,True
flooring-installers,shared,43330,E09000003,Barnet,60,60,158.1,0.25,False
flooring-installers,shared,43330,E09000004,Bexley,65,65,173.3,0.286,False
flooring-installers,shared,43330,E09000005,Brent,25,30,,,True
flooring-installers,shared,43330,E09000006,Bromley,60,60,158.1,0.273,False
flooring-installers,shared,43330,E09000007,Camden,25,25,,,True
flooring-installers,shared,43330,E09000001,City of London,5,5,,,True
flooring-installers,shared,43330,E09000008,Croydon,45,45,158.1,0.143,False
flooring-installers,shared,43330,E09000009,Ealing,40,40,198.8,0.125,False
flooring-installers,shared,43330,E09000010,Enfield,45,45,131.6,0.333,False
flooring-installers,shared,43330,E09000011,Greenwich,30,30,,,True
flooring-installers,shared,43330,E09000012,Hackney,20,20,,,True
flooring-installers,shared,43330,E09000013,Hammersmith and Fulham,15,15,,,True
flooring-installers,shared,43330,E09000014,Haringey,15,20,,,True
flooring-installers,shared,43330,E09000015,Harrow,30,30,,,True
flooring-installers,shared,43330,E09000016,Havering,90,90,175.1,0.211,False
flooring-installers,shared,43330,E09000017,Hillingdon,50,55,148.1,0.2,False
flooring-installers,shared,43330,E09000018,Hounslow,25,30,,,True
flooring-installers,shared,43330,E09000019,Islington,25,30,,,True
flooring-installers,shared,43330,E09000020,Kensington and Chelsea,5,5,,,True
flooring-installers,shared,43330,E09000021,Kingston upon Thames,20,25,,,True
flooring-installers,shared,43330,E09000022,Lambeth,15,15,,,True
flooring-installers,shared,43330,E09000023,Lewisham,15,20,,,True
flooring-installers,shared,43330,E09000024,Merton,30,30,,,True
flooring-installers,shared,43330,E09000025,Newham,25,25,,,True
flooring-installers,shared,43330,E09000026,Redbridge,45,45,177.3,0.222,False
flooring-installers,shared,43330,E09000027,Richmond upon Thames,20,20,,,True
flooring-installers,shared,43330,E09000028,Southwark,10,15,,,True
flooring-installers,shared,43330,E09000029,Sutton,35,35,,,True
flooring-installers,shared,43330,E09000030,Tower Hamlets,15,20,,,True
flooring-installers,shared,43330,E09000031,Waltham Forest,40,40,198.8,0.333,False
flooring-installers,shared,43330,E09000032,Wandsworth,25,30,,,True
flooring-installers,shared,43330,E09000033,Westminster,30,30,,,True
flooring-installers,shared,43330,E92000001,England,8415,8465,177.6,0.204,False
flooring-installers,shared,43330,E12000007,London,1045,1065,175.5,0.205,False
grocery-stores,exact,47110,E09000002,Barking and Dagenham,160,190,475.8,0.061,False
grocery-stores,exact,47110,E09000003,Barnet,250,320,331.3,0.082,False
grocery-stores,exact,47110,E09000004,Bexley,155,200,376.5,0.065,False
grocery-stores,exact,47110,E09000005,Brent,300,340,389.3,0.049,False
grocery-stores,exact,47110,E09000006,Bromley,180,260,344.3,0.056,False
grocery-stores,exact,47110,E09000007,Camden,195,285,376.5,0.077,False
grocery-stores,exact,47110,E09000001,City of London,30,65,,,True
grocery-stores,exact,47110,E09000008,Croydon,305,385,320.2,0.085,False
grocery-stores,exact,47110,E09000009,Ealing,385,445,330.8,0.065,False
grocery-stores,exact,47110,E09000010,Enfield,265,315,374.6,0.075,False
grocery-stores,exact,47110,E09000011,Greenwich,190,265,344.3,0.026,False
grocery-stores,exact,47110,E09000012,Hackney,250,305,445.4,0.061,False
grocery-stores,exact,47110,E09000013,Hammersmith and Fulham,135,205,315.0,0.077,False
grocery-stores,exact,47110,E09000014,Haringey,265,310,380.8,0.057,False
grocery-stores,exact,47110,E09000015,Harrow,260,305,319.3,0.096,False
grocery-stores,exact,47110,E09000016,Havering,155,205,408.5,0.0,False
grocery-stores,exact,47110,E09000017,Hillingdon,280,340,315.0,0.071,False
grocery-stores,exact,47110,E09000018,Hounslow,320,380,297.3,0.062,False
grocery-stores,exact,47110,E09000019,Islington,195,270,408.5,0.077,False
grocery-stores,exact,47110,E09000020,Kensington and Chelsea,85,140,529.7,0.0,False
grocery-stores,exact,47110,E09000021,Kingston upon Thames,120,165,353.6,0.042,False
grocery-stores,exact,47110,E09000022,Lambeth,205,305,353.6,0.049,False
grocery-stores,exact,47110,E09000023,Lewisham,245,310,353.6,0.082,False
grocery-stores,exact,47110,E09000024,Merton,160,215,284.7,0.065,False
grocery-stores,exact,47110,E09000025,Newham,330,385,359.4,0.076,False
grocery-stores,exact,47110,E09000026,Redbridge,235,275,353.6,0.065,False
grocery-stores,exact,47110,E09000027,Richmond upon Thames,115,170,272.6,0.091,False
grocery-stores,exact,47110,E09000028,Southwark,185,270,353.6,0.057,False
grocery-stores,exact,47110,E09000029,Sutton,140,175,353.6,0.034,False
grocery-stores,exact,47110,E09000030,Tower Hamlets,205,280,374.6,0.071,False
grocery-stores,exact,47110,E09000031,Waltham Forest,235,280,370.3,0.067,False
grocery-stores,exact,47110,E09000032,Wandsworth,180,275,321.7,0.083,False
grocery-stores,exact,47110,E09000033,Westminster,220,340,400.1,0.067,False
grocery-stores,exact,47110,E92000001,England,29530,44615,344.4,0.067,False
grocery-stores,exact,47110,E12000007,London,6935,8980,356.1,0.064,False
specialty-grocers-delis,exact,47290+47210+47220+47230,E09000002,Barking and Dagenham,65,70,297.3,0.083,False
specialty-grocers-delis,exact,47290+47210+47220+47230,E09000003,Barnet,120,130,297.3,0.16,False
specialty-grocers-delis,exact,47290+47210+47220+47230,E09000004,Bexley,35,40,,,True
specialty-grocers-delis,exact,47290+47210+47220+47230,E09000005,Brent,135,150,276.0,0.154,False
specialty-grocers-delis,exact,47290+47210+47220+47230,E09000006,Bromley,50,55,250.0,0.0,False
specialty-grocers-delis,exact,47290+47210+47220+47230,E09000007,Camden,100,120,250.0,0.278,False
specialty-grocers-delis,exact,47290+47210+47220+47230,E09000001,City of London,15,15,,,True
specialty-grocers-delis,exact,47290+47210+47220+47230,E09000008,Croydon,85,95,353.6,0.062,False
specialty-grocers-delis,exact,47290+47210+47220+47230,E09000009,Ealing,100,110,236.1,0.059,False
specialty-grocers-delis,exact,47290+47210+47220+47230,E09000010,Enfield,85,90,198.8,0.286,False
specialty-grocers-delis,exact,47290+47210+47220+47230,E09000011,Greenwich,75,75,353.6,0.083,False
specialty-grocers-delis,exact,47290+47210+47220+47230,E09000012,Hackney,120,135,406.1,0.16,False
specialty-grocers-delis,exact,47290+47210+47220+47230,E09000013,Hammersmith and Fulham,65,80,280.6,0.091,False
specialty-grocers-delis,exact,47290+47210+47220+47230,E09000014,Haringey,90,95,385.6,0.067,False
specialty-grocers-delis,exact,47290+47210+47220+47230,E09000015,Harrow,55,55,324.2,0.0,False
specialty-grocers-delis,exact,47290+47210+47220+47230,E09000016,Havering,40,45,158.1,0.286,False
specialty-grocers-delis,exact,47290+47210+47220+47230,E09000017,Hillingdon,80,85,272.6,0.154,False
specialty-grocers-delis,exact,47290+47210+47220+47230,E09000018,Hounslow,75,85,353.6,0.083,False
specialty-grocers-delis,exact,47290+47210+47220+47230,E09000019,Islington,70,80,280.6,0.182,False
specialty-grocers-delis,exact,47290+47210+47220+47230,E09000020,Kensington and Chelsea,50,65,594.6,0.0,False
specialty-grocers-delis,exact,47290+47210+47220+47230,E09000021,Kingston upon Thames,30,35,,,True
specialty-grocers-delis,exact,47290+47210+47220+47230,E09000022,Lambeth,105,105,378.9,0.1,False
specialty-grocers-delis,exact,47290+47210+47220+47230,E09000023,Lewisham,70,70,280.6,0.154,False
specialty-grocers-delis,exact,47290+47210+47220+47230,E09000024,Merton,40,45,250.0,0.167,False
specialty-grocers-delis,exact,47290+47210+47220+47230,E09000025,Newham,160,165,320.2,0.103,False
specialty-grocers-delis,exact,47290+47210+47220+47230,E09000026,Redbridge,105,110,315.0,0.05,False
specialty-grocers-delis,exact,47290+47210+47220+47230,E09000027,Richmond upon Thames,60,70,272.6,0.222,False
specialty-grocers-delis,exact,47290+47210+47220+47230,E09000028,Southwark,95,110,353.6,0.133,False
specialty-grocers-delis,exact,47290+47210+47220+47230,E09000029,Sutton,25,30,,,True
specialty-grocers-delis,exact,47290+47210+47220+47230,E09000030,Tower Hamlets,115,125,329.9,0.091,False
specialty-grocers-delis,exact,47290+47210+47220+47230,E09000031,Waltham Forest,65,70,445.4,0.0,False
specialty-grocers-delis,exact,47290+47210+47220+47230,E09000032,Wandsworth,75,85,315.0,0.167,False
specialty-grocers-delis,exact,47290+47210+47220+47230,E09000033,Westminster,120,165,353.6,0.095,False
specialty-grocers-delis,exact,47290+47210+47220+47230,E92000001,England,11385,12910,289.5,0.151,False
specialty-grocers-delis,exact,47290+47210+47220+47230,E12000007,London,2565,2860,325.1,0.142,False
wine-liquor-stores,exact,47250,E09000002,Barking and Dagenham,20,20,,,True
wine-liquor-stores,exact,47250,E09000003,Barnet,30,35,,,True
wine-liquor-stores,exact,47250,E09000004,Bexley,15,15,,,True
wine-liquor-stores,exact,47250,E09000005,Brent,45,45,315.0,0.125,False
wine-liquor-stores,exact,47250,E09000006,Bromley,20,25,,,True
wine-liquor-stores,exact,47250,E09000007,Camden,30,40,,,True
wine-liquor-stores,exact,47250,E09000001,City of London,15,20,,,True
wine-liquor-stores,exact,47250,E09000008,Croydon,40,40,280.6,0.0,False
wine-liquor-stores,exact,47250,E09000009,Ealing,40,40,214.6,0.222,False
wine-liquor-stores,exact,47250,E09000010,Enfield,30,30,,,True
wine-liquor-stores,exact,47250,E09000011,Greenwich,25,25,,,True
wine-liquor-stores,exact,47250,E09000012,Hackney,45,50,297.3,0.111,False
wine-liquor-stores,exact,47250,E09000013,Hammersmith and Fulham,20,25,,,True
wine-liquor-stores,exact,47250,E09000014,Haringey,25,30,,,True
wine-liquor-stores,exact,47250,E09000015,Harrow,20,20,,,True
wine-liquor-stores,exact,47250,E09000016,Havering,20,25,,,True
wine-liquor-stores,exact,47250,E09000017,Hillingdon,35,35,,,True
wine-liquor-stores,exact,47250,E09000018,Hounslow,40,45,250.0,0.125,False
wine-liquor-stores,exact,47250,E09000019,Islington,45,45,315.0,0.2,False
wine-liquor-stores,exact,47250,E09000020,Kensington and Chelsea,20,30,,,True
wine-liquor-stores,exact,47250,E09000021,Kingston upon Thames,20,25,,,True
wine-liquor-stores,exact,47250,E09000022,Lambeth,40,45,184.2,0.25,False
wine-liquor-stores,exact,47250,E09000023,Lewisham,30,35,,,True
wine-liquor-stores,exact,47250,E09000024,Merton,25,25,,,True
wine-liquor-stores,exact,47250,E09000025,Newham,35,35,,,True
wine-liquor-stores,exact,47250,E09000026,Redbridge,20,20,,,True
wine-liquor-stores,exact,47250,E09000027,Richmond upon Thames,25,30,,,True
wine-liquor-stores,exact,47250,E09000028,Southwark,50,55,214.6,0.222,False
wine-liquor-stores,exact,47250,E09000029,Sutton,15,15,,,True
wine-liquor-stores,exact,47250,E09000030,Tower Hamlets,35,40,,,True
wine-liquor-stores,exact,47250,E09000031,Waltham Forest,30,35,,,True
wine-liquor-stores,exact,47250,E09000032,Wandsworth,45,50,184.2,0.25,False
wine-liquor-stores,exact,47250,E09000033,Westminster,60,75,297.3,0.273,False
wine-liquor-stores,exact,47250,E92000001,England,3890,4280,276.5,0.144,False
wine-liquor-stores,exact,47250,E12000007,London,1005,1115,262.2,0.155,False
clothing-shoe-stores,exact,47710+47721,E09000002,Barking and Dagenham,40,45,141.0,0.286,False
clothing-shoe-stores,exact,47710+47721,E09000003,Barnet,120,175,168.8,0.333,False
clothing-shoe-stores,exact,47710+47721,E09000004,Bexley,30,45,,,True
clothing-shoe-stores,exact,47710+47721,E09000005,Brent,95,115,170.7,0.316,False
clothing-shoe-stores,exact,47710+47721,E09000006,Bromley,60,95,112.1,0.455,False
clothing-shoe-stores,exact,47710+47721,E09000007,Camden,185,260,203.9,0.306,False
clothing-shoe-stores,exact,47710+47721,E09000001,City of London,70,110,500.0,0.214,False
clothing-shoe-stores,exact,47710+47721,E09000008,Croydon,45,70,135.7,0.375,False
clothing-shoe-stores,exact,47710+47721,E09000009,Ealing,140,150,145.5,0.32,False
clothing-shoe-stores,exact,47710+47721,E09000010,Enfield,55,75,116.5,0.455,False
clothing-shoe-stores,exact,47710+47721,E09000011,Greenwich,35,65,,,True
clothing-shoe-stores,exact,47710+47721,E09000012,Hackney,195,215,153.0,0.333,False
clothing-shoe-stores,exact,47710+47721,E09000013,Hammersmith and Fulham,80,170,146.5,0.333,False
clothing-shoe-stores,exact,47710+47721,E09000014,Haringey,80,100,168.8,0.25,False
clothing-shoe-stores,exact,47710+47721,E09000015,Harrow,55,70,158.1,0.333,False
clothing-shoe-stores,exact,47710+47721,E09000016,Havering,40,60,100.0,0.5,False
clothing-shoe-stores,exact,47710+47721,E09000017,Hillingdon,45,110,116.5,0.444,False
clothing-shoe-stores,exact,47710+47721,E09000018,Hounslow,50,70,141.0,0.333,False
clothing-shoe-stores,exact,47710+47721,E09000019,Islington,140,160,142.8,0.37,False
clothing-shoe-stores,exact,47710+47721,E09000020,Kensington and Chelsea,155,370,458.5,0.226,False
clothing-shoe-stores,exact,47710+47721,E09000021,Kingston upon Thames,30,90,,,True
clothing-shoe-stores,exact,47710+47721,E09000022,Lambeth,45,55,125.7,0.429,False
clothing-shoe-stores,exact,47710+47721,E09000023,Lewisham,40,55,135.7,0.375,False
clothing-shoe-stores,exact,47710+47721,E09000024,Merton,30,60,,,True
clothing-shoe-stores,exact,47710+47721,E09000025,Newham,190,255,153.7,0.297,False
clothing-shoe-stores,exact,47710+47721,E09000026,Redbridge,75,90,158.1,0.231,False
clothing-shoe-stores,exact,47710+47721,E09000027,Richmond upon Thames,50,65,250.0,0.2,False
clothing-shoe-stores,exact,47710+47721,E09000028,Southwark,70,90,131.6,0.385,False
clothing-shoe-stores,exact,47710+47721,E09000029,Sutton,30,45,,,True
clothing-shoe-stores,exact,47710+47721,E09000030,Tower Hamlets,185,240,149.8,0.297,False
clothing-shoe-stores,exact,47710+47721,E09000031,Waltham Forest,55,65,100.0,0.5,False
clothing-shoe-stores,exact,47710+47721,E09000032,Wandsworth,80,130,158.1,0.353,False
clothing-shoe-stores,exact,47710+47721,E09000033,Westminster,395,830,522.1,0.241,False
clothing-shoe-stores,exact,47710+47721,E92000001,England,10675,18125,164.4,0.298,False
clothing-shoe-stores,exact,47710+47721,E12000007,London,2985,4595,168.0,0.321,False
jewelry-stores,exact,47770,E09000002,Barking and Dagenham,5,5,,,True
jewelry-stores,exact,47770,E09000003,Barnet,55,70,141.0,0.385,False
jewelry-stores,exact,47770,E09000004,Bexley,5,15,,,True
jewelry-stores,exact,47770,E09000005,Brent,50,55,420.4,0.091,False
jewelry-stores,exact,47770,E09000006,Bromley,25,40,,,True
jewelry-stores,exact,47770,E09000007,Camden,255,280,242.0,0.235,False
jewelry-stores,exact,47770,E09000001,City of London,25,40,,,True
jewelry-stores,exact,47770,E09000008,Croydon,15,25,,,True
jewelry-stores,exact,47770,E09000009,Ealing,65,75,353.6,0.083,False
jewelry-stores,exact,47770,E09000010,Enfield,40,50,184.2,0.25,False
jewelry-stores,exact,47770,E09000011,Greenwich,20,25,,,True
jewelry-stores,exact,47770,E09000012,Hackney,50,55,198.8,0.2,False
jewelry-stores,exact,47770,E09000013,Hammersmith and Fulham,35,50,,,True
jewelry-stores,exact,47770,E09000014,Haringey,45,50,198.8,0.125,False
jewelry-stores,exact,47770,E09000015,Harrow,40,40,158.1,0.375,False
jewelry-stores,exact,47770,E09000016,Havering,10,20,,,True
jewelry-stores,exact,47770,E09000017,Hillingdon,20,40,,,True
jewelry-stores,exact,47770,E09000018,Hounslow,25,35,,,True
jewelry-stores,exact,47770,E09000019,Islington,25,30,,,True
jewelry-stores,exact,47770,E09000020,Kensington and Chelsea,60,95,208.1,0.167,False
jewelry-stores,exact,47770,E09000021,Kingston upon Thames,10,25,,,True
jewelry-stores,exact,47770,E09000022,Lambeth,20,20,,,True
jewelry-stores,exact,47770,E09000023,Lewisham,10,10,,,True
jewelry-stores,exact,47770,E09000024,Merton,15,15,,,True
jewelry-stores,exact,47770,E09000025,Newham,50,70,500.0,0.1,False
jewelry-stores,exact,47770,E09000026,Redbridge,25,30,,,True
jewelry-stores,exact,47770,E09000027,Richmond upon Thames,20,25,,,True
jewelry-stores,exact,47770,E09000028,Southwark,20,25,,,True
jewelry-stores,exact,47770,E09000029,Sutton,5,15,,,True
jewelry-stores,exact,47770,E09000030,Tower Hamlets,50,55,222.9,0.182,False
jewelry-stores,exact,47770,E09000031,Waltham Forest,20,25,,,True
jewelry-stores,exact,47770,E09000032,Wandsworth,25,40,,,True
jewelry-stores,exact,47770,E09000033,Westminster,190,285,471.9,0.154,False
jewelry-stores,exact,47770,E92000001,England,4185,6525,254.9,0.173,False
jewelry-stores,exact,47770,E12000007,London,1340,1745,234.0,0.211,False
eyewear-optical-retail,shared,47782,E09000002,Barking and Dagenham,10,15,,,True
eyewear-optical-retail,shared,47782,E09000003,Barnet,35,45,,,True
eyewear-optical-retail,shared,47782,E09000004,Bexley,15,20,,,True
eyewear-optical-retail,shared,47782,E09000005,Brent,30,30,,,True
eyewear-optical-retail,shared,47782,E09000006,Bromley,15,30,,,True
eyewear-optical-retail,shared,47782,E09000007,Camden,40,55,214.6,0.143,False
eyewear-optical-retail,shared,47782,E09000001,City of London,15,25,,,True
eyewear-optical-retail,shared,47782,E09000008,Croydon,20,30,,,True
eyewear-optical-retail,shared,47782,E09000009,Ealing,25,30,,,True
eyewear-optical-retail,shared,47782,E09000010,Enfield,25,30,,,True
eyewear-optical-retail,shared,47782,E09000011,Greenwich,20,20,,,True
eyewear-optical-retail,shared,47782,E09000012,Hackney,20,20,,,True
eyewear-optical-retail,shared,47782,E09000013,Hammersmith and Fulham,10,15,,,True
eyewear-optical-retail,shared,47782,E09000014,Haringey,20,25,,,True
eyewear-optical-retail,shared,47782,E09000015,Harrow,60,60,198.8,0.364,False
eyewear-optical-retail,shared,47782,E09000016,Havering,10,20,,,True
eyewear-optical-retail,shared,47782,E09000017,Hillingdon,35,45,,,True
eyewear-optical-retail,shared,47782,E09000018,Hounslow,20,30,,,True
eyewear-optical-retail,shared,47782,E09000019,Islington,30,35,,,True
eyewear-optical-retail,shared,47782,E09000020,Kensington and Chelsea,25,35,,,True
eyewear-optical-retail,shared,47782,E09000021,Kingston upon Thames,15,25,,,True
eyewear-optical-retail,shared,47782,E09000022,Lambeth,20,20,,,True
eyewear-optical-retail,shared,47782,E09000023,Lewisham,10,15,,,True
eyewear-optical-retail,shared,47782,E09000024,Merton,15,20,,,True
eyewear-optical-retail,shared,47782,E09000025,Newham,15,20,,,True
eyewear-optical-retail,shared,47782,E09000026,Redbridge,45,50,125.7,0.444,False
eyewear-optical-retail,shared,47782,E09000027,Richmond upon Thames,15,15,,,True
eyewear-optical-retail,shared,47782,E09000028,Southwark,15,20,,,True
eyewear-optical-retail,shared,47782,E09000029,Sutton,10,20,,,True
eyewear-optical-retail,shared,47782,E09000030,Tower Hamlets,15,20,,,True
eyewear-optical-retail,shared,47782,E09000031,Waltham Forest,15,20,,,True
eyewear-optical-retail,shared,47782,E09000032,Wandsworth,20,25,,,True
eyewear-optical-retail,shared,47782,E09000033,Westminster,40,60,353.6,0.125,False
eyewear-optical-retail,shared,47782,E92000001,England,4445,6080,345.6,0.194,False
eyewear-optical-retail,shared,47782,E12000007,London,720,950,227.0,0.261,False
bags-leather-goods,exact,47722,E09000002,Barking and Dagenham,5,5,,,True
bags-leather-goods,exact,47722,E09000003,Barnet,10,10,,,True
bags-leather-goods,exact,47722,E09000004,Bexley,0,0,,,True
bags-leather-goods,exact,47722,E09000005,Brent,5,5,,,True
bags-leather-goods,exact,47722,E09000006,Bromley,5,5,,,True
bags-leather-goods,exact,47722,E09000007,Camden,15,20,,,True
bags-leather-goods,exact,47722,E09000001,City of London,10,10,,,True
bags-leather-goods,exact,47722,E09000008,Croydon,5,5,,,True
bags-leather-goods,exact,47722,E09000009,Ealing,0,0,,,True
bags-leather-goods,exact,47722,E09000010,Enfield,5,5,,,True
bags-leather-goods,exact,47722,E09000011,Greenwich,5,5,,,True
bags-leather-goods,exact,47722,E09000012,Hackney,5,5,,,True
bags-leather-goods,exact,47722,E09000013,Hammersmith and Fulham,5,10,,,True
bags-leather-goods,exact,47722,E09000014,Haringey,0,0,,,True
bags-leather-goods,exact,47722,E09000015,Harrow,0,0,,,True
bags-leather-goods,exact,47722,E09000016,Havering,0,0,,,True
bags-leather-goods,exact,47722,E09000017,Hillingdon,0,10,,,True
bags-leather-goods,exact,47722,E09000018,Hounslow,0,0,,,True
bags-leather-goods,exact,47722,E09000019,Islington,10,10,,,True
bags-leather-goods,exact,47722,E09000020,Kensington and Chelsea,5,30,,,True
bags-leather-goods,exact,47722,E09000021,Kingston upon Thames,0,0,,,True
bags-leather-goods,exact,47722,E09000022,Lambeth,5,5,,,True
bags-leather-goods,exact,47722,E09000023,Lewisham,5,5,,,True
bags-leather-goods,exact,47722,E09000024,Merton,0,0,,,True
bags-leather-goods,exact,47722,E09000025,Newham,10,15,,,True
bags-leather-goods,exact,47722,E09000026,Redbridge,5,5,,,True
bags-leather-goods,exact,47722,E09000027,Richmond upon Thames,0,0,,,True
bags-leather-goods,exact,47722,E09000028,Southwark,5,5,,,True
bags-leather-goods,exact,47722,E09000029,Sutton,5,5,,,True
bags-leather-goods,exact,47722,E09000030,Tower Hamlets,10,10,,,True
bags-leather-goods,exact,47722,E09000031,Waltham Forest,0,0,,,True
bags-leather-goods,exact,47722,E09000032,Wandsworth,5,5,,,True
bags-leather-goods,exact,47722,E09000033,Westminster,35,70,,,True
bags-leather-goods,exact,47722,E92000001,England,625,840,163.4,0.32,False
bags-leather-goods,exact,47722,E12000007,London,180,270,193.8,0.324,False
electronics-appliance-stores,exact,47430+47540+47410,E09000002,Barking and Dagenham,35,35,,,True
electronics-appliance-stores,exact,47430+47540+47410,E09000003,Barnet,60,60,177.3,0.273,False
electronics-appliance-stores,exact,47430+47540+47410,E09000004,Bexley,15,15,,,True
electronics-appliance-stores,exact,47430+47540+47410,E09000005,Brent,20,25,,,True
electronics-appliance-stores,exact,47430+47540+47410,E09000006,Bromley,20,25,,,True
electronics-appliance-stores,exact,47430+47540+47410,E09000007,Camden,35,40,,,True
electronics-appliance-stores,exact,47430+47540+47410,E09000001,City of London,15,15,,,True
electronics-appliance-stores,exact,47430+47540+47410,E09000008,Croydon,30,35,,,True
electronics-appliance-stores,exact,47430+47540+47410,E09000009,Ealing,35,30,,,True
electronics-appliance-stores,exact,47430+47540+47410,E09000010,Enfield,25,25,,,True
electronics-appliance-stores,exact,47430+47540+47410,E09000011,Greenwich,25,30,,,True
electronics-appliance-stores,exact,47430+47540+47410,E09000012,Hackney,45,45,89.1,0.571,False
electronics-appliance-stores,exact,47430+47540+47410,E09000013,Hammersmith and Fulham,15,20,,,True
electronics-appliance-stores,exact,47430+47540+47410,E09000014,Haringey,20,20,,,True
electronics-appliance-stores,exact,47430+47540+47410,E09000015,Harrow,20,25,,,True
electronics-appliance-stores,exact,47430+47540+47410,E09000016,Havering,25,25,,,True
electronics-appliance-stores,exact,47430+47540+47410,E09000017,Hillingdon,30,30,,,True
electronics-appliance-stores,exact,47430+47540+47410,E09000018,Hounslow,20,30,,,True
electronics-appliance-stores,exact,47430+47540+47410,E09000019,Islington,40,40,135.7,0.333,False
electronics-appliance-stores,exact,47430+47540+47410,E09000020,Kensington and Chelsea,10,20,,,True
electronics-appliance-stores,exact,47430+47540+47410,E09000021,Kingston upon Thames,10,15,,,True
electronics-appliance-stores,exact,47430+47540+47410,E09000022,Lambeth,20,25,,,True
electronics-appliance-stores,exact,47430+47540+47410,E09000023,Lewisham,20,20,,,True
electronics-appliance-stores,exact,47430+47540+47410,E09000024,Merton,20,20,,,True
electronics-appliance-stores,exact,47430+47540+47410,E09000025,Newham,35,40,,,True
electronics-appliance-stores,exact,47430+47540+47410,E09000026,Redbridge,35,40,,,True
electronics-appliance-stores,exact,47430+47540+47410,E09000027,Richmond upon Thames,25,25,,,True
electronics-appliance-stores,exact,47430+47540+47410,E09000028,Southwark,155,155,141.0,0.219,False
electronics-appliance-stores,exact,47430+47540+47410,E09000029,Sutton,15,15,,,True
electronics-appliance-stores,exact,47430+47540+47410,E09000030,Tower Hamlets,20,25,,,True
electronics-appliance-stores,exact,47430+47540+47410,E09000031,Waltham Forest,15,20,,,True
electronics-appliance-stores,exact,47430+47540+47410,E09000032,Wandsworth,15,20,,,True
electronics-appliance-stores,exact,47430+47540+47410,E09000033,Westminster,40,50,158.1,0.4,False
electronics-appliance-stores,exact,47430+47540+47410,E92000001,England,3720,4660,173.4,0.308,False
electronics-appliance-stores,exact,47430+47540+47410,E12000007,London,935,1055,148.8,0.341,False
furniture-stores,exact,47599,E09000002,Barking and Dagenham,20,20,,,True
furniture-stores,exact,47599,E09000003,Barnet,65,85,250.0,0.167,False
furniture-stores,exact,47599,E09000004,Bexley,15,20,,,True
furniture-stores,exact,47599,E09000005,Brent,45,50,214.6,0.143,False
furniture-stores,exact,47599,E09000006,Bromley,25,45,,,True
furniture-stores,exact,47599,E09000007,Camden,65,95,222.9,0.182,False
furniture-stores,exact,47599,E09000001,City of London,25,25,,,True
furniture-stores,exact,47599,E09000008,Croydon,35,50,,,True
furniture-stores,exact,47599,E09000009,Ealing,65,70,250.0,0.083,False
furniture-stores,exact,47599,E09000010,Enfield,45,55,250.0,0.2,False
furniture-stores,exact,47599,E09000011,Greenwich,25,35,,,True
furniture-stores,exact,47599,E09000012,Hackney,55,60,198.8,0.2,False
furniture-stores,exact,47599,E09000013,Hammersmith and Fulham,55,95,353.6,0.091,False
furniture-stores,exact,47599,E09000014,Haringey,35,40,,,True
furniture-stores,exact,47599,E09000015,Harrow,40,40,184.2,0.25,False
furniture-stores,exact,47599,E09000016,Havering,30,40,,,True
furniture-stores,exact,47599,E09000017,Hillingdon,45,50,177.3,0.222,False
furniture-stores,exact,47599,E09000018,Hounslow,40,55,198.8,0.286,False
furniture-stores,exact,47599,E09000019,Islington,50,80,158.1,0.375,False
furniture-stores,exact,47599,E09000020,Kensington and Chelsea,60,105,420.4,0.154,False
furniture-stores,exact,47599,E09000021,Kingston upon Thames,20,40,,,True
furniture-stores,exact,47599,E09000022,Lambeth,20,25,,,True
furniture-stores,exact,47599,E09000023,Lewisham,25,30,,,True
furniture-stores,exact,47599,E09000024,Merton,20,30,,,True
furniture-stores,exact,47599,E09000025,Newham,40,55,198.8,0.0,False
furniture-stores,exact,47599,E09000026,Redbridge,35,40,,,True
furniture-stores,exact,47599,E09000027,Richmond upon Thames,35,40,,,True
furniture-stores,exact,47599,E09000028,Southwark,30,35,,,True
furniture-stores,exact,47599,E09000029,Sutton,25,30,,,True
furniture-stores,exact,47599,E09000030,Tower Hamlets,25,30,,,True
furniture-stores,exact,47599,E09000031,Waltham Forest,35,35,,,True
furniture-stores,exact,47599,E09000032,Wandsworth,45,65,222.9,0.182,False
furniture-stores,exact,47599,E09000033,Westminster,80,110,420.4,0.176,False
furniture-stores,exact,47599,E92000001,England,7110,9595,242.8,0.181,False
furniture-stores,exact,47599,E12000007,London,1275,1680,227.1,0.197,False
hardware-stores-local,exact,47520,E09000002,Barking and Dagenham,15,20,,,True
hardware-stores-local,exact,47520,E09000003,Barnet,30,50,,,True
hardware-stores-local,exact,47520,E09000004,Bexley,15,30,,,True
hardware-stores-local,exact,47520,E09000005,Brent,30,45,,,True
hardware-stores-local,exact,47520,E09000006,Bromley,20,40,,,True
hardware-stores-local,exact,47520,E09000007,Camden,25,40,,,True
hardware-stores-local,exact,47520,E09000001,City of London,5,5,,,True
hardware-stores-local,exact,47520,E09000008,Croydon,35,55,,,True
hardware-stores-local,exact,47520,E09000009,Ealing,40,55,250.0,0.125,False
hardware-stores-local,exact,47520,E09000010,Enfield,20,40,,,True
hardware-stores-local,exact,47520,E09000011,Greenwich,15,30,,,True
hardware-stores-local,exact,47520,E09000012,Hackney,25,30,,,True
hardware-stores-local,exact,47520,E09000013,Hammersmith and Fulham,15,30,,,True
hardware-stores-local,exact,47520,E09000014,Haringey,20,35,,,True
hardware-stores-local,exact,47520,E09000015,Harrow,25,35,,,True
hardware-stores-local,exact,47520,E09000016,Havering,20,30,,,True
hardware-stores-local,exact,47520,E09000017,Hillingdon,25,40,,,True
hardware-stores-local,exact,47520,E09000018,Hounslow,25,45,,,True
hardware-stores-local,exact,47520,E09000019,Islington,20,35,,,True
hardware-stores-local,exact,47520,E09000020,Kensington and Chelsea,15,30,,,True
hardware-stores-local,exact,47520,E09000021,Kingston upon Thames,15,20,,,True
hardware-stores-local,exact,47520,E09000022,Lambeth,10,25,,,True
hardware-stores-local,exact,47520,E09000023,Lewisham,15,30,,,True
hardware-stores-local,exact,47520,E09000024,Merton,20,30,,,True
hardware-stores-local,exact,47520,E09000025,Newham,20,25,,,True
hardware-stores-local,exact,47520,E09000026,Redbridge,30,45,,,True
hardware-stores-local,exact,47520,E09000027,Richmond upon Thames,20,35,,,True
hardware-stores-local,exact,47520,E09000028,Southwark,15,30,,,True
hardware-stores-local,exact,47520,E09000029,Sutton,10,25,,,True
hardware-stores-local,exact,47520,E09000030,Tower Hamlets,5,15,,,True
hardware-stores-local,exact,47520,E09000031,Waltham Forest,10,25,,,True
hardware-stores-local,exact,47520,E09000032,Wandsworth,25,40,,,True
hardware-stores-local,exact,47520,E09000033,Westminster,30,45,,,True
hardware-stores-local,exact,47520,E92000001,England,4415,7505,290.1,0.158,False
hardware-stores-local,exact,47520,E12000007,London,675,1125,286.5,0.141,False
garden-centers-nurseries,shared,47760,E09000002,Barking and Dagenham,5,10,,,True
garden-centers-nurseries,shared,47760,E09000003,Barnet,35,40,,,True
garden-centers-nurseries,shared,47760,E09000004,Bexley,25,25,,,True
garden-centers-nurseries,shared,47760,E09000005,Brent,25,25,,,True
garden-centers-nurseries,shared,47760,E09000006,Bromley,35,40,,,True
garden-centers-nurseries,shared,47760,E09000007,Camden,35,35,,,True
garden-centers-nurseries,shared,47760,E09000001,City of London,5,5,,,True
garden-centers-nurseries,shared,47760,E09000008,Croydon,20,25,,,True
garden-centers-nurseries,shared,47760,E09000009,Ealing,30,30,,,True
garden-centers-nurseries,shared,47760,E09000010,Enfield,20,25,,,True
garden-centers-nurseries,shared,47760,E09000011,Greenwich,25,30,,,True
garden-centers-nurseries,shared,47760,E09000012,Hackney,45,45,177.3,0.222,False
garden-centers-nurseries,shared,47760,E09000013,Hammersmith and Fulham,20,25,,,True
garden-centers-nurseries,shared,47760,E09000014,Haringey,20,25,,,True
garden-centers-nurseries,shared,47760,E09000015,Harrow,10,10,,,True
garden-centers-nurseries,shared,47760,E09000016,Havering,20,25,,,True
garden-centers-nurseries,shared,47760,E09000017,Hillingdon,25,35,,,True
garden-centers-nurseries,shared,47760,E09000018,Hounslow,15,20,,,True
garden-centers-nurseries,shared,47760,E09000019,Islington,40,40,173.3,0.125,False
garden-centers-nurseries,shared,47760,E09000020,Kensington and Chelsea,30,35,,,True
garden-centers-nurseries,shared,47760,E09000021,Kingston upon Thames,20,20,,,True
garden-centers-nurseries,shared,47760,E09000022,Lambeth,30,30,,,True
garden-centers-nurseries,shared,47760,E09000023,Lewisham,25,25,,,True
garden-centers-nurseries,shared,47760,E09000024,Merton,15,20,,,True
garden-centers-nurseries,shared,47760,E09000025,Newham,20,20,,,True
garden-centers-nurseries,shared,47760,E09000026,Redbridge,15,20,,,True
garden-centers-nurseries,shared,47760,E09000027,Richmond upon Thames,25,30,,,True
garden-centers-nurseries,shared,47760,E09000028,Southwark,35,40,,,True
garden-centers-nurseries,shared,47760,E09000029,Sutton,15,15,,,True
garden-centers-nurseries,shared,47760,E09000030,Tower Hamlets,30,25,,,True
garden-centers-nurseries,shared,47760,E09000031,Waltham Forest,20,25,,,True
garden-centers-nurseries,shared,47760,E09000032,Wandsworth,45,55,250.0,0.2,False
garden-centers-nurseries,shared,47760,E09000033,Westminster,35,40,,,True
garden-centers-nurseries,shared,47760,E92000001,England,5830,7180,194.8,0.171,False
garden-centers-nurseries,shared,47760,E12000007,London,810,920,176.5,0.198,False
home-decor-gift-shops,approx,47789,E09000002,Barking and Dagenham,15,15,,,True
home-decor-gift-shops,approx,47789,E09000003,Barnet,60,60,158.1,0.333,False
home-decor-gift-shops,approx,47789,E09000004,Bexley,20,20,,,True
home-decor-gift-shops,approx,47789,E09000005,Brent,35,40,,,True
home-decor-gift-shops,approx,47789,E09000006,Bromley,40,45,184.2,0.25,False
home-decor-gift-shops,approx,47789,E09000007,Camden,85,95,198.8,0.235,False
home-decor-gift-shops,approx,47789,E09000001,City of London,20,20,,,True
home-decor-gift-shops,approx,47789,E09000008,Croydon,25,30,,,True
home-decor-gift-shops,approx,47789,E09000009,Ealing,35,40,,,True
home-decor-gift-shops,approx,47789,E09000010,Enfield,50,50,100.0,0.5,False
home-decor-gift-shops,approx,47789,E09000011,Greenwich,35,40,,,True
home-decor-gift-shops,approx,47789,E09000012,Hackney,60,60,125.7,0.417,False
home-decor-gift-shops,approx,47789,E09000013,Hammersmith and Fulham,35,35,,,True
home-decor-gift-shops,approx,47789,E09000014,Haringey,35,40,,,True
home-decor-gift-shops,approx,47789,E09000015,Harrow,45,45,184.2,0.25,False
home-decor-gift-shops,approx,47789,E09000016,Havering,35,40,,,True
home-decor-gift-shops,approx,47789,E09000017,Hillingdon,40,45,198.8,0.333,False
home-decor-gift-shops,approx,47789,E09000018,Hounslow,30,30,,,True
home-decor-gift-shops,approx,47789,E09000019,Islington,45,45,135.7,0.375,False
home-decor-gift-shops,approx,47789,E09000020,Kensington and Chelsea,55,75,315.0,0.1,False
home-decor-gift-shops,approx,47789,E09000021,Kingston upon Thames,15,15,,,True
home-decor-gift-shops,approx,47789,E09000022,Lambeth,40,40,135.7,0.333,False
home-decor-gift-shops,approx,47789,E09000023,Lewisham,35,35,,,True
home-decor-gift-shops,approx,47789,E09000024,Merton,15,15,,,True
home-decor-gift-shops,approx,47789,E09000025,Newham,35,40,,,True
home-decor-gift-shops,approx,47789,E09000026,Redbridge,25,30,,,True
home-decor-gift-shops,approx,47789,E09000027,Richmond upon Thames,45,50,177.3,0.222,False
home-decor-gift-shops,approx,47789,E09000028,Southwark,30,35,,,True
home-decor-gift-shops,approx,47789,E09000029,Sutton,20,20,,,True
home-decor-gift-shops,approx,47789,E09000030,Tower Hamlets,50,50,100.0,0.5,False
home-decor-gift-shops,approx,47789,E09000031,Waltham Forest,25,25,,,True
home-decor-gift-shops,approx,47789,E09000032,Wandsworth,30,30,,,True
home-decor-gift-shops,approx,47789,E09000033,Westminster,115,165,307.8,0.261,False
home-decor-gift-shops,approx,47789,E92000001,England,8875,9835,178.9,0.27,False
home-decor-gift-shops,approx,47789,E12000007,London,1280,1420,173.3,0.312,False
pharmacies-health-stores,exact,47730,E09000002,Barking and Dagenham,25,40,,,True
pharmacies-health-stores,exact,47730,E09000003,Barnet,60,75,648.4,0.0,False
pharmacies-health-stores,exact,47730,E09000004,Bexley,25,45,,,True
pharmacies-health-stores,exact,47730,E09000005,Brent,80,90,707.1,0.0,False
pharmacies-health-stores,exact,47730,E09000006,Bromley,35,45,,,True
pharmacies-health-stores,exact,47730,E09000007,Camden,45,55,594.6,0.0,False
pharmacies-health-stores,exact,47730,E09000001,City of London,15,5,,,True
pharmacies-health-stores,exact,47730,E09000008,Croydon,115,130,1000.0,0.045,False
pharmacies-health-stores,exact,47730,E09000009,Ealing,65,70,707.1,0.077,False
pharmacies-health-stores,exact,47730,E09000010,Enfield,50,50,1000.0,0.1,False
pharmacies-health-stores,exact,47730,E09000011,Greenwich,30,40,,,True
pharmacies-health-stores,exact,47730,E09000012,Hackney,25,40,,,True
pharmacies-health-stores,exact,47730,E09000013,Hammersmith and Fulham,25,30,,,True
pharmacies-health-stores,exact,47730,E09000014,Haringey,35,45,,,True
pharmacies-health-stores,exact,47730,E09000015,Harrow,90,95,648.4,0.059,False
pharmacies-health-stores,exact,47730,E09000016,Havering,30,45,,,True
pharmacies-health-stores,exact,47730,E09000017,Hillingdon,55,55,890.9,0.0,False
pharmacies-health-stores,exact,47730,E09000018,Hounslow,30,40,,,True
pharmacies-health-stores,exact,47730,E09000019,Islington,35,40,,,True
pharmacies-health-stores,exact,47730,E09000020,Kensington and Chelsea,30,35,,,True
pharmacies-health-stores,exact,47730,E09000021,Kingston upon Thames,25,25,,,True
pharmacies-health-stores,exact,47730,E09000022,Lambeth,35,55,,,True
pharmacies-health-stores,exact,47730,E09000023,Lewisham,30,45,,,True
pharmacies-health-stores,exact,47730,E09000024,Merton,30,35,,,True
pharmacies-health-stores,exact,47730,E09000025,Newham,50,70,840.9,0.0,False
pharmacies-health-stores,exact,47730,E09000026,Redbridge,65,75,420.4,0.077,False
pharmacies-health-stores,exact,47730,E09000027,Richmond upon Thames,25,30,,,True
pharmacies-health-stores,exact,47730,E09000028,Southwark,25,40,,,True
pharmacies-health-stores,exact,47730,E09000029,Sutton,25,35,,,True
pharmacies-health-stores,exact,47730,E09000030,Tower Hamlets,45,55,420.4,0.0,False
pharmacies-health-stores,exact,47730,E09000031,Waltham Forest,35,55,,,True
pharmacies-health-stores,exact,47730,E09000032,Wandsworth,30,45,,,True
pharmacies-health-stores,exact,47730,E09000033,Westminster,65,75,793.7,0.071,False
pharmacies-health-stores,exact,47730,E92000001,England,5680,8935,780.9,0.059,False
pharmacies-health-stores,exact,47730,E12000007,London,1395,1710,781.8,0.054,False
cosmetics-beauty-shops,exact,47750,E09000002,Barking and Dagenham,15,20,,,True
cosmetics-beauty-shops,exact,47750,E09000003,Barnet,35,65,,,True
cosmetics-beauty-shops,exact,47750,E09000004,Bexley,0,15,,,True
cosmetics-beauty-shops,exact,47750,E09000005,Brent,30,35,,,True
cosmetics-beauty-shops,exact,47750,E09000006,Bromley,10,35,,,True
cosmetics-beauty-shops,exact,47750,E09000007,Camden,65,95,116.5,0.462,False
cosmetics-beauty-shops,exact,47750,E09000001,City of London,15,30,,,True
cosmetics-beauty-shops,exact,47750,E09000008,Croydon,25,45,,,True
cosmetics-beauty-shops,exact,47750,E09000009,Ealing,20,35,,,True
cosmetics-beauty-shops,exact,47750,E09000010,Enfield,20,30,,,True
cosmetics-beauty-shops,exact,47750,E09000011,Greenwich,20,30,,,True
cosmetics-beauty-shops,exact,47750,E09000012,Hackney,35,40,,,True
cosmetics-beauty-shops,exact,47750,E09000013,Hammersmith and Fulham,15,50,,,True
cosmetics-beauty-shops,exact,47750,E09000014,Haringey,15,30,,,True
cosmetics-beauty-shops,exact,47750,E09000015,Harrow,15,20,,,True
cosmetics-beauty-shops,exact,47750,E09000016,Havering,10,20,,,True
cosmetics-beauty-shops,exact,47750,E09000017,Hillingdon,10,40,,,True
cosmetics-beauty-shops,exact,47750,E09000018,Hounslow,15,20,,,True
cosmetics-beauty-shops,exact,47750,E09000019,Islington,35,60,,,True
cosmetics-beauty-shops,exact,47750,E09000020,Kensington and Chelsea,25,65,,,True
cosmetics-beauty-shops,exact,47750,E09000021,Kingston upon Thames,10,35,,,True
cosmetics-beauty-shops,exact,47750,E09000022,Lambeth,25,35,,,True
cosmetics-beauty-shops,exact,47750,E09000023,Lewisham,15,25,,,True
cosmetics-beauty-shops,exact,47750,E09000024,Merton,15,25,,,True
cosmetics-beauty-shops,exact,47750,E09000025,Newham,25,60,,,True
cosmetics-beauty-shops,exact,47750,E09000026,Redbridge,15,25,,,True
cosmetics-beauty-shops,exact,47750,E09000027,Richmond upon Thames,15,20,,,True
cosmetics-beauty-shops,exact,47750,E09000028,Southwark,30,40,,,True
cosmetics-beauty-shops,exact,47750,E09000029,Sutton,5,10,,,True
cosmetics-beauty-shops,exact,47750,E09000030,Tower Hamlets,25,40,,,True
cosmetics-beauty-shops,exact,47750,E09000031,Waltham Forest,20,35,,,True
cosmetics-beauty-shops,exact,47750,E09000032,Wandsworth,15,40,,,True
cosmetics-beauty-shops,exact,47750,E09000033,Westminster,105,195,208.1,0.318,False
cosmetics-beauty-shops,exact,47750,E92000001,England,1865,4735,194.0,0.265,False
cosmetics-beauty-shops,exact,47750,E12000007,London,755,1375,191.5,0.298,False
auto-dealers,exact,45111+45112,E09000002,Barking and Dagenham,100,100,307.8,0.176,False
auto-dealers,exact,45111+45112,E09000003,Barnet,105,115,353.6,0.286,False
auto-dealers,exact,45111+45112,E09000004,Bexley,45,50,396.9,0.0,False
auto-dealers,exact,45111+45112,E09000005,Brent,110,115,378.9,0.182,False
auto-dealers,exact,45111+45112,E09000006,Bromley,55,75,184.2,0.3,False
auto-dealers,exact,45111+45112,E09000007,Camden,75,75,297.3,0.286,False
auto-dealers,exact,45111+45112,E09000001,City of London,15,15,,,True
auto-dealers,exact,45111+45112,E09000008,Croydon,85,105,353.6,0.125,False
auto-dealers,exact,45111+45112,E09000009,Ealing,130,135,353.6,0.154,False
auto-dealers,exact,45111+45112,E09000010,Enfield,120,125,307.8,0.217,False
auto-dealers,exact,45111+45112,E09000011,Greenwich,35,35,,,True
auto-dealers,exact,45111+45112,E09000012,Hackney,45,45,297.3,0.125,False
auto-dealers,exact,45111+45112,E09000013,Hammersmith and Fulham,15,25,,,True
auto-dealers,exact,45111+45112,E09000014,Haringey,40,40,500.0,0.167,False
auto-dealers,exact,45111+45112,E09000015,Harrow,125,125,272.6,0.259,False
auto-dealers,exact,45111+45112,E09000016,Havering,125,130,420.4,0.095,False
auto-dealers,exact,45111+45112,E09000017,Hillingdon,140,150,431.0,0.111,False
auto-dealers,exact,45111+45112,E09000018,Hounslow,115,130,329.9,0.227,False
auto-dealers,exact,45111+45112,E09000019,Islington,50,55,177.3,0.222,False
auto-dealers,exact,45111+45112,E09000020,Kensington and Chelsea,35,35,,,True
auto-dealers,exact,45111+45112,E09000021,Kingston upon Thames,40,40,250.0,0.333,False
auto-dealers,exact,45111+45112,E09000022,Lambeth,20,20,,,True
auto-dealers,exact,45111+45112,E09000023,Lewisham,30,30,,,True
auto-dealers,exact,45111+45112,E09000024,Merton,65,80,353.6,0.143,False
auto-dealers,exact,45111+45112,E09000025,Newham,55,60,297.3,0.167,False
auto-dealers,exact,45111+45112,E09000026,Redbridge,145,145,367.4,0.107,False
auto-dealers,exact,45111+45112,E09000027,Richmond upon Thames,25,25,,,True
auto-dealers,exact,45111+45112,E09000028,Southwark,15,20,,,True
auto-dealers,exact,45111+45112,E09000029,Sutton,60,60,315.0,0.167,False
auto-dealers,exact,45111+45112,E09000030,Tower Hamlets,50,50,445.4,0.111,False
auto-dealers,exact,45111+45112,E09000031,Waltham Forest,50,55,420.4,0.143,False
auto-dealers,exact,45111+45112,E09000032,Wandsworth,45,55,198.8,0.333,False
auto-dealers,exact,45111+45112,E09000033,Westminster,60,70,250.0,0.2,False
auto-dealers,exact,45111+45112,E92000001,England,17925,20505,405.2,0.165,False
auto-dealers,exact,45111+45112,E12000007,London,2220,2400,336.0,0.192,False
gas-stations,exact,47300,E09000002,Barking and Dagenham,5,5,,,True
gas-stations,exact,47300,E09000003,Barnet,5,10,,,True
gas-stations,exact,47300,E09000004,Bexley,0,5,,,True
gas-stations,exact,47300,E09000005,Brent,10,15,,,True
gas-stations,exact,47300,E09000006,Bromley,10,20,,,True
gas-stations,exact,47300,E09000007,Camden,5,5,,,True
gas-stations,exact,47300,E09000001,City of London,0,0,,,True
gas-stations,exact,47300,E09000008,Croydon,10,15,,,True
gas-stations,exact,47300,E09000009,Ealing,5,15,,,True
gas-stations,exact,47300,E09000010,Enfield,10,15,,,True
gas-stations,exact,47300,E09000011,Greenwich,0,5,,,True
gas-stations,exact,47300,E09000012,Hackney,0,0,,,True
gas-stations,exact,47300,E09000013,Hammersmith and Fulham,5,10,,,True
gas-stations,exact,47300,E09000014,Haringey,0,5,,,True
gas-stations,exact,47300,E09000015,Harrow,5,5,,,True
gas-stations,exact,47300,E09000016,Havering,5,5,,,True
gas-stations,exact,47300,E09000017,Hillingdon,10,10,,,True
gas-stations,exact,47300,E09000018,Hounslow,10,15,,,True
gas-stations,exact,47300,E09000019,Islington,5,5,,,True
gas-stations,exact,47300,E09000020,Kensington and Chelsea,0,5,,,True
gas-stations,exact,47300,E09000021,Kingston upon Thames,10,5,,,True
gas-stations,exact,47300,E09000022,Lambeth,5,10,,,True
gas-stations,exact,47300,E09000023,Lewisham,5,5,,,True
gas-stations,exact,47300,E09000024,Merton,5,5,,,True
gas-stations,exact,47300,E09000025,Newham,5,5,,,True
gas-stations,exact,47300,E09000026,Redbridge,10,10,,,True
gas-stations,exact,47300,E09000027,Richmond upon Thames,5,5,,,True
gas-stations,exact,47300,E09000028,Southwark,0,5,,,True
gas-stations,exact,47300,E09000029,Sutton,10,10,,,True
gas-stations,exact,47300,E09000030,Tower Hamlets,0,0,,,True
gas-stations,exact,47300,E09000031,Waltham Forest,5,5,,,True
gas-stations,exact,47300,E09000032,Wandsworth,0,5,,,True
gas-stations,exact,47300,E09000033,Westminster,5,5,,,True
gas-stations,exact,47300,E92000001,England,1560,2915,1946.4,0.035,False
gas-stations,exact,47300,E12000007,London,160,255,1866.1,0.065,False
general-merchandise-stores,exact,47190,E09000002,Barking and Dagenham,40,50,184.2,0.25,False
general-merchandise-stores,exact,47190,E09000003,Barnet,75,95,173.3,0.312,False
general-merchandise-stores,exact,47190,E09000004,Bexley,30,40,,,True
general-merchandise-stores,exact,47190,E09000005,Brent,105,120,219.3,0.2,False
general-merchandise-stores,exact,47190,E09000006,Bromley,30,55,,,True
general-merchandise-stores,exact,47190,E09000007,Camden,100,145,192.4,0.222,False
general-merchandise-stores,exact,47190,E09000001,City of London,25,45,,,True
general-merchandise-stores,exact,47190,E09000008,Croydon,55,70,272.6,0.182,False
general-merchandise-stores,exact,47190,E09000009,Ealing,125,135,250.0,0.083,False
general-merchandise-stores,exact,47190,E09000010,Enfield,50,65,214.6,0.222,False
general-merchandise-stores,exact,47190,E09000011,Greenwich,35,60,,,True
general-merchandise-stores,exact,47190,E09000012,Hackney,95,105,180.2,0.263,False
general-merchandise-stores,exact,47190,E09000013,Hammersmith and Fulham,50,65,222.9,0.111,False
general-merchandise-stores,exact,47190,E09000014,Haringey,45,60,297.3,0.1,False
general-merchandise-stores,exact,47190,E09000015,Harrow,70,85,184.2,0.214,False
general-merchandise-stores,exact,47190,E09000016,Havering,30,50,,,True
general-merchandise-stores,exact,47190,E09000017,Hillingdon,85,135,198.8,0.235,False
general-merchandise-stores,exact,47190,E09000018,Hounslow,70,85,198.8,0.154,False
general-merchandise-stores,exact,47190,E09000019,Islington,75,90,198.8,0.286,False
general-merchandise-stores,exact,47190,E09000020,Kensington and Chelsea,40,65,198.8,0.286,False
general-merchandise-stores,exact,47190,E09000021,Kingston upon Thames,30,50,,,True
general-merchandise-stores,exact,47190,E09000022,Lambeth,50,65,250.0,0.2,False
general-merchandise-stores,exact,47190,E09000023,Lewisham,35,50,,,True
general-merchandise-stores,exact,47190,E09000024,Merton,35,50,,,True
general-merchandise-stores,exact,47190,E09000025,Newham,90,115,234.2,0.118,False
general-merchandise-stores,exact,47190,E09000026,Redbridge,70,80,228.1,0.154,False
general-merchandise-stores,exact,47190,E09000027,Richmond upon Thames,30,40,,,True
general-merchandise-stores,exact,47190,E09000028,Southwark,45,65,250.0,0.125,False
general-merchandise-stores,exact,47190,E09000029,Sutton,30,45,,,True
general-merchandise-stores,exact,47190,E09000030,Tower Hamlets,100,115,234.2,0.158,False
general-merchandise-stores,exact,47190,E09000031,Waltham Forest,65,80,222.9,0.231,False
general-merchandise-stores,exact,47190,E09000032,Wandsworth,45,70,198.8,0.2,False
general-merchandise-stores,exact,47190,E09000033,Westminster,160,240,353.6,0.161,False
general-merchandise-stores,exact,47190,E92000001,England,7835,13040,222.0,0.184,False
general-merchandise-stores,exact,47190,E12000007,London,2010,2680,224.8,0.197,False
indie-bookstores,exact,47610,E09000002,Barking and Dagenham,5,5,,,True
indie-bookstores,exact,47610,E09000003,Barnet,10,15,,,True
indie-bookstores,exact,47610,E09000004,Bexley,5,5,,,True
indie-bookstores,exact,47610,E09000005,Brent,10,10,,,True
indie-bookstores,exact,47610,E09000006,Bromley,5,5,,,True
indie-bookstores,exact,47610,E09000007,Camden,25,40,,,True
indie-bookstores,exact,47610,E09000001,City of London,0,5,,,True
indie-bookstores,exact,47610,E09000008,Croydon,0,5,,,True
indie-bookstores,exact,47610,E09000009,Ealing,5,5,,,True
indie-bookstores,exact,47610,E09000010,Enfield,5,10,,,True
indie-bookstores,exact,47610,E09000011,Greenwich,0,5,,,True
indie-bookstores,exact,47610,E09000012,Hackney,20,20,,,True
indie-bookstores,exact,47610,E09000013,Hammersmith and Fulham,5,10,,,True
indie-bookstores,exact,47610,E09000014,Haringey,5,5,,,True
indie-bookstores,exact,47610,E09000015,Harrow,5,5,,,True
indie-bookstores,exact,47610,E09000016,Havering,0,5,,,True
indie-bookstores,exact,47610,E09000017,Hillingdon,5,5,,,True
indie-bookstores,exact,47610,E09000018,Hounslow,5,10,,,True
indie-bookstores,exact,47610,E09000019,Islington,10,10,,,True
indie-bookstores,exact,47610,E09000020,Kensington and Chelsea,5,15,,,True
indie-bookstores,exact,47610,E09000021,Kingston upon Thames,0,0,,,True
indie-bookstores,exact,47610,E09000022,Lambeth,10,20,,,True
indie-bookstores,exact,47610,E09000023,Lewisham,5,10,,,True
indie-bookstores,exact,47610,E09000024,Merton,5,5,,,True
indie-bookstores,exact,47610,E09000025,Newham,5,10,,,True
indie-bookstores,exact,47610,E09000026,Redbridge,0,5,,,True
indie-bookstores,exact,47610,E09000027,Richmond upon Thames,5,10,,,True
indie-bookstores,exact,47610,E09000028,Southwark,10,10,,,True
indie-bookstores,exact,47610,E09000029,Sutton,0,5,,,True
indie-bookstores,exact,47610,E09000030,Tower Hamlets,15,20,,,True
indie-bookstores,exact,47610,E09000031,Waltham Forest,10,10,,,True
indie-bookstores,exact,47610,E09000032,Wandsworth,10,15,,,True
indie-bookstores,exact,47610,E09000033,Westminster,25,40,,,True
indie-bookstores,exact,47610,E92000001,England,965,1770,144.1,0.368,False
indie-bookstores,exact,47610,E12000007,London,235,350,158.1,0.348,False
toy-game-stores,exact,47650,E09000002,Barking and Dagenham,5,5,,,True
toy-game-stores,exact,47650,E09000003,Barnet,15,20,,,True
toy-game-stores,exact,47650,E09000004,Bexley,5,5,,,True
toy-game-stores,exact,47650,E09000005,Brent,10,10,,,True
toy-game-stores,exact,47650,E09000006,Bromley,5,10,,,True
toy-game-stores,exact,47650,E09000007,Camden,25,25,,,True
toy-game-stores,exact,47650,E09000001,City of London,5,5,,,True
toy-game-stores,exact,47650,E09000008,Croydon,5,10,,,True
toy-game-stores,exact,47650,E09000009,Ealing,10,10,,,True
toy-game-stores,exact,47650,E09000010,Enfield,5,5,,,True
toy-game-stores,exact,47650,E09000011,Greenwich,5,5,,,True
toy-game-stores,exact,47650,E09000012,Hackney,15,15,,,True
toy-game-stores,exact,47650,E09000013,Hammersmith and Fulham,5,10,,,True
toy-game-stores,exact,47650,E09000014,Haringey,5,5,,,True
toy-game-stores,exact,47650,E09000015,Harrow,10,10,,,True
toy-game-stores,exact,47650,E09000016,Havering,5,10,,,True
toy-game-stores,exact,47650,E09000017,Hillingdon,10,15,,,True
toy-game-stores,exact,47650,E09000018,Hounslow,5,5,,,True
toy-game-stores,exact,47650,E09000019,Islington,15,15,,,True
toy-game-stores,exact,47650,E09000020,Kensington and Chelsea,5,5,,,True
toy-game-stores,exact,47650,E09000021,Kingston upon Thames,5,5,,,True
toy-game-stores,exact,47650,E09000022,Lambeth,10,10,,,True
toy-game-stores,exact,47650,E09000023,Lewisham,0,0,,,True
toy-game-stores,exact,47650,E09000024,Merton,5,5,,,True
toy-game-stores,exact,47650,E09000025,Newham,10,15,,,True
toy-game-stores,exact,47650,E09000026,Redbridge,10,10,,,True
toy-game-stores,exact,47650,E09000027,Richmond upon Thames,0,0,,,True
toy-game-stores,exact,47650,E09000028,Southwark,10,15,,,True
toy-game-stores,exact,47650,E09000029,Sutton,0,0,,,True
toy-game-stores,exact,47650,E09000030,Tower Hamlets,10,10,,,True
toy-game-stores,exact,47650,E09000031,Waltham Forest,5,5,,,True
toy-game-stores,exact,47650,E09000032,Wandsworth,10,10,,,True
toy-game-stores,exact,47650,E09000033,Westminster,15,20,,,True
toy-game-stores,exact,47650,E92000001,England,1430,1920,130.0,0.404,False
toy-game-stores,exact,47650,E12000007,London,250,305,114.0,0.46,False
pet-stores,shared,47760,E09000002,Barking and Dagenham,5,10,,,True
pet-stores,shared,47760,E09000003,Barnet,35,40,,,True
pet-stores,shared,47760,E09000004,Bexley,25,25,,,True
pet-stores,shared,47760,E09000005,Brent,25,25,,,True
pet-stores,shared,47760,E09000006,Bromley,35,40,,,True
pet-stores,shared,47760,E09000007,Camden,35,35,,,True
pet-stores,shared,47760,E09000001,City of London,5,5,,,True
pet-stores,shared,47760,E09000008,Croydon,20,25,,,True
pet-stores,shared,47760,E09000009,Ealing,30,30,,,True
pet-stores,shared,47760,E09000010,Enfield,20,25,,,True
pet-stores,shared,47760,E09000011,Greenwich,25,30,,,True
pet-stores,shared,47760,E09000012,Hackney,45,45,177.3,0.222,False
pet-stores,shared,47760,E09000013,Hammersmith and Fulham,20,25,,,True
pet-stores,shared,47760,E09000014,Haringey,20,25,,,True
pet-stores,shared,47760,E09000015,Harrow,10,10,,,True
pet-stores,shared,47760,E09000016,Havering,20,25,,,True
pet-stores,shared,47760,E09000017,Hillingdon,25,35,,,True
pet-stores,shared,47760,E09000018,Hounslow,15,20,,,True
pet-stores,shared,47760,E09000019,Islington,40,40,173.3,0.125,False
pet-stores,shared,47760,E09000020,Kensington and Chelsea,30,35,,,True
pet-stores,shared,47760,E09000021,Kingston upon Thames,20,20,,,True
pet-stores,shared,47760,E09000022,Lambeth,30,30,,,True
pet-stores,shared,47760,E09000023,Lewisham,25,25,,,True
pet-stores,shared,47760,E09000024,Merton,15,20,,,True
pet-stores,shared,47760,E09000025,Newham,20,20,,,True
pet-stores,shared,47760,E09000026,Redbridge,15,20,,,True
pet-stores,shared,47760,E09000027,Richmond upon Thames,25,30,,,True
pet-stores,shared,47760,E09000028,Southwark,35,40,,,True
pet-stores,shared,47760,E09000029,Sutton,15,15,,,True
pet-stores,shared,47760,E09000030,Tower Hamlets,30,25,,,True
pet-stores,shared,47760,E09000031,Waltham Forest,20,25,,,True
pet-stores,shared,47760,E09000032,Wandsworth,45,55,250.0,0.2,False
pet-stores,shared,47760,E09000033,Westminster,35,40,,,True
pet-stores,shared,47760,E92000001,England,5830,7180,194.8,0.171,False
pet-stores,shared,47760,E12000007,London,810,920,176.5,0.198,False
sporting-goods-specialty,exact,47640,E09000002,Barking and Dagenham,10,15,,,True
sporting-goods-specialty,exact,47640,E09000003,Barnet,15,30,,,True
sporting-goods-specialty,exact,47640,E09000004,Bexley,5,10,,,True
sporting-goods-specialty,exact,47640,E09000005,Brent,15,25,,,True
sporting-goods-specialty,exact,47640,E09000006,Bromley,10,25,,,True
sporting-goods-specialty,exact,47640,E09000007,Camden,45,60,158.1,0.429,False
sporting-goods-specialty,exact,47640,E09000001,City of London,5,15,,,True
sporting-goods-specialty,exact,47640,E09000008,Croydon,15,25,,,True
sporting-goods-specialty,exact,47640,E09000009,Ealing,20,30,,,True
sporting-goods-specialty,exact,47640,E09000010,Enfield,10,15,,,True
sporting-goods-specialty,exact,47640,E09000011,Greenwich,15,25,,,True
sporting-goods-specialty,exact,47640,E09000012,Hackney,25,30,,,True
sporting-goods-specialty,exact,47640,E09000013,Hammersmith and Fulham,20,35,,,True
sporting-goods-specialty,exact,47640,E09000014,Haringey,10,15,,,True
sporting-goods-specialty,exact,47640,E09000015,Harrow,20,20,,,True
sporting-goods-specialty,exact,47640,E09000016,Havering,10,15,,,True
sporting-goods-specialty,exact,47640,E09000017,Hillingdon,10,20,,,True
sporting-goods-specialty,exact,47640,E09000018,Hounslow,10,20,,,True
sporting-goods-specialty,exact,47640,E09000019,Islington,20,30,,,True
sporting-goods-specialty,exact,47640,E09000020,Kensington and Chelsea,10,20,,,True
sporting-goods-specialty,exact,47640,E09000021,Kingston upon Thames,15,30,,,True
sporting-goods-specialty,exact,47640,E09000022,Lambeth,20,30,,,True
sporting-goods-specialty,exact,47640,E09000023,Lewisham,10,15,,,True
sporting-goods-specialty,exact,47640,E09000024,Merton,15,20,,,True
sporting-goods-specialty,exact,47640,E09000025,Newham,15,25,,,True
sporting-goods-specialty,exact,47640,E09000026,Redbridge,10,15,,,True
sporting-goods-specialty,exact,47640,E09000027,Richmond upon Thames,20,25,,,True
sporting-goods-specialty,exact,47640,E09000028,Southwark,20,30,,,True
sporting-goods-specialty,exact,47640,E09000029,Sutton,10,15,,,True
sporting-goods-specialty,exact,47640,E09000030,Tower Hamlets,15,25,,,True
sporting-goods-specialty,exact,47640,E09000031,Waltham Forest,20,25,,,True
sporting-goods-specialty,exact,47640,E09000032,Wandsworth,30,45,,,True
sporting-goods-specialty,exact,47640,E09000033,Westminster,45,80,158.1,0.429,False
sporting-goods-specialty,exact,47640,E92000001,England,4415,6580,175.2,0.305,False
sporting-goods-specialty,exact,47640,E12000007,London,545,855,150.0,0.358,False
art-craft-supply-shops,approx,47789,E09000002,Barking and Dagenham,15,15,,,True
art-craft-supply-shops,approx,47789,E09000003,Barnet,60,60,158.1,0.333,False
art-craft-supply-shops,approx,47789,E09000004,Bexley,20,20,,,True
art-craft-supply-shops,approx,47789,E09000005,Brent,35,40,,,True
art-craft-supply-shops,approx,47789,E09000006,Bromley,40,45,184.2,0.25,False
art-craft-supply-shops,approx,47789,E09000007,Camden,85,95,198.8,0.235,False
art-craft-supply-shops,approx,47789,E09000001,City of London,20,20,,,True
art-craft-supply-shops,approx,47789,E09000008,Croydon,25,30,,,True
art-craft-supply-shops,approx,47789,E09000009,Ealing,35,40,,,True
art-craft-supply-shops,approx,47789,E09000010,Enfield,50,50,100.0,0.5,False
art-craft-supply-shops,approx,47789,E09000011,Greenwich,35,40,,,True
art-craft-supply-shops,approx,47789,E09000012,Hackney,60,60,125.7,0.417,False
art-craft-supply-shops,approx,47789,E09000013,Hammersmith and Fulham,35,35,,,True
art-craft-supply-shops,approx,47789,E09000014,Haringey,35,40,,,True
art-craft-supply-shops,approx,47789,E09000015,Harrow,45,45,184.2,0.25,False
art-craft-supply-shops,approx,47789,E09000016,Havering,35,40,,,True
art-craft-supply-shops,approx,47789,E09000017,Hillingdon,40,45,198.8,0.333,False
art-craft-supply-shops,approx,47789,E09000018,Hounslow,30,30,,,True
art-craft-supply-shops,approx,47789,E09000019,Islington,45,45,135.7,0.375,False
art-craft-supply-shops,approx,47789,E09000020,Kensington and Chelsea,55,75,315.0,0.1,False
art-craft-supply-shops,approx,47789,E09000021,Kingston upon Thames,15,15,,,True
art-craft-supply-shops,approx,47789,E09000022,Lambeth,40,40,135.7,0.333,False
art-craft-supply-shops,approx,47789,E09000023,Lewisham,35,35,,,True
art-craft-supply-shops,approx,47789,E09000024,Merton,15,15,,,True
art-craft-supply-shops,approx,47789,E09000025,Newham,35,40,,,True
art-craft-supply-shops,approx,47789,E09000026,Redbridge,25,30,,,True
art-craft-supply-shops,approx,47789,E09000027,Richmond upon Thames,45,50,177.3,0.222,False
art-craft-supply-shops,approx,47789,E09000028,Southwark,30,35,,,True
art-craft-supply-shops,approx,47789,E09000029,Sutton,20,20,,,True
art-craft-supply-shops,approx,47789,E09000030,Tower Hamlets,50,50,100.0,0.5,False
art-craft-supply-shops,approx,47789,E09000031,Waltham Forest,25,25,,,True
art-craft-supply-shops,approx,47789,E09000032,Wandsworth,30,30,,,True
art-craft-supply-shops,approx,47789,E09000033,Westminster,115,165,307.8,0.261,False
art-craft-supply-shops,approx,47789,E92000001,England,8875,9835,178.9,0.27,False
art-craft-supply-shops,approx,47789,E12000007,London,1280,1420,173.3,0.312,False
music-instrument-shops,exact,47591,E09000002,Barking and Dagenham,0,0,,,True
music-instrument-shops,exact,47591,E09000003,Barnet,5,5,,,True
music-instrument-shops,exact,47591,E09000004,Bexley,0,0,,,True
music-instrument-shops,exact,47591,E09000005,Brent,0,0,,,True
music-instrument-shops,exact,47591,E09000006,Bromley,5,5,,,True
music-instrument-shops,exact,47591,E09000007,Camden,15,15,,,True
music-instrument-shops,exact,47591,E09000001,City of London,0,0,,,True
music-instrument-shops,exact,47591,E09000008,Croydon,5,5,,,True
music-instrument-shops,exact,47591,E09000009,Ealing,0,0,,,True
music-instrument-shops,exact,47591,E09000010,Enfield,5,5,,,True
music-instrument-shops,exact,47591,E09000011,Greenwich,5,5,,,True
music-instrument-shops,exact,47591,E09000012,Hackney,5,5,,,True
music-instrument-shops,exact,47591,E09000013,Hammersmith and Fulham,0,5,,,True
music-instrument-shops,exact,47591,E09000014,Haringey,5,5,,,True
music-instrument-shops,exact,47591,E09000015,Harrow,0,0,,,True
music-instrument-shops,exact,47591,E09000016,Havering,0,0,,,True
music-instrument-shops,exact,47591,E09000017,Hillingdon,0,0,,,True
music-instrument-shops,exact,47591,E09000018,Hounslow,0,0,,,True
music-instrument-shops,exact,47591,E09000019,Islington,0,0,,,True
music-instrument-shops,exact,47591,E09000020,Kensington and Chelsea,0,0,,,True
music-instrument-shops,exact,47591,E09000021,Kingston upon Thames,0,0,,,True
music-instrument-shops,exact,47591,E09000022,Lambeth,0,0,,,True
music-instrument-shops,exact,47591,E09000023,Lewisham,5,5,,,True
music-instrument-shops,exact,47591,E09000024,Merton,0,0,,,True
music-instrument-shops,exact,47591,E09000025,Newham,0,0,,,True
music-instrument-shops,exact,47591,E09000026,Redbridge,0,0,,,True
music-instrument-shops,exact,47591,E09000027,Richmond upon Thames,5,5,,,True
music-instrument-shops,exact,47591,E09000028,Southwark,5,5,,,True
music-instrument-shops,exact,47591,E09000029,Sutton,0,0,,,True
music-instrument-shops,exact,47591,E09000030,Tower Hamlets,0,0,,,True
music-instrument-shops,exact,47591,E09000031,Waltham Forest,0,0,,,True
music-instrument-shops,exact,47591,E09000032,Wandsworth,5,5,,,True
music-instrument-shops,exact,47591,E09000033,Westminster,20,25,,,True
music-instrument-shops,exact,47591,E92000001,England,535,575,198.8,0.25,False
music-instrument-shops,exact,47591,E12000007,London,100,115,222.9,0.15,False
stationery-paper-goods,exact,47620,E09000002,Barking and Dagenham,5,10,,,True
stationery-paper-goods,exact,47620,E09000003,Barnet,15,25,,,True
stationery-paper-goods,exact,47620,E09000004,Bexley,10,20,,,True
stationery-paper-goods,exact,47620,E09000005,Brent,10,15,,,True
stationery-paper-goods,exact,47620,E09000006,Bromley,10,30,,,True
stationery-paper-goods,exact,47620,E09000007,Camden,15,35,,,True
stationery-paper-goods,exact,47620,E09000001,City of London,5,25,,,True
stationery-paper-goods,exact,47620,E09000008,Croydon,10,15,,,True
stationery-paper-goods,exact,47620,E09000009,Ealing,10,20,,,True
stationery-paper-goods,exact,47620,E09000010,Enfield,10,15,,,True
stationery-paper-goods,exact,47620,E09000011,Greenwich,5,15,,,True
stationery-paper-goods,exact,47620,E09000012,Hackney,20,20,,,True
stationery-paper-goods,exact,47620,E09000013,Hammersmith and Fulham,5,15,,,True
stationery-paper-goods,exact,47620,E09000014,Haringey,15,20,,,True
stationery-paper-goods,exact,47620,E09000015,Harrow,10,20,,,True
stationery-paper-goods,exact,47620,E09000016,Havering,10,20,,,True
stationery-paper-goods,exact,47620,E09000017,Hillingdon,5,30,,,True
stationery-paper-goods,exact,47620,E09000018,Hounslow,5,10,,,True
stationery-paper-goods,exact,47620,E09000019,Islington,10,15,,,True
stationery-paper-goods,exact,47620,E09000020,Kensington and Chelsea,10,20,,,True
stationery-paper-goods,exact,47620,E09000021,Kingston upon Thames,10,20,,,True
stationery-paper-goods,exact,47620,E09000022,Lambeth,10,20,,,True
stationery-paper-goods,exact,47620,E09000023,Lewisham,10,15,,,True
stationery-paper-goods,exact,47620,E09000024,Merton,10,15,,,True
stationery-paper-goods,exact,47620,E09000025,Newham,10,20,,,True
stationery-paper-goods,exact,47620,E09000026,Redbridge,15,15,,,True
stationery-paper-goods,exact,47620,E09000027,Richmond upon Thames,5,10,,,True
stationery-paper-goods,exact,47620,E09000028,Southwark,15,25,,,True
stationery-paper-goods,exact,47620,E09000029,Sutton,5,20,,,True
stationery-paper-goods,exact,47620,E09000030,Tower Hamlets,15,20,,,True
stationery-paper-goods,exact,47620,E09000031,Waltham Forest,10,15,,,True
stationery-paper-goods,exact,47620,E09000032,Wandsworth,10,15,,,True
stationery-paper-goods,exact,47620,E09000033,Westminster,15,45,,,True
stationery-paper-goods,exact,47620,E92000001,England,1750,3950,191.1,0.255,False
stationery-paper-goods,exact,47620,E12000007,London,330,645,201.0,0.258,False
florist-shops,shared,47760,E09000002,Barking and Dagenham,5,10,,,True
florist-shops,shared,47760,E09000003,Barnet,35,40,,,True
florist-shops,shared,47760,E09000004,Bexley,25,25,,,True
florist-shops,shared,47760,E09000005,Brent,25,25,,,True
florist-shops,shared,47760,E09000006,Bromley,35,40,,,True
florist-shops,shared,47760,E09000007,Camden,35,35,,,True
florist-shops,shared,47760,E09000001,City of London,5,5,,,True
florist-shops,shared,47760,E09000008,Croydon,20,25,,,True
florist-shops,shared,47760,E09000009,Ealing,30,30,,,True
florist-shops,shared,47760,E09000010,Enfield,20,25,,,True
florist-shops,shared,47760,E09000011,Greenwich,25,30,,,True
florist-shops,shared,47760,E09000012,Hackney,45,45,177.3,0.222,False
florist-shops,shared,47760,E09000013,Hammersmith and Fulham,20,25,,,True
florist-shops,shared,47760,E09000014,Haringey,20,25,,,True
florist-shops,shared,47760,E09000015,Harrow,10,10,,,True
florist-shops,shared,47760,E09000016,Havering,20,25,,,True
florist-shops,shared,47760,E09000017,Hillingdon,25,35,,,True
florist-shops,shared,47760,E09000018,Hounslow,15,20,,,True
florist-shops,shared,47760,E09000019,Islington,40,40,173.3,0.125,False
florist-shops,shared,47760,E09000020,Kensington and Chelsea,30,35,,,True
florist-shops,shared,47760,E09000021,Kingston upon Thames,20,20,,,True
florist-shops,shared,47760,E09000022,Lambeth,30,30,,,True
florist-shops,shared,47760,E09000023,Lewisham,25,25,,,True
florist-shops,shared,47760,E09000024,Merton,15,20,,,True
florist-shops,shared,47760,E09000025,Newham,20,20,,,True
florist-shops,shared,47760,E09000026,Redbridge,15,20,,,True
florist-shops,shared,47760,E09000027,Richmond upon Thames,25,30,,,True
florist-shops,shared,47760,E09000028,Southwark,35,40,,,True
florist-shops,shared,47760,E09000029,Sutton,15,15,,,True
florist-shops,shared,47760,E09000030,Tower Hamlets,30,25,,,True
florist-shops,shared,47760,E09000031,Waltham Forest,20,25,,,True
florist-shops,shared,47760,E09000032,Wandsworth,45,55,250.0,0.2,False
florist-shops,shared,47760,E09000033,Westminster,35,40,,,True
florist-shops,shared,47760,E92000001,England,5830,7180,194.8,0.171,False
florist-shops,shared,47760,E12000007,London,810,920,176.5,0.198,False
junk-removal-small-moving,approx,49420,E09000002,Barking and Dagenham,15,20,,,True
junk-removal-small-moving,approx,49420,E09000003,Barnet,35,35,,,True
junk-removal-small-moving,approx,49420,E09000004,Bexley,15,15,,,True
junk-removal-small-moving,approx,49420,E09000005,Brent,40,40,100.0,0.5,False
junk-removal-small-moving,approx,49420,E09000006,Bromley,30,30,,,True
junk-removal-small-moving,approx,49420,E09000007,Camden,25,25,,,True
junk-removal-small-moving,approx,49420,E09000001,City of London,5,0,,,True
junk-removal-small-moving,approx,49420,E09000008,Croydon,30,35,,,True
junk-removal-small-moving,approx,49420,E09000009,Ealing,70,70,144.3,0.357,False
junk-removal-small-moving,approx,49420,E09000010,Enfield,25,25,,,True
junk-removal-small-moving,approx,49420,E09000011,Greenwich,20,20,,,True
junk-removal-small-moving,approx,49420,E09000012,Hackney,20,25,,,True
junk-removal-small-moving,approx,49420,E09000013,Hammersmith and Fulham,15,15,,,True
junk-removal-small-moving,approx,49420,E09000014,Haringey,15,15,,,True
junk-removal-small-moving,approx,49420,E09000015,Harrow,25,25,,,True
junk-removal-small-moving,approx,49420,E09000016,Havering,25,25,,,True
junk-removal-small-moving,approx,49420,E09000017,Hillingdon,40,40,116.5,0.429,False
junk-removal-small-moving,approx,49420,E09000018,Hounslow,25,30,,,True
junk-removal-small-moving,approx,49420,E09000019,Islington,35,30,,,True
junk-removal-small-moving,approx,49420,E09000020,Kensington and Chelsea,5,5,,,True
junk-removal-small-moving,approx,49420,E09000021,Kingston upon Thames,10,10,,,True
junk-removal-small-moving,approx,49420,E09000022,Lambeth,15,20,,,True
junk-removal-small-moving,approx,49420,E09000023,Lewisham,15,15,,,True
junk-removal-small-moving,approx,49420,E09000024,Merton,35,35,,,True
junk-removal-small-moving,approx,49420,E09000025,Newham,35,35,,,True
junk-removal-small-moving,approx,49420,E09000026,Redbridge,40,40,125.7,0.375,False
junk-removal-small-moving,approx,49420,E09000027,Richmond upon Thames,10,15,,,True
junk-removal-small-moving,approx,49420,E09000028,Southwark,15,15,,,True
junk-removal-small-moving,approx,49420,E09000029,Sutton,20,20,,,True
junk-removal-small-moving,approx,49420,E09000030,Tower Hamlets,5,5,,,True
junk-removal-small-moving,approx,49420,E09000031,Waltham Forest,30,30,,,True
junk-removal-small-moving,approx,49420,E09000032,Wandsworth,30,30,,,True
junk-removal-small-moving,approx,49420,E09000033,Westminster,15,15,,,True
junk-removal-small-moving,approx,49420,E92000001,England,2910,3045,152.8,0.318,False
junk-removal-small-moving,approx,49420,E12000007,London,795,805,126.7,0.406,False
scenic-sightseeing-transport,approx,49390,E09000002,Barking and Dagenham,20,20,,,True
scenic-sightseeing-transport,approx,49390,E09000003,Barnet,30,30,,,True
scenic-sightseeing-transport,approx,49390,E09000004,Bexley,15,15,,,True
scenic-sightseeing-transport,approx,49390,E09000005,Brent,45,45,112.1,0.444,False
scenic-sightseeing-transport,approx,49390,E09000006,Bromley,15,15,,,True
scenic-sightseeing-transport,approx,49390,E09000007,Camden,25,25,,,True
scenic-sightseeing-transport,approx,49390,E09000001,City of London,5,5,,,True
scenic-sightseeing-transport,approx,49390,E09000008,Croydon,20,20,,,True
scenic-sightseeing-transport,approx,49390,E09000009,Ealing,45,45,184.2,0.3,False
scenic-sightseeing-transport,approx,49390,E09000010,Enfield,25,25,,,True
scenic-sightseeing-transport,approx,49390,E09000011,Greenwich,10,10,,,True
scenic-sightseeing-transport,approx,49390,E09000012,Hackney,20,20,,,True
scenic-sightseeing-transport,approx,49390,E09000013,Hammersmith and Fulham,15,20,,,True
scenic-sightseeing-transport,approx,49390,E09000014,Haringey,10,10,,,True
scenic-sightseeing-transport,approx,49390,E09000015,Harrow,25,30,,,True
scenic-sightseeing-transport,approx,49390,E09000016,Havering,5,10,,,True
scenic-sightseeing-transport,approx,49390,E09000017,Hillingdon,55,55,112.1,0.455,False
scenic-sightseeing-transport,approx,49390,E09000018,Hounslow,40,45,100.0,0.5,False
scenic-sightseeing-transport,approx,49390,E09000019,Islington,20,20,,,True
scenic-sightseeing-transport,approx,49390,E09000020,Kensington and Chelsea,5,5,,,True
scenic-sightseeing-transport,approx,49390,E09000021,Kingston upon Thames,10,15,,,True
scenic-sightseeing-transport,approx,49390,E09000022,Lambeth,5,10,,,True
scenic-sightseeing-transport,approx,49390,E09000023,Lewisham,0,0,,,True
scenic-sightseeing-transport,approx,49390,E09000024,Merton,30,30,,,True
scenic-sightseeing-transport,approx,49390,E09000025,Newham,25,25,,,True
scenic-sightseeing-transport,approx,49390,E09000026,Redbridge,35,35,,,True
scenic-sightseeing-transport,approx,49390,E09000027,Richmond upon Thames,10,15,,,True
scenic-sightseeing-transport,approx,49390,E09000028,Southwark,15,20,,,True
scenic-sightseeing-transport,approx,49390,E09000029,Sutton,20,20,,,True
scenic-sightseeing-transport,approx,49390,E09000030,Tower Hamlets,15,15,,,True
scenic-sightseeing-transport,approx,49390,E09000031,Waltham Forest,15,15,,,True
scenic-sightseeing-transport,approx,49390,E09000032,Wandsworth,20,25,,,True
scenic-sightseeing-transport,approx,49390,E09000033,Westminster,25,30,,,True
scenic-sightseeing-transport,approx,49390,E92000001,England,3095,3355,158.1,0.359,False
scenic-sightseeing-transport,approx,49390,E12000007,London,685,725,107.9,0.471,False
couriers-messengers,exact,53202+53201,E09000002,Barking and Dagenham,200,200,40.2,0.789,False
couriers-messengers,exact,53202+53201,E09000003,Barnet,160,160,52.2,0.742,False
couriers-messengers,exact,53202+53201,E09000004,Bexley,135,135,27.2,0.88,False
couriers-messengers,exact,53202+53201,E09000005,Brent,215,225,45.0,0.786,False
couriers-messengers,exact,53202+53201,E09000006,Bromley,90,90,53.6,0.737,False
couriers-messengers,exact,53202+53201,E09000007,Camden,225,225,45.2,0.864,False
couriers-messengers,exact,53202+53201,E09000001,City of London,0,5,,,True
couriers-messengers,exact,53202+53201,E09000008,Croydon,280,280,27.7,0.873,False
couriers-messengers,exact,53202+53201,E09000009,Ealing,180,185,57.4,0.735,False
couriers-messengers,exact,53202+53201,E09000010,Enfield,205,210,34.1,0.75,False
couriers-messengers,exact,53202+53201,E09000011,Greenwich,130,130,32.5,0.846,False
couriers-messengers,exact,53202+53201,E09000012,Hackney,115,120,45.8,0.64,False
couriers-messengers,exact,53202+53201,E09000013,Hammersmith and Fulham,40,40,63.0,0.75,False
couriers-messengers,exact,53202+53201,E09000014,Haringey,130,130,36.8,0.808,False
couriers-messengers,exact,53202+53201,E09000015,Harrow,165,165,40.8,0.839,False
couriers-messengers,exact,53202+53201,E09000016,Havering,130,130,45.8,0.68,False
couriers-messengers,exact,53202+53201,E09000017,Hillingdon,200,205,72.8,0.634,False
couriers-messengers,exact,53202+53201,E09000018,Hounslow,180,185,73.8,0.6,False
couriers-messengers,exact,53202+53201,E09000019,Islington,85,85,66.7,0.706,False
couriers-messengers,exact,53202+53201,E09000020,Kensington and Chelsea,30,25,,,True
couriers-messengers,exact,53202+53201,E09000021,Kingston upon Thames,55,55,50.0,0.7,False
couriers-messengers,exact,53202+53201,E09000022,Lambeth,120,125,39.1,0.72,False
couriers-messengers,exact,53202+53201,E09000023,Lewisham,125,130,30.2,0.84,False
couriers-messengers,exact,53202+53201,E09000024,Merton,100,100,40.6,0.75,False
couriers-messengers,exact,53202+53201,E09000025,Newham,235,245,32.3,0.787,False
couriers-messengers,exact,53202+53201,E09000026,Redbridge,200,200,38.5,0.744,False
couriers-messengers,exact,53202+53201,E09000027,Richmond upon Thames,30,30,,,True
couriers-messengers,exact,53202+53201,E09000028,Southwark,105,115,30.5,0.773,False
couriers-messengers,exact,53202+53201,E09000029,Sutton,65,75,36.0,0.75,False
couriers-messengers,exact,53202+53201,E09000030,Tower Hamlets,75,75,56.1,0.692,False
couriers-messengers,exact,53202+53201,E09000031,Waltham Forest,135,140,50.0,0.731,False
couriers-messengers,exact,53202+53201,E09000032,Wandsworth,55,60,41.3,0.727,False
couriers-messengers,exact,53202+53201,E09000033,Westminster,70,75,70.7,0.643,False
couriers-messengers,exact,53202+53201,E92000001,England,28650,29275,32.7,0.808,False
couriers-messengers,exact,53202+53201,E12000007,London,4270,4345,44.6,0.746,False
restaurants,exact,56101,E09000002,Barking and Dagenham,55,60,141.0,0.364,False
restaurants,exact,56101,E09000003,Barnet,300,310,257.3,0.18,False
restaurants,exact,56101,E09000004,Bexley,115,125,203.0,0.16,False
restaurants,exact,56101,E09000005,Brent,235,255,172.3,0.298,False
restaurants,exact,56101,E09000006,Bromley,190,225,250.0,0.132,False
restaurants,exact,56101,E09000007,Camden,560,670,407.4,0.142,False
restaurants,exact,56101,E09000001,City of London,160,275,630.0,0.125,False
restaurants,exact,56101,E09000008,Croydon,215,245,195.8,0.25,False
restaurants,exact,56101,E09000009,Ealing,210,240,217.1,0.238,False
restaurants,exact,56101,E09000010,Enfield,190,205,201.9,0.189,False
restaurants,exact,56101,E09000011,Greenwich,135,180,217.9,0.185,False
restaurants,exact,56101,E09000012,Hackney,325,370,306.0,0.194,False
restaurants,exact,56101,E09000013,Hammersmith and Fulham,200,245,297.3,0.15,False
restaurants,exact,56101,E09000014,Haringey,205,225,205.4,0.225,False
restaurants,exact,56101,E09000015,Harrow,190,205,224.9,0.189,False
restaurants,exact,56101,E09000016,Havering,130,155,164.3,0.24,False
restaurants,exact,56101,E09000017,Hillingdon,140,170,250.0,0.179,False
restaurants,exact,56101,E09000018,Hounslow,180,200,182.1,0.257,False
restaurants,exact,56101,E09000019,Islington,380,460,269.3,0.2,False
restaurants,exact,56101,E09000020,Kensington and Chelsea,290,385,567.2,0.121,False
restaurants,exact,56101,E09000021,Kingston upon Thames,135,160,238.8,0.148,False
restaurants,exact,56101,E09000022,Lambeth,305,375,242.9,0.246,False
restaurants,exact,56101,E09000023,Lewisham,165,180,214.6,0.206,False
restaurants,exact,56101,E09000024,Merton,115,140,210.5,0.217,False
restaurants,exact,56101,E09000025,Newham,190,230,178.7,0.256,False
restaurants,exact,56101,E09000026,Redbridge,160,170,202.4,0.188,False
restaurants,exact,56101,E09000027,Richmond upon Thames,160,205,262.7,0.182,False
restaurants,exact,56101,E09000028,Southwark,305,400,369.2,0.148,False
restaurants,exact,56101,E09000029,Sutton,95,115,158.1,0.263,False
restaurants,exact,56101,E09000030,Tower Hamlets,315,390,383.0,0.113,False
restaurants,exact,56101,E09000031,Waltham Forest,170,180,167.4,0.235,False
restaurants,exact,56101,E09000032,Wandsworth,265,350,276.0,0.148,False
restaurants,exact,56101,E09000033,Westminster,1080,1465,783.8,0.142,False
restaurants,exact,56101,E92000001,England,28360,33455,252.1,0.155,False
restaurants,exact,56101,E12000007,London,7865,9560,281.9,0.181,False
cafes-coffee-shops,shared,56102,E09000002,Barking and Dagenham,85,95,142.8,0.294,False
cafes-coffee-shops,shared,56102,E09000003,Barnet,245,280,166.4,0.292,False
cafes-coffee-shops,shared,56102,E09000004,Bexley,90,115,173.3,0.167,False
cafes-coffee-shops,shared,56102,E09000005,Brent,235,260,190.9,0.239,False
cafes-coffee-shops,shared,56102,E09000006,Bromley,145,185,148.1,0.286,False
cafes-coffee-shops,shared,56102,E09000007,Camden,335,440,217.5,0.209,False
cafes-coffee-shops,shared,56102,E09000001,City of London,80,195,267.9,0.133,False
cafes-coffee-shops,shared,56102,E09000008,Croydon,165,205,137.0,0.333,False
cafes-coffee-shops,shared,56102,E09000009,Ealing,260,290,176.3,0.25,False
cafes-coffee-shops,shared,56102,E09000010,Enfield,200,230,140.3,0.293,False
cafes-coffee-shops,shared,56102,E09000011,Greenwich,135,170,131.6,0.385,False
cafes-coffee-shops,shared,56102,E09000012,Hackney,245,270,168.3,0.255,False
cafes-coffee-shops,shared,56102,E09000013,Hammersmith and Fulham,160,210,151.7,0.344,False
cafes-coffee-shops,shared,56102,E09000014,Haringey,200,225,146.5,0.308,False
cafes-coffee-shops,shared,56102,E09000015,Harrow,140,160,171.8,0.259,False
cafes-coffee-shops,shared,56102,E09000016,Havering,140,160,180.9,0.107,False
cafes-coffee-shops,shared,56102,E09000017,Hillingdon,170,210,187.8,0.176,False
cafes-coffee-shops,shared,56102,E09000018,Hounslow,155,180,164.3,0.29,False
cafes-coffee-shops,shared,56102,E09000019,Islington,240,285,151.0,0.312,False
cafes-coffee-shops,shared,56102,E09000020,Kensington and Chelsea,130,195,297.3,0.148,False
cafes-coffee-shops,shared,56102,E09000021,Kingston upon Thames,120,150,165.5,0.28,False
cafes-coffee-shops,shared,56102,E09000022,Lambeth,200,250,158.1,0.289,False
cafes-coffee-shops,shared,56102,E09000023,Lewisham,170,195,145.1,0.303,False
cafes-coffee-shops,shared,56102,E09000024,Merton,100,130,129.0,0.368,False
cafes-coffee-shops,shared,56102,E09000025,Newham,275,325,134.8,0.364,False
cafes-coffee-shops,shared,56102,E09000026,Redbridge,255,275,185.6,0.235,False
cafes-coffee-shops,shared,56102,E09000027,Richmond upon Thames,125,160,173.3,0.25,False
cafes-coffee-shops,shared,56102,E09000028,Southwark,200,270,175.1,0.225,False
cafes-coffee-shops,shared,56102,E09000029,Sutton,100,120,149.3,0.316,False
cafes-coffee-shops,shared,56102,E09000030,Tower Hamlets,340,390,168.4,0.254,False
cafes-coffee-shops,shared,56102,E09000031,Waltham Forest,235,255,151.7,0.283,False
cafes-coffee-shops,shared,56102,E09000032,Wandsworth,215,275,207.0,0.186,False
cafes-coffee-shops,shared,56102,E09000033,Westminster,390,620,235.5,0.221,False
cafes-coffee-shops,shared,56102,E92000001,England,24200,31425,165.2,0.238,False
cafes-coffee-shops,shared,56102,E12000007,London,6280,7780,169.2,0.262,False
bakeries-retail,exact,47240+10710,E09000002,Barking and Dagenham,25,30,,,True
bakeries-retail,exact,47240+10710,E09000003,Barnet,75,95,250.0,0.286,False
bakeries-retail,exact,47240+10710,E09000004,Bexley,35,45,,,True
bakeries-retail,exact,47240+10710,E09000005,Brent,70,90,158.1,0.4,False
bakeries-retail,exact,47240+10710,E09000006,Bromley,30,50,,,True
bakeries-retail,exact,47240+10710,E09000007,Camden,45,100,198.8,0.286,False
bakeries-retail,exact,47240+10710,E09000001,City of London,5,30,,,True
bakeries-retail,exact,47240+10710,E09000008,Croydon,40,60,158.1,0.286,False
bakeries-retail,exact,47240+10710,E09000009,Ealing,100,120,231.6,0.211,False
bakeries-retail,exact,47240+10710,E09000010,Enfield,75,95,189.9,0.267,False
bakeries-retail,exact,47240+10710,E09000011,Greenwich,35,55,,,True
bakeries-retail,exact,47240+10710,E09000012,Hackney,55,65,353.6,0.182,False
bakeries-retail,exact,47240+10710,E09000013,Hammersmith and Fulham,35,65,,,True
bakeries-retail,exact,47240+10710,E09000014,Haringey,75,85,267.9,0.235,False
bakeries-retail,exact,47240+10710,E09000015,Harrow,45,60,158.1,0.333,False
bakeries-retail,exact,47240+10710,E09000016,Havering,25,50,,,True
bakeries-retail,exact,47240+10710,E09000017,Hillingdon,35,60,,,True
bakeries-retail,exact,47240+10710,E09000018,Hounslow,40,55,198.8,0.286,False
bakeries-retail,exact,47240+10710,E09000019,Islington,40,60,158.1,0.444,False
bakeries-retail,exact,47240+10710,E09000020,Kensington and Chelsea,15,60,,,True
bakeries-retail,exact,47240+10710,E09000021,Kingston upon Thames,25,40,,,True
bakeries-retail,exact,47240+10710,E09000022,Lambeth,40,65,198.8,0.2,False
bakeries-retail,exact,47240+10710,E09000023,Lewisham,30,40,,,True
bakeries-retail,exact,47240+10710,E09000024,Merton,25,40,,,True
bakeries-retail,exact,47240+10710,E09000025,Newham,50,65,214.6,0.222,False
bakeries-retail,exact,47240+10710,E09000026,Redbridge,45,55,250.0,0.25,False
bakeries-retail,exact,47240+10710,E09000027,Richmond upon Thames,15,45,,,True
bakeries-retail,exact,47240+10710,E09000028,Southwark,45,75,297.3,0.222,False
bakeries-retail,exact,47240+10710,E09000029,Sutton,15,25,,,True
bakeries-retail,exact,47240+10710,E09000030,Tower Hamlets,65,95,177.3,0.308,False
bakeries-retail,exact,47240+10710,E09000031,Waltham Forest,50,60,222.9,0.111,False
bakeries-retail,exact,47240+10710,E09000032,Wandsworth,50,80,135.7,0.4,False
bakeries-retail,exact,47240+10710,E09000033,Westminster,75,170,222.9,0.231,False
bakeries-retail,exact,47240+10710,E92000001,England,6195,10545,192.6,0.274,False
bakeries-retail,exact,47240+10710,E12000007,London,1430,2190,218.8,0.265,False
ice-cream-frozen-dessert-shops,approx,56103,E09000002,Barking and Dagenham,160,165,129.0,0.344,False
ice-cream-frozen-dessert-shops,approx,56103,E09000003,Barnet,265,275,140.3,0.333,False
ice-cream-frozen-dessert-shops,approx,56103,E09000004,Bexley,165,170,154.1,0.242,False
ice-cream-frozen-dessert-shops,approx,56103,E09000005,Brent,260,275,151.7,0.308,False
ice-cream-frozen-dessert-shops,approx,56103,E09000006,Bromley,215,225,140.3,0.302,False
ice-cream-frozen-dessert-shops,approx,56103,E09000007,Camden,260,315,176.3,0.25,False
ice-cream-frozen-dessert-shops,approx,56103,E09000001,City of London,60,125,272.6,0.182,False
ice-cream-frozen-dessert-shops,approx,56103,E09000008,Croydon,300,310,127.8,0.373,False
ice-cream-frozen-dessert-shops,approx,56103,E09000009,Ealing,245,255,154.7,0.292,False
ice-cream-frozen-dessert-shops,approx,56103,E09000010,Enfield,250,260,117.3,0.42,False
ice-cream-frozen-dessert-shops,approx,56103,E09000011,Greenwich,200,215,136.7,0.317,False
ice-cream-frozen-dessert-shops,approx,56103,E09000012,Hackney,230,245,151.4,0.289,False
ice-cream-frozen-dessert-shops,approx,56103,E09000013,Hammersmith and Fulham,105,130,167.4,0.286,False
ice-cream-frozen-dessert-shops,approx,56103,E09000014,Haringey,210,225,124.1,0.405,False
ice-cream-frozen-dessert-shops,approx,56103,E09000015,Harrow,195,200,153.9,0.289,False
ice-cream-frozen-dessert-shops,approx,56103,E09000016,Havering,185,195,129.0,0.361,False
ice-cream-frozen-dessert-shops,approx,56103,E09000017,Hillingdon,270,285,153.0,0.259,False
ice-cream-frozen-dessert-shops,approx,56103,E09000018,Hounslow,210,210,133.2,0.381,False
ice-cream-frozen-dessert-shops,approx,56103,E09000019,Islington,245,270,136.8,0.362,False
ice-cream-frozen-dessert-shops,approx,56103,E09000020,Kensington and Chelsea,70,90,287.2,0.143,False
ice-cream-frozen-dessert-shops,approx,56103,E09000021,Kingston upon Thames,130,135,146.5,0.308,False
ice-cream-frozen-dessert-shops,approx,56103,E09000022,Lambeth,190,210,154.1,0.27,False
ice-cream-frozen-dessert-shops,approx,56103,E09000023,Lewisham,225,235,131.6,0.364,False
ice-cream-frozen-dessert-shops,approx,56103,E09000024,Merton,150,155,135.7,0.333,False
ice-cream-frozen-dessert-shops,approx,56103,E09000025,Newham,295,310,132.8,0.386,False
ice-cream-frozen-dessert-shops,approx,56103,E09000026,Redbridge,240,245,144.9,0.319,False
ice-cream-frozen-dessert-shops,approx,56103,E09000027,Richmond upon Thames,85,100,166.4,0.188,False
ice-cream-frozen-dessert-shops,approx,56103,E09000028,Southwark,280,305,163.6,0.236,False
ice-cream-frozen-dessert-shops,approx,56103,E09000029,Sutton,160,160,114.0,0.433,False
ice-cream-frozen-dessert-shops,approx,56103,E09000030,Tower Hamlets,300,335,149.7,0.317,False
ice-cream-frozen-dessert-shops,approx,56103,E09000031,Waltham Forest,235,240,124.2,0.404,False
ice-cream-frozen-dessert-shops,approx,56103,E09000032,Wandsworth,190,215,153.0,0.324,False
ice-cream-frozen-dessert-shops,approx,56103,E09000033,Westminster,240,355,226.6,0.234,False
ice-cream-frozen-dessert-shops,approx,56103,E92000001,England,38870,41210,144.7,0.298,False
ice-cream-frozen-dessert-shops,approx,56103,E12000007,London,6810,7460,146.2,0.317,False
pizzerias,approx,56101+56103,E09000002,Barking and Dagenham,215,225,131.1,0.349,False
pizzerias,approx,56101+56103,E09000003,Barnet,565,585,184.2,0.25,False
pizzerias,approx,56101+56103,E09000004,Bexley,280,295,171.1,0.207,False
pizzerias,approx,56101+56103,E09000005,Brent,495,530,160.0,0.303,False
pizzerias,approx,56101+56103,E09000006,Bromley,405,450,174.6,0.222,False
pizzerias,approx,56101+56103,E09000007,Camden,820,985,295.6,0.176,False
pizzerias,approx,56101+56103,E09000001,City of London,220,400,445.4,0.14,False
pizzerias,approx,56101+56103,E09000008,Croydon,515,555,148.3,0.32,False
pizzerias,approx,56101+56103,E09000009,Ealing,455,495,176.1,0.267,False
pizzerias,approx,56101+56103,E09000010,Enfield,440,465,145.3,0.322,False
pizzerias,approx,56101+56103,E09000011,Greenwich,335,395,158.1,0.265,False
pizzerias,approx,56101+56103,E09000012,Hackney,555,615,206.1,0.232,False
pizzerias,approx,56101+56103,E09000013,Hammersmith and Fulham,305,375,244.0,0.197,False
pizzerias,approx,56101+56103,E09000014,Haringey,415,450,155.8,0.317,False
pizzerias,approx,56101+56103,E09000015,Harrow,385,405,181.4,0.24,False
pizzerias,approx,56101+56103,E09000016,Havering,315,350,142.1,0.311,False
pizzerias,approx,56101+56103,E09000017,Hillingdon,410,455,172.4,0.232,False
pizzerias,approx,56101+56103,E09000018,Hounslow,390,410,153.2,0.325,False
pizzerias,approx,56101+56103,E09000019,Islington,625,730,194.3,0.262,False
pizzerias,approx,56101+56103,E09000020,Kensington and Chelsea,360,475,455.9,0.125,False
pizzerias,approx,56101+56103,E09000021,Kingston upon Thames,265,295,182.9,0.226,False
pizzerias,approx,56101+56103,E09000022,Lambeth,495,585,190.9,0.255,False
pizzerias,approx,56101+56103,E09000023,Lewisham,390,415,158.1,0.295,False
pizzerias,approx,56101+56103,E09000024,Merton,265,295,158.1,0.283,False
pizzerias,approx,56101+56103,E09000025,Newham,485,540,150.3,0.333,False
pizzerias,approx,56101+56103,E09000026,Redbridge,400,415,164.6,0.266,False
pizzerias,approx,56101+56103,E09000027,Richmond upon Thames,245,305,211.2,0.184,False
pizzerias,approx,56101+56103,E09000028,Southwark,585,705,211.6,0.19,False
pizzerias,approx,56101+56103,E09000029,Sutton,255,275,129.6,0.367,False
pizzerias,approx,56101+56103,E09000030,Tower Hamlets,615,725,218.6,0.213,False
pizzerias,approx,56101+56103,E09000031,Waltham Forest,405,420,142.4,0.333,False
pizzerias,approx,56101+56103,E09000032,Wandsworth,455,565,212.5,0.22,False
pizzerias,approx,56101+56103,E09000033,Westminster,1320,1820,615.6,0.158,False
pizzerias,approx,56101+56103,E92000001,England,67230,74665,174.0,0.238,False
pizzerias,approx,56101+56103,E12000007,London,14675,17020,192.3,0.244,False
food-trucks,shared,56103,E09000002,Barking and Dagenham,160,165,129.0,0.344,False
food-trucks,shared,56103,E09000003,Barnet,265,275,140.3,0.333,False
food-trucks,shared,56103,E09000004,Bexley,165,170,154.1,0.242,False
food-trucks,shared,56103,E09000005,Brent,260,275,151.7,0.308,False
food-trucks,shared,56103,E09000006,Bromley,215,225,140.3,0.302,False
food-trucks,shared,56103,E09000007,Camden,260,315,176.3,0.25,False
food-trucks,shared,56103,E09000001,City of London,60,125,272.6,0.182,False
food-trucks,shared,56103,E09000008,Croydon,300,310,127.8,0.373,False
food-trucks,shared,56103,E09000009,Ealing,245,255,154.7,0.292,False
food-trucks,shared,56103,E09000010,Enfield,250,260,117.3,0.42,False
food-trucks,shared,56103,E09000011,Greenwich,200,215,136.7,0.317,False
food-trucks,shared,56103,E09000012,Hackney,230,245,151.4,0.289,False
food-trucks,shared,56103,E09000013,Hammersmith and Fulham,105,130,167.4,0.286,False
food-trucks,shared,56103,E09000014,Haringey,210,225,124.1,0.405,False
food-trucks,shared,56103,E09000015,Harrow,195,200,153.9,0.289,False
food-trucks,shared,56103,E09000016,Havering,185,195,129.0,0.361,False
food-trucks,shared,56103,E09000017,Hillingdon,270,285,153.0,0.259,False
food-trucks,shared,56103,E09000018,Hounslow,210,210,133.2,0.381,False
food-trucks,shared,56103,E09000019,Islington,245,270,136.8,0.362,False
food-trucks,shared,56103,E09000020,Kensington and Chelsea,70,90,287.2,0.143,False
food-trucks,shared,56103,E09000021,Kingston upon Thames,130,135,146.5,0.308,False
food-trucks,shared,56103,E09000022,Lambeth,190,210,154.1,0.27,False
food-trucks,shared,56103,E09000023,Lewisham,225,235,131.6,0.364,False
food-trucks,shared,56103,E09000024,Merton,150,155,135.7,0.333,False
food-trucks,shared,56103,E09000025,Newham,295,310,132.8,0.386,False
food-trucks,shared,56103,E09000026,Redbridge,240,245,144.9,0.319,False
food-trucks,shared,56103,E09000027,Richmond upon Thames,85,100,166.4,0.188,False
food-trucks,shared,56103,E09000028,Southwark,280,305,163.6,0.236,False
food-trucks,shared,56103,E09000029,Sutton,160,160,114.0,0.433,False
food-trucks,shared,56103,E09000030,Tower Hamlets,300,335,149.7,0.317,False
food-trucks,shared,56103,E09000031,Waltham Forest,235,240,124.2,0.404,False
food-trucks,shared,56103,E09000032,Wandsworth,190,215,153.0,0.324,False
food-trucks,shared,56103,E09000033,Westminster,240,355,226.6,0.234,False
food-trucks,shared,56103,E92000001,England,38870,41210,144.7,0.298,False
food-trucks,shared,56103,E12000007,London,6810,7460,146.2,0.317,False
tea-houses-matcha-bars,shared,56102,E09000002,Barking and Dagenham,85,95,142.8,0.294,False
tea-houses-matcha-bars,shared,56102,E09000003,Barnet,245,280,166.4,0.292,False
tea-houses-matcha-bars,shared,56102,E09000004,Bexley,90,115,173.3,0.167,False
tea-houses-matcha-bars,shared,56102,E09000005,Brent,235,260,190.9,0.239,False
tea-houses-matcha-bars,shared,56102,E09000006,Bromley,145,185,148.1,0.286,False
tea-houses-matcha-bars,shared,56102,E09000007,Camden,335,440,217.5,0.209,False
tea-houses-matcha-bars,shared,56102,E09000001,City of London,80,195,267.9,0.133,False
tea-houses-matcha-bars,shared,56102,E09000008,Croydon,165,205,137.0,0.333,False
tea-houses-matcha-bars,shared,56102,E09000009,Ealing,260,290,176.3,0.25,False
tea-houses-matcha-bars,shared,56102,E09000010,Enfield,200,230,140.3,0.293,False
tea-houses-matcha-bars,shared,56102,E09000011,Greenwich,135,170,131.6,0.385,False
tea-houses-matcha-bars,shared,56102,E09000012,Hackney,245,270,168.3,0.255,False
tea-houses-matcha-bars,shared,56102,E09000013,Hammersmith and Fulham,160,210,151.7,0.344,False
tea-houses-matcha-bars,shared,56102,E09000014,Haringey,200,225,146.5,0.308,False
tea-houses-matcha-bars,shared,56102,E09000015,Harrow,140,160,171.8,0.259,False
tea-houses-matcha-bars,shared,56102,E09000016,Havering,140,160,180.9,0.107,False
tea-houses-matcha-bars,shared,56102,E09000017,Hillingdon,170,210,187.8,0.176,False
tea-houses-matcha-bars,shared,56102,E09000018,Hounslow,155,180,164.3,0.29,False
tea-houses-matcha-bars,shared,56102,E09000019,Islington,240,285,151.0,0.312,False
tea-houses-matcha-bars,shared,56102,E09000020,Kensington and Chelsea,130,195,297.3,0.148,False
tea-houses-matcha-bars,shared,56102,E09000021,Kingston upon Thames,120,150,165.5,0.28,False
tea-houses-matcha-bars,shared,56102,E09000022,Lambeth,200,250,158.1,0.289,False
tea-houses-matcha-bars,shared,56102,E09000023,Lewisham,170,195,145.1,0.303,False
tea-houses-matcha-bars,shared,56102,E09000024,Merton,100,130,129.0,0.368,False
tea-houses-matcha-bars,shared,56102,E09000025,Newham,275,325,134.8,0.364,False
tea-houses-matcha-bars,shared,56102,E09000026,Redbridge,255,275,185.6,0.235,False
tea-houses-matcha-bars,shared,56102,E09000027,Richmond upon Thames,125,160,173.3,0.25,False
tea-houses-matcha-bars,shared,56102,E09000028,Southwark,200,270,175.1,0.225,False
tea-houses-matcha-bars,shared,56102,E09000029,Sutton,100,120,149.3,0.316,False
tea-houses-matcha-bars,shared,56102,E09000030,Tower Hamlets,340,390,168.4,0.254,False
tea-houses-matcha-bars,shared,56102,E09000031,Waltham Forest,235,255,151.7,0.283,False
tea-houses-matcha-bars,shared,56102,E09000032,Wandsworth,215,275,207.0,0.186,False
tea-houses-matcha-bars,shared,56102,E09000033,Westminster,390,620,235.5,0.221,False
tea-houses-matcha-bars,shared,56102,E92000001,England,24200,31425,165.2,0.238,False
tea-houses-matcha-bars,shared,56102,E12000007,London,6280,7780,169.2,0.262,False
bars-nightclubs,shared,56302+56301,E09000002,Barking and Dagenham,25,30,,,True
bars-nightclubs,shared,56302+56301,E09000003,Barnet,75,95,250.0,0.143,False
bars-nightclubs,shared,56302+56301,E09000004,Bexley,80,105,264.9,0.067,False
bars-nightclubs,shared,56302+56301,E09000005,Brent,75,90,353.6,0.154,False
bars-nightclubs,shared,56302+56301,E09000006,Bromley,90,125,385.6,0.059,False
bars-nightclubs,shared,56302+56301,E09000007,Camden,160,270,519.6,0.097,False
bars-nightclubs,shared,56302+56301,E09000001,City of London,60,155,630.0,0.1,False
bars-nightclubs,shared,56302+56301,E09000008,Croydon,70,90,272.6,0.077,False
bars-nightclubs,shared,56302+56301,E09000009,Ealing,65,90,280.6,0.091,False
bars-nightclubs,shared,56302+56301,E09000010,Enfield,60,80,272.6,0.0,False
bars-nightclubs,shared,56302+56301,E09000011,Greenwich,60,85,324.2,0.077,False
bars-nightclubs,shared,56302+56301,E09000012,Hackney,225,255,500.0,0.068,False
bars-nightclubs,shared,56302+56301,E09000013,Hammersmith and Fulham,60,110,561.2,0.0,False
bars-nightclubs,shared,56302+56301,E09000014,Haringey,60,70,250.0,0.167,False
bars-nightclubs,shared,56302+56301,E09000015,Harrow,45,55,250.0,0.125,False
bars-nightclubs,shared,56302+56301,E09000016,Havering,45,75,208.1,0.1,False
bars-nightclubs,shared,56302+56301,E09000017,Hillingdon,80,105,280.6,0.118,False
bars-nightclubs,shared,56302+56301,E09000018,Hounslow,75,95,329.9,0.143,False
bars-nightclubs,shared,56302+56301,E09000019,Islington,150,205,529.7,0.037,False
bars-nightclubs,shared,56302+56301,E09000020,Kensington and Chelsea,50,100,840.9,0.0,False
bars-nightclubs,shared,56302+56301,E09000021,Kingston upon Thames,30,60,,,True
bars-nightclubs,shared,56302+56301,E09000022,Lambeth,130,170,659.8,0.042,False
bars-nightclubs,shared,56302+56301,E09000023,Lewisham,90,105,333.7,0.118,False
bars-nightclubs,shared,56302+56301,E09000024,Merton,45,65,214.6,0.222,False
bars-nightclubs,shared,56302+56301,E09000025,Newham,55,60,214.6,0.273,False
bars-nightclubs,shared,56302+56301,E09000026,Redbridge,35,60,,,True
bars-nightclubs,shared,56302+56301,E09000027,Richmond upon Thames,65,110,445.4,0.077,False
bars-nightclubs,shared,56302+56301,E09000028,Southwark,145,215,333.7,0.172,False
bars-nightclubs,shared,56302+56301,E09000029,Sutton,45,60,198.8,0.2,False
bars-nightclubs,shared,56302+56301,E09000030,Tower Hamlets,120,150,458.5,0.13,False
bars-nightclubs,shared,56302+56301,E09000031,Waltham Forest,50,65,315.0,0.167,False
bars-nightclubs,shared,56302+56301,E09000032,Wandsworth,70,140,324.2,0.133,False
bars-nightclubs,shared,56302+56301,E09000033,Westminster,325,570,743.0,0.152,False
bars-nightclubs,shared,56302+56301,E92000001,England,30450,37265,284.6,0.108,False
bars-nightclubs,shared,56302+56301,E12000007,London,2815,4125,389.9,0.121,False
pubs-taverns,shared,56302,E09000002,Barking and Dagenham,15,20,,,True
pubs-taverns,shared,56302,E09000003,Barnet,65,85,250.0,0.167,False
pubs-taverns,shared,56302,E09000004,Bexley,60,85,250.0,0.083,False
pubs-taverns,shared,56302,E09000005,Brent,60,75,353.6,0.182,False
pubs-taverns,shared,56302,E09000006,Bromley,70,105,445.4,0.067,False
pubs-taverns,shared,56302,E09000007,Camden,140,245,561.2,0.074,False
pubs-taverns,shared,56302,E09000001,City of London,55,150,630.0,0.1,False
pubs-taverns,shared,56302,E09000008,Croydon,55,75,280.6,0.091,False
pubs-taverns,shared,56302,E09000009,Ealing,55,80,315.0,0.1,False
pubs-taverns,shared,56302,E09000010,Enfield,50,70,297.3,0.0,False
pubs-taverns,shared,56302,E09000011,Greenwich,45,70,315.0,0.1,False
pubs-taverns,shared,56302,E09000012,Hackney,210,240,500.0,0.071,False
pubs-taverns,shared,56302,E09000013,Hammersmith and Fulham,50,100,630.0,0.0,False
pubs-taverns,shared,56302,E09000014,Haringey,45,55,420.4,0.0,False
pubs-taverns,shared,56302,E09000015,Harrow,35,45,,,True
pubs-taverns,shared,56302,E09000016,Havering,30,60,,,True
pubs-taverns,shared,56302,E09000017,Hillingdon,60,85,420.4,0.077,False
pubs-taverns,shared,56302,E09000018,Hounslow,60,80,353.6,0.167,False
pubs-taverns,shared,56302,E09000019,Islington,145,200,529.7,0.037,False
pubs-taverns,shared,56302,E09000020,Kensington and Chelsea,35,85,,,True
pubs-taverns,shared,56302,E09000021,Kingston upon Thames,25,55,,,True
pubs-taverns,shared,56302,E09000022,Lambeth,120,160,615.6,0.043,False
pubs-taverns,shared,56302,E09000023,Lewisham,80,95,353.6,0.067,False
pubs-taverns,shared,56302,E09000024,Merton,35,55,,,True
pubs-taverns,shared,56302,E09000025,Newham,40,45,353.6,0.125,False
pubs-taverns,shared,56302,E09000026,Redbridge,25,50,,,True
pubs-taverns,shared,56302,E09000027,Richmond upon Thames,55,100,500.0,0.083,False
pubs-taverns,shared,56302,E09000028,Southwark,135,205,353.6,0.185,False
pubs-taverns,shared,56302,E09000029,Sutton,35,50,,,True
pubs-taverns,shared,56302,E09000030,Tower Hamlets,110,140,458.5,0.13,False
pubs-taverns,shared,56302,E09000031,Waltham Forest,40,55,353.6,0.2,False
pubs-taverns,shared,56302,E09000032,Wandsworth,60,125,396.9,0.083,False
pubs-taverns,shared,56302,E09000033,Westminster,245,475,687.0,0.157,False
pubs-taverns,shared,56302,E92000001,England,25430,32060,303.4,0.096,False
pubs-taverns,shared,56302,E12000007,London,2355,3625,417.0,0.108,False
catering-food-service-contractors,exact,56210+56290,E09000002,Barking and Dagenham,75,145,109.6,0.462,False
catering-food-service-contractors,exact,56210+56290,E09000003,Barnet,150,205,137.8,0.379,False
catering-food-service-contractors,exact,56210+56290,E09000004,Bexley,45,105,214.6,0.222,False
catering-food-service-contractors,exact,56210+56290,E09000005,Brent,145,205,158.1,0.286,False
catering-food-service-contractors,exact,56210+56290,E09000006,Bromley,70,155,146.5,0.333,False
catering-food-service-contractors,exact,56210+56290,E09000007,Camden,145,355,189.9,0.25,False
catering-food-service-contractors,exact,56210+56290,E09000001,City of London,35,310,,,True
catering-food-service-contractors,exact,56210+56290,E09000008,Croydon,120,200,135.7,0.364,False
catering-food-service-contractors,exact,56210+56290,E09000009,Ealing,165,220,189.9,0.294,False
catering-food-service-contractors,exact,56210+56290,E09000010,Enfield,120,185,125.7,0.417,False
catering-food-service-contractors,exact,56210+56290,E09000011,Greenwich,70,175,116.5,0.429,False
catering-food-service-contractors,exact,56210+56290,E09000012,Hackney,180,215,130.6,0.4,False
catering-food-service-contractors,exact,56210+56290,E09000013,Hammersmith and Fulham,80,145,158.1,0.357,False
catering-food-service-contractors,exact,56210+56290,E09000014,Haringey,115,180,144.3,0.318,False
catering-food-service-contractors,exact,56210+56290,E09000015,Harrow,90,135,158.1,0.35,False
catering-food-service-contractors,exact,56210+56290,E09000016,Havering,75,120,144.3,0.357,False
catering-food-service-contractors,exact,56210+56290,E09000017,Hillingdon,85,210,100.0,0.5,False
catering-food-service-contractors,exact,56210+56290,E09000018,Hounslow,110,240,118.7,0.435,False
catering-food-service-contractors,exact,56210+56290,E09000019,Islington,125,240,116.5,0.462,False
catering-food-service-contractors,exact,56210+56290,E09000020,Kensington and Chelsea,65,145,198.8,0.286,False
catering-food-service-contractors,exact,56210+56290,E09000021,Kingston upon Thames,45,105,116.5,0.444,False
catering-food-service-contractors,exact,56210+56290,E09000022,Lambeth,140,255,150.3,0.346,False
catering-food-service-contractors,exact,56210+56290,E09000023,Lewisham,90,155,133.2,0.353,False
catering-food-service-contractors,exact,56210+56290,E09000024,Merton,65,125,158.1,0.308,False
catering-food-service-contractors,exact,56210+56290,E09000025,Newham,135,250,152.2,0.296,False
catering-food-service-contractors,exact,56210+56290,E09000026,Redbridge,125,155,158.1,0.32,False
catering-food-service-contractors,exact,56210+56290,E09000027,Richmond upon Thames,50,135,158.1,0.25,False
catering-food-service-contractors,exact,56210+56290,E09000028,Southwark,115,235,168.8,0.333,False
catering-food-service-contractors,exact,56210+56290,E09000029,Sutton,40,85,116.5,0.429,False
catering-food-service-contractors,exact,56210+56290,E09000030,Tower Hamlets,155,285,158.1,0.345,False
catering-food-service-contractors,exact,56210+56290,E09000031,Waltham Forest,100,125,177.3,0.25,False
catering-food-service-contractors,exact,56210+56290,E09000032,Wandsworth,145,235,167.4,0.333,False
catering-food-service-contractors,exact,56210+56290,E09000033,Westminster,175,500,158.1,0.375,False
catering-food-service-contractors,exact,56210+56290,E92000001,England,12795,28335,164.5,0.307,False
catering-food-service-contractors,exact,56210+56290,E12000007,London,3435,6550,152.7,0.341,False
hotels-lodging,shared,55100,E09000002,Barking and Dagenham,10,15,,,True
hotels-lodging,shared,55100,E09000003,Barnet,40,45,250.0,0.25,False
hotels-lodging,shared,55100,E09000004,Bexley,5,10,,,True
hotels-lodging,shared,55100,E09000005,Brent,45,50,250.0,0.25,False
hotels-lodging,shared,55100,E09000006,Bromley,10,20,,,True
hotels-lodging,shared,55100,E09000007,Camden,155,205,771.1,0.182,False
hotels-lodging,shared,55100,E09000001,City of London,80,90,1414.2,0.312,False
hotels-lodging,shared,55100,E09000008,Croydon,35,50,,,True
hotels-lodging,shared,55100,E09000009,Ealing,45,60,250.0,0.2,False
hotels-lodging,shared,55100,E09000010,Enfield,30,40,,,True
hotels-lodging,shared,55100,E09000011,Greenwich,15,30,,,True
hotels-lodging,shared,55100,E09000012,Hackney,35,45,,,True
hotels-lodging,shared,55100,E09000013,Hammersmith and Fulham,60,75,250.0,0.417,False
hotels-lodging,shared,55100,E09000014,Haringey,15,20,,,True
hotels-lodging,shared,55100,E09000015,Harrow,50,50,500.0,0.3,False
hotels-lodging,shared,55100,E09000016,Havering,15,20,,,True
hotels-lodging,shared,55100,E09000017,Hillingdon,75,100,1681.8,0.133,False
hotels-lodging,shared,55100,E09000018,Hounslow,35,55,,,True
hotels-lodging,shared,55100,E09000019,Islington,60,65,250.0,0.4,False
hotels-lodging,shared,55100,E09000020,Kensington and Chelsea,135,155,1296.8,0.111,False
hotels-lodging,shared,55100,E09000021,Kingston upon Thames,10,20,,,True
hotels-lodging,shared,55100,E09000022,Lambeth,90,100,1259.9,0.167,False
hotels-lodging,shared,55100,E09000023,Lewisham,15,20,,,True
hotels-lodging,shared,55100,E09000024,Merton,25,35,,,True
hotels-lodging,shared,55100,E09000025,Newham,40,55,500.0,0.25,False
hotels-lodging,shared,55100,E09000026,Redbridge,45,45,198.8,0.333,False
hotels-lodging,shared,55100,E09000027,Richmond upon Thames,25,40,,,True
hotels-lodging,shared,55100,E09000028,Southwark,35,60,,,True
hotels-lodging,shared,55100,E09000029,Sutton,5,10,,,True
hotels-lodging,shared,55100,E09000030,Tower Hamlets,65,85,500.0,0.333,False
hotels-lodging,shared,55100,E09000031,Waltham Forest,5,10,,,True
hotels-lodging,shared,55100,E09000032,Wandsworth,25,40,,,True
hotels-lodging,shared,55100,E09000033,Westminster,565,600,1551.1,0.13,False
hotels-lodging,shared,55100,E92000001,England,7790,10445,433.5,0.196,False
hotels-lodging,shared,55100,E12000007,London,1920,2330,787.2,0.213,False
hostels,exact,55202,E09000002,Barking and Dagenham,0,0,,,True
hostels,exact,55202,E09000003,Barnet,5,5,,,True
hostels,exact,55202,E09000004,Bexley,0,0,,,True
hostels,exact,55202,E09000005,Brent,0,0,,,True
hostels,exact,55202,E09000006,Bromley,0,0,,,True
hostels,exact,55202,E09000007,Camden,5,5,,,True
hostels,exact,55202,E09000001,City of London,0,0,,,True
hostels,exact,55202,E09000008,Croydon,0,0,,,True
hostels,exact,55202,E09000009,Ealing,0,0,,,True
hostels,exact,55202,E09000010,Enfield,0,0,,,True
hostels,exact,55202,E09000011,Greenwich,0,0,,,True
hostels,exact,55202,E09000012,Hackney,0,0,,,True
hostels,exact,55202,E09000013,Hammersmith and Fulham,0,0,,,True
hostels,exact,55202,E09000014,Haringey,0,0,,,True
hostels,exact,55202,E09000015,Harrow,0,0,,,True
hostels,exact,55202,E09000016,Havering,0,0,,,True
hostels,exact,55202,E09000017,Hillingdon,0,0,,,True
hostels,exact,55202,E09000018,Hounslow,0,0,,,True
hostels,exact,55202,E09000019,Islington,0,0,,,True
hostels,exact,55202,E09000020,Kensington and Chelsea,0,5,,,True
hostels,exact,55202,E09000021,Kingston upon Thames,0,0,,,True
hostels,exact,55202,E09000022,Lambeth,0,0,,,True
hostels,exact,55202,E09000023,Lewisham,0,0,,,True
hostels,exact,55202,E09000024,Merton,0,0,,,True
hostels,exact,55202,E09000025,Newham,0,0,,,True
hostels,exact,55202,E09000026,Redbridge,0,0,,,True
hostels,exact,55202,E09000027,Richmond upon Thames,0,0,,,True
hostels,exact,55202,E09000028,Southwark,5,5,,,True
hostels,exact,55202,E09000029,Sutton,0,0,,,True
hostels,exact,55202,E09000030,Tower Hamlets,0,0,,,True
hostels,exact,55202,E09000031,Waltham Forest,0,0,,,True
hostels,exact,55202,E09000032,Wandsworth,0,0,,,True
hostels,exact,55202,E09000033,Westminster,0,5,,,True
hostels,exact,55202,E92000001,England,90,155,158.1,0.353,False
hostels,exact,55202,E12000007,London,30,35,,,True
short-term-rental-management,approx,55209+68320,E09000002,Barking and Dagenham,60,60,109.6,0.462,False
short-term-rental-management,approx,55209+68320,E09000003,Barnet,540,540,149.1,0.343,False
short-term-rental-management,approx,55209+68320,E09000004,Bexley,70,70,86.2,0.615,False
short-term-rental-management,approx,55209+68320,E09000005,Brent,180,185,119.3,0.429,False
short-term-rental-management,approx,55209+68320,E09000006,Bromley,155,160,128.4,0.4,False
short-term-rental-management,approx,55209+68320,E09000007,Camden,475,530,147.7,0.381,False
short-term-rental-management,approx,55209+68320,E09000001,City of London,260,360,333.7,0.275,False
short-term-rental-management,approx,55209+68320,E09000008,Croydon,170,180,114.0,0.438,False
short-term-rental-management,approx,55209+68320,E09000009,Ealing,185,195,131.6,0.371,False
short-term-rental-management,approx,55209+68320,E09000010,Enfield,195,200,139.9,0.359,False
short-term-rental-management,approx,55209+68320,E09000011,Greenwich,80,100,114.0,0.438,False
short-term-rental-management,approx,55209+68320,E09000012,Hackney,400,425,153.2,0.329,False
short-term-rental-management,approx,55209+68320,E09000013,Hammersmith and Fulham,195,220,144.3,0.35,False
short-term-rental-management,approx,55209+68320,E09000014,Haringey,170,175,152.6,0.312,False
short-term-rental-management,approx,55209+68320,E09000015,Harrow,200,205,137.0,0.366,False
short-term-rental-management,approx,55209+68320,E09000016,Havering,100,105,133.2,0.368,False
short-term-rental-management,approx,55209+68320,E09000017,Hillingdon,130,140,131.6,0.375,False
short-term-rental-management,approx,55209+68320,E09000018,Hounslow,130,145,100.0,0.5,False
short-term-rental-management,approx,55209+68320,E09000019,Islington,290,320,130.9,0.414,False
short-term-rental-management,approx,55209+68320,E09000020,Kensington and Chelsea,310,345,178.4,0.293,False
short-term-rental-management,approx,55209+68320,E09000021,Kingston upon Thames,80,85,135.7,0.375,False
short-term-rental-management,approx,55209+68320,E09000022,Lambeth,155,180,118.1,0.433,False
short-term-rental-management,approx,55209+68320,E09000023,Lewisham,85,90,107.9,0.471,False
short-term-rental-management,approx,55209+68320,E09000024,Merton,155,155,123.2,0.419,False
short-term-rental-management,approx,55209+68320,E09000025,Newham,160,180,113.3,0.452,False
short-term-rental-management,approx,55209+68320,E09000026,Redbridge,230,235,111.4,0.455,False
short-term-rental-management,approx,55209+68320,E09000027,Richmond upon Thames,140,145,131.6,0.393,False
short-term-rental-management,approx,55209+68320,E09000028,Southwark,155,190,158.1,0.355,False
short-term-rental-management,approx,55209+68320,E09000029,Sutton,50,50,131.6,0.333,False
short-term-rental-management,approx,55209+68320,E09000030,Tower Hamlets,235,285,149.3,0.354,False
short-term-rental-management,approx,55209+68320,E09000031,Waltham Forest,85,90,125.7,0.412,False
short-term-rental-management,approx,55209+68320,E09000032,Wandsworth,225,250,134.5,0.378,False
short-term-rental-management,approx,55209+68320,E09000033,Westminster,1380,1520,208.4,0.274,False
short-term-rental-management,approx,55209+68320,E92000001,England,24645,26745,133.7,0.388,False
short-term-rental-management,approx,55209+68320,E12000007,London,7425,8125,148.2,0.357,False
software-development,exact,62012,E09000002,Barking and Dagenham,65,65,100.0,0.5,False
software-development,exact,62012,E09000003,Barnet,355,360,111.0,0.465,False
software-development,exact,62012,E09000004,Bexley,70,70,93.3,0.538,False
software-development,exact,62012,E09000005,Brent,140,145,95.8,0.519,False
software-development,exact,62012,E09000006,Bromley,215,210,125.7,0.39,False
software-development,exact,62012,E09000007,Camden,1160,1160,111.9,0.47,False
software-development,exact,62012,E09000001,City of London,755,750,416.2,0.272,False
software-development,exact,62012,E09000008,Croydon,205,205,103.6,0.488,False
software-development,exact,62012,E09000009,Ealing,180,180,85.2,0.583,False
software-development,exact,62012,E09000010,Enfield,180,185,94.4,0.528,False
software-development,exact,62012,E09000011,Greenwich,165,165,91.0,0.545,False
software-development,exact,62012,E09000012,Hackney,940,945,117.8,0.45,False
software-development,exact,62012,E09000013,Hammersmith and Fulham,220,225,144.3,0.409,False
software-development,exact,62012,E09000014,Haringey,180,180,89.1,0.568,False
software-development,exact,62012,E09000015,Harrow,250,250,115.4,0.451,False
software-development,exact,62012,E09000016,Havering,85,85,100.0,0.5,False
software-development,exact,62012,E09000017,Hillingdon,185,185,91.7,0.541,False
software-development,exact,62012,E09000018,Hounslow,255,255,118.7,0.442,False
software-development,exact,62012,E09000019,Islington,865,890,92.2,0.532,False
software-development,exact,62012,E09000020,Kensington and Chelsea,170,175,93.3,0.529,False
software-development,exact,62012,E09000021,Kingston upon Thames,140,135,104.7,0.481,False
software-development,exact,62012,E09000022,Lambeth,205,210,121.7,0.429,False
software-development,exact,62012,E09000023,Lewisham,140,140,84.1,0.607,False
software-development,exact,62012,E09000024,Merton,150,155,104.7,0.483,False
software-development,exact,62012,E09000025,Newham,230,230,100.0,0.5,False
software-development,exact,62012,E09000026,Redbridge,175,175,120.1,0.412,False
software-development,exact,62012,E09000027,Richmond upon Thames,205,205,111.2,0.463,False
software-development,exact,62012,E09000028,Southwark,330,355,131.6,0.431,False
software-development,exact,62012,E09000029,Sutton,140,140,104.7,0.483,False
software-development,exact,62012,E09000030,Tower Hamlets,500,515,117.1,0.449,False
software-development,exact,62012,E09000031,Waltham Forest,135,135,100.0,0.5,False
software-development,exact,62012,E09000032,Wandsworth,230,230,109.0,0.467,False
software-development,exact,62012,E09000033,Westminster,1195,1195,161.7,0.367,False
software-development,exact,62012,E92000001,England,28640,29160,113.6,0.458,False
software-development,exact,62012,E12000007,London,10410,10515,117.6,0.451,False
game-development-studios,exact,62011+58210,E09000002,Barking and Dagenham,0,0,,,True
game-development-studios,exact,62011+58210,E09000003,Barnet,25,25,,,True
game-development-studios,exact,62011+58210,E09000004,Bexley,0,0,,,True
game-development-studios,exact,62011+58210,E09000005,Brent,5,5,,,True
game-development-studios,exact,62011+58210,E09000006,Bromley,15,15,,,True
game-development-studios,exact,62011+58210,E09000007,Camden,100,100,109.6,0.476,False
game-development-studios,exact,62011+58210,E09000001,City of London,55,50,707.1,0.231,False
game-development-studios,exact,62011+58210,E09000008,Croydon,5,5,,,True
game-development-studios,exact,62011+58210,E09000009,Ealing,15,15,,,True
game-development-studios,exact,62011+58210,E09000010,Enfield,5,5,,,True
game-development-studios,exact,62011+58210,E09000011,Greenwich,10,10,,,True
game-development-studios,exact,62011+58210,E09000012,Hackney,80,80,84.1,0.571,False
game-development-studios,exact,62011+58210,E09000013,Hammersmith and Fulham,15,20,,,True
game-development-studios,exact,62011+58210,E09000014,Haringey,15,15,,,True
game-development-studios,exact,62011+58210,E09000015,Harrow,10,10,,,True
game-development-studios,exact,62011+58210,E09000016,Havering,5,5,,,True
game-development-studios,exact,62011+58210,E09000017,Hillingdon,15,20,,,True
game-development-studios,exact,62011+58210,E09000018,Hounslow,15,10,,,True
game-development-studios,exact,62011+58210,E09000019,Islington,70,70,77.1,0.615,False
game-development-studios,exact,62011+58210,E09000020,Kensington and Chelsea,15,10,,,True
game-development-studios,exact,62011+58210,E09000021,Kingston upon Thames,10,15,,,True
game-development-studios,exact,62011+58210,E09000022,Lambeth,25,30,,,True
game-development-studios,exact,62011+58210,E09000023,Lewisham,5,5,,,True
game-development-studios,exact,62011+58210,E09000024,Merton,15,15,,,True
game-development-studios,exact,62011+58210,E09000025,Newham,15,15,,,True
game-development-studios,exact,62011+58210,E09000026,Redbridge,10,10,,,True
game-development-studios,exact,62011+58210,E09000027,Richmond upon Thames,5,5,,,True
game-development-studios,exact,62011+58210,E09000028,Southwark,25,25,,,True
game-development-studios,exact,62011+58210,E09000029,Sutton,10,10,,,True
game-development-studios,exact,62011+58210,E09000030,Tower Hamlets,50,50,89.1,0.556,False
game-development-studios,exact,62011+58210,E09000031,Waltham Forest,15,15,,,True
game-development-studios,exact,62011+58210,E09000032,Wandsworth,25,25,,,True
game-development-studios,exact,62011+58210,E09000033,Westminster,85,95,84.1,0.562,False
game-development-studios,exact,62011+58210,E92000001,England,2210,2240,105.1,0.488,False
game-development-studios,exact,62011+58210,E12000007,London,790,790,100.0,0.5,False
it-services-hosting,exact,62020+63110,E09000002,Barking and Dagenham,250,250,94.1,0.531,False
it-services-hosting,exact,62020+63110,E09000003,Barnet,930,935,113.6,0.441,False
it-services-hosting,exact,62020+63110,E09000004,Bexley,390,390,104.4,0.481,False
it-services-hosting,exact,62020+63110,E09000005,Brent,495,500,108.6,0.464,False
it-services-hosting,exact,62020+63110,E09000006,Bromley,670,670,109.1,0.459,False
it-services-hosting,exact,62020+63110,E09000007,Camden,1580,1615,110.2,0.468,False
it-services-hosting,exact,62020+63110,E09000001,City of London,870,940,630.0,0.239,False
it-services-hosting,exact,62020+63110,E09000008,Croydon,725,730,103.1,0.486,False
it-services-hosting,exact,62020+63110,E09000009,Ealing,630,640,110.4,0.457,False
it-services-hosting,exact,62020+63110,E09000010,Enfield,460,465,90.4,0.549,False
it-services-hosting,exact,62020+63110,E09000011,Greenwich,485,500,99.0,0.505,False
it-services-hosting,exact,62020+63110,E09000012,Hackney,1475,1495,106.7,0.476,False
it-services-hosting,exact,62020+63110,E09000013,Hammersmith and Fulham,375,380,107.9,0.473,False
it-services-hosting,exact,62020+63110,E09000014,Haringey,335,340,92.0,0.547,False
it-services-hosting,exact,62020+63110,E09000015,Harrow,920,925,113.6,0.44,False
it-services-hosting,exact,62020+63110,E09000016,Havering,335,340,111.7,0.448,False
it-services-hosting,exact,62020+63110,E09000017,Hillingdon,670,685,106.2,0.473,False
it-services-hosting,exact,62020+63110,E09000018,Hounslow,880,885,106.1,0.475,False
it-services-hosting,exact,62020+63110,E09000019,Islington,1355,1380,106.6,0.478,False
it-services-hosting,exact,62020+63110,E09000020,Kensington and Chelsea,235,240,100.0,0.5,False
it-services-hosting,exact,62020+63110,E09000021,Kingston upon Thames,460,460,116.9,0.422,False
it-services-hosting,exact,62020+63110,E09000022,Lambeth,425,435,114.0,0.44,False
it-services-hosting,exact,62020+63110,E09000023,Lewisham,375,380,96.2,0.52,False
it-services-hosting,exact,62020+63110,E09000024,Merton,525,530,118.9,0.419,False
it-services-hosting,exact,62020+63110,E09000025,Newham,580,585,98.3,0.509,False
it-services-hosting,exact,62020+63110,E09000026,Redbridge,795,790,108.8,0.459,False
it-services-hosting,exact,62020+63110,E09000027,Richmond upon Thames,620,625,111.1,0.455,False
it-services-hosting,exact,62020+63110,E09000028,Southwark,625,655,122.1,0.432,False
it-services-hosting,exact,62020+63110,E09000029,Sutton,580,580,120.1,0.404,False
it-services-hosting,exact,62020+63110,E09000030,Tower Hamlets,905,920,126.2,0.421,False
it-services-hosting,exact,62020+63110,E09000031,Waltham Forest,365,370,106.8,0.472,False
it-services-hosting,exact,62020+63110,E09000032,Wandsworth,600,600,106.0,0.475,False
it-services-hosting,exact,62020+63110,E09000033,Westminster,1485,1525,152.2,0.389,False
it-services-hosting,exact,62020+63110,E92000001,England,71700,73055,117.2,0.432,False
it-services-hosting,exact,62020+63110,E12000007,London,22385,22755,113.6,0.45,False
news-periodical-publishing,exact,58130+58142,E09000002,Barking and Dagenham,5,5,,,True
news-periodical-publishing,exact,58130+58142,E09000003,Barnet,20,25,,,True
news-periodical-publishing,exact,58130+58142,E09000004,Bexley,5,5,,,True
news-periodical-publishing,exact,58130+58142,E09000005,Brent,5,10,,,True
news-periodical-publishing,exact,58130+58142,E09000006,Bromley,15,15,,,True
news-periodical-publishing,exact,58130+58142,E09000007,Camden,60,65,184.2,0.3,False
news-periodical-publishing,exact,58130+58142,E09000001,City of London,35,45,,,True
news-periodical-publishing,exact,58130+58142,E09000008,Croydon,15,10,,,True
news-periodical-publishing,exact,58130+58142,E09000009,Ealing,10,10,,,True
news-periodical-publishing,exact,58130+58142,E09000010,Enfield,15,15,,,True
news-periodical-publishing,exact,58130+58142,E09000011,Greenwich,5,5,,,True
news-periodical-publishing,exact,58130+58142,E09000012,Hackney,50,50,250.0,0.25,False
news-periodical-publishing,exact,58130+58142,E09000013,Hammersmith and Fulham,20,15,,,True
news-periodical-publishing,exact,58130+58142,E09000014,Haringey,10,10,,,True
news-periodical-publishing,exact,58130+58142,E09000015,Harrow,5,5,,,True
news-periodical-publishing,exact,58130+58142,E09000016,Havering,0,0,,,True
news-periodical-publishing,exact,58130+58142,E09000017,Hillingdon,5,5,,,True
news-periodical-publishing,exact,58130+58142,E09000018,Hounslow,10,10,,,True
news-periodical-publishing,exact,58130+58142,E09000019,Islington,45,50,250.0,0.3,False
news-periodical-publishing,exact,58130+58142,E09000020,Kensington and Chelsea,20,25,,,True
news-periodical-publishing,exact,58130+58142,E09000021,Kingston upon Thames,15,15,,,True
news-periodical-publishing,exact,58130+58142,E09000022,Lambeth,30,35,,,True
news-periodical-publishing,exact,58130+58142,E09000023,Lewisham,5,10,,,True
news-periodical-publishing,exact,58130+58142,E09000024,Merton,20,20,,,True
news-periodical-publishing,exact,58130+58142,E09000025,Newham,10,10,,,True
news-periodical-publishing,exact,58130+58142,E09000026,Redbridge,5,5,,,True
news-periodical-publishing,exact,58130+58142,E09000027,Richmond upon Thames,20,25,,,True
news-periodical-publishing,exact,58130+58142,E09000028,Southwark,55,55,500.0,0.2,False
news-periodical-publishing,exact,58130+58142,E09000029,Sutton,10,10,,,True
news-periodical-publishing,exact,58130+58142,E09000030,Tower Hamlets,25,35,,,True
news-periodical-publishing,exact,58130+58142,E09000031,Waltham Forest,5,5,,,True
news-periodical-publishing,exact,58130+58142,E09000032,Wandsworth,20,25,,,True
news-periodical-publishing,exact,58130+58142,E09000033,Westminster,100,105,280.6,0.294,False
news-periodical-publishing,exact,58130+58142,E92000001,England,1985,2140,181.2,0.302,False
news-periodical-publishing,exact,58130+58142,E12000007,London,685,725,211.6,0.304,False
motion-picture-sound-recording,exact,59111+59200,E09000002,Barking and Dagenham,15,15,,,True
motion-picture-sound-recording,exact,59111+59200,E09000003,Barnet,220,220,158.1,0.318,False
motion-picture-sound-recording,exact,59111+59200,E09000004,Bexley,35,35,,,True
motion-picture-sound-recording,exact,59111+59200,E09000005,Brent,200,205,138.7,0.375,False
motion-picture-sound-recording,exact,59111+59200,E09000006,Bromley,95,95,129.9,0.389,False
motion-picture-sound-recording,exact,59111+59200,E09000007,Camden,850,850,197.5,0.347,False
motion-picture-sound-recording,exact,59111+59200,E09000001,City of London,155,150,297.3,0.3,False
motion-picture-sound-recording,exact,59111+59200,E09000008,Croydon,105,105,121.7,0.429,False
motion-picture-sound-recording,exact,59111+59200,E09000009,Ealing,270,270,129.4,0.418,False
motion-picture-sound-recording,exact,59111+59200,E09000010,Enfield,120,115,135.7,0.375,False
motion-picture-sound-recording,exact,59111+59200,E09000011,Greenwich,75,75,91.7,0.533,False
motion-picture-sound-recording,exact,59111+59200,E09000012,Hackney,570,570,141.5,0.387,False
motion-picture-sound-recording,exact,59111+59200,E09000013,Hammersmith and Fulham,275,275,151.7,0.407,False
motion-picture-sound-recording,exact,59111+59200,E09000014,Haringey,300,300,115.6,0.448,False
motion-picture-sound-recording,exact,59111+59200,E09000015,Harrow,55,55,158.1,0.333,False
motion-picture-sound-recording,exact,59111+59200,E09000016,Havering,25,25,,,True
motion-picture-sound-recording,exact,59111+59200,E09000017,Hillingdon,110,110,158.1,0.304,False
motion-picture-sound-recording,exact,59111+59200,E09000018,Hounslow,115,125,133.2,0.381,False
motion-picture-sound-recording,exact,59111+59200,E09000019,Islington,465,470,151.4,0.398,False
motion-picture-sound-recording,exact,59111+59200,E09000020,Kensington and Chelsea,245,250,146.5,0.396,False
motion-picture-sound-recording,exact,59111+59200,E09000021,Kingston upon Thames,85,85,146.5,0.353,False
motion-picture-sound-recording,exact,59111+59200,E09000022,Lambeth,265,265,89.7,0.547,False
motion-picture-sound-recording,exact,59111+59200,E09000023,Lewisham,220,220,111.2,0.465,False
motion-picture-sound-recording,exact,59111+59200,E09000024,Merton,80,85,116.5,0.438,False
motion-picture-sound-recording,exact,59111+59200,E09000025,Newham,65,65,112.1,0.462,False
motion-picture-sound-recording,exact,59111+59200,E09000026,Redbridge,55,50,89.1,0.545,False
motion-picture-sound-recording,exact,59111+59200,E09000027,Richmond upon Thames,230,225,106.8,0.477,False
motion-picture-sound-recording,exact,59111+59200,E09000028,Southwark,330,330,120.1,0.438,False
motion-picture-sound-recording,exact,59111+59200,E09000029,Sutton,40,40,116.5,0.429,False
motion-picture-sound-recording,exact,59111+59200,E09000030,Tower Hamlets,300,300,141.0,0.4,False
motion-picture-sound-recording,exact,59111+59200,E09000031,Waltham Forest,210,210,106.8,0.476,False
motion-picture-sound-recording,exact,59111+59200,E09000032,Wandsworth,205,210,132.6,0.405,False
motion-picture-sound-recording,exact,59111+59200,E09000033,Westminster,1140,1180,200.5,0.32,False
motion-picture-sound-recording,exact,59111+59200,E92000001,England,14320,14400,141.3,0.384,False
motion-picture-sound-recording,exact,59111+59200,E12000007,London,7525,7600,144.2,0.39,False
independent-insurance-brokers,exact,66220,E09000002,Barking and Dagenham,5,5,,,True
independent-insurance-brokers,exact,66220,E09000003,Barnet,35,40,,,True
independent-insurance-brokers,exact,66220,E09000004,Bexley,10,10,,,True
independent-insurance-brokers,exact,66220,E09000005,Brent,15,15,,,True
independent-insurance-brokers,exact,66220,E09000006,Bromley,35,40,,,True
independent-insurance-brokers,exact,66220,E09000007,Camden,35,35,,,True
independent-insurance-brokers,exact,66220,E09000001,City of London,445,500,615.6,0.2,False
independent-insurance-brokers,exact,66220,E09000008,Croydon,25,25,,,True
independent-insurance-brokers,exact,66220,E09000009,Ealing,15,15,,,True
independent-insurance-brokers,exact,66220,E09000010,Enfield,20,20,,,True
independent-insurance-brokers,exact,66220,E09000011,Greenwich,5,5,,,True
independent-insurance-brokers,exact,66220,E09000012,Hackney,20,25,,,True
independent-insurance-brokers,exact,66220,E09000013,Hammersmith and Fulham,10,5,,,True
independent-insurance-brokers,exact,66220,E09000014,Haringey,5,0,,,True
independent-insurance-brokers,exact,66220,E09000015,Harrow,30,30,,,True
independent-insurance-brokers,exact,66220,E09000016,Havering,20,20,,,True
independent-insurance-brokers,exact,66220,E09000017,Hillingdon,15,20,,,True
independent-insurance-brokers,exact,66220,E09000018,Hounslow,15,20,,,True
independent-insurance-brokers,exact,66220,E09000019,Islington,35,35,,,True
independent-insurance-brokers,exact,66220,E09000020,Kensington and Chelsea,10,5,,,True
independent-insurance-brokers,exact,66220,E09000021,Kingston upon Thames,10,10,,,True
independent-insurance-brokers,exact,66220,E09000022,Lambeth,5,5,,,True
independent-insurance-brokers,exact,66220,E09000023,Lewisham,5,10,,,True
independent-insurance-brokers,exact,66220,E09000024,Merton,10,15,,,True
independent-insurance-brokers,exact,66220,E09000025,Newham,10,15,,,True
independent-insurance-brokers,exact,66220,E09000026,Redbridge,15,15,,,True
independent-insurance-brokers,exact,66220,E09000027,Richmond upon Thames,15,10,,,True
independent-insurance-brokers,exact,66220,E09000028,Southwark,15,20,,,True
independent-insurance-brokers,exact,66220,E09000029,Sutton,10,15,,,True
independent-insurance-brokers,exact,66220,E09000030,Tower Hamlets,25,25,,,True
independent-insurance-brokers,exact,66220,E09000031,Waltham Forest,10,10,,,True
independent-insurance-brokers,exact,66220,E09000032,Wandsworth,10,10,,,True
independent-insurance-brokers,exact,66220,E09000033,Westminster,50,55,297.3,0.091,False
independent-insurance-brokers,exact,66220,E92000001,England,3415,4385,352.5,0.07,False
independent-insurance-brokers,exact,66220,E12000007,London,975,1090,365.2,0.138,False
real-estate-agencies,exact,68310,E09000002,Barking and Dagenham,80,90,173.3,0.125,False
real-estate-agencies,exact,68310,E09000003,Barnet,585,615,170.0,0.188,False
real-estate-agencies,exact,68310,E09000004,Bexley,85,100,184.2,0.167,False
real-estate-agencies,exact,68310,E09000005,Brent,220,235,213.2,0.068,False
real-estate-agencies,exact,68310,E09000006,Bromley,190,230,178.4,0.184,False
real-estate-agencies,exact,68310,E09000007,Camden,435,490,190.3,0.161,False
real-estate-agencies,exact,68310,E09000001,City of London,135,160,287.2,0.143,False
real-estate-agencies,exact,68310,E09000008,Croydon,180,225,169.4,0.171,False
real-estate-agencies,exact,68310,E09000009,Ealing,250,280,198.8,0.118,False
real-estate-agencies,exact,68310,E09000010,Enfield,240,270,184.2,0.125,False
real-estate-agencies,exact,68310,E09000011,Greenwich,115,145,152.2,0.238,False
real-estate-agencies,exact,68310,E09000012,Hackney,470,495,174.1,0.097,False
real-estate-agencies,exact,68310,E09000013,Hammersmith and Fulham,175,225,167.4,0.235,False
real-estate-agencies,exact,68310,E09000014,Haringey,195,225,184.2,0.079,False
real-estate-agencies,exact,68310,E09000015,Harrow,260,270,168.8,0.192,False
real-estate-agencies,exact,68310,E09000016,Havering,110,130,164.3,0.19,False
real-estate-agencies,exact,68310,E09000017,Hillingdon,155,170,176.1,0.161,False
real-estate-agencies,exact,68310,E09000018,Hounslow,175,195,165.9,0.182,False
real-estate-agencies,exact,68310,E09000019,Islington,245,280,177.3,0.128,False
real-estate-agencies,exact,68310,E09000020,Kensington and Chelsea,280,355,224.2,0.164,False
real-estate-agencies,exact,68310,E09000021,Kingston upon Thames,105,130,189.9,0.15,False
real-estate-agencies,exact,68310,E09000022,Lambeth,165,205,177.3,0.188,False
real-estate-agencies,exact,68310,E09000023,Lewisham,85,125,167.4,0.235,False
real-estate-agencies,exact,68310,E09000024,Merton,145,165,163.0,0.214,False
real-estate-agencies,exact,68310,E09000025,Newham,205,225,188.6,0.05,False
real-estate-agencies,exact,68310,E09000026,Redbridge,290,315,173.3,0.138,False
real-estate-agencies,exact,68310,E09000027,Richmond upon Thames,160,210,163.0,0.25,False
real-estate-agencies,exact,68310,E09000028,Southwark,145,195,203.0,0.207,False
real-estate-agencies,exact,68310,E09000029,Sutton,75,95,158.1,0.286,False
real-estate-agencies,exact,68310,E09000030,Tower Hamlets,270,325,195.6,0.127,False
real-estate-agencies,exact,68310,E09000031,Waltham Forest,140,160,184.2,0.143,False
real-estate-agencies,exact,68310,E09000032,Wandsworth,235,315,182.9,0.191,False
real-estate-agencies,exact,68310,E09000033,Westminster,1040,1130,219.9,0.191,False
real-estate-agencies,exact,68310,E92000001,England,24095,28820,183.3,0.171,False
real-estate-agencies,exact,68310,E12000007,London,7640,8770,185.3,0.16,False
equipment-rental-leasing,approx,77390+77299+77320,E09000002,Barking and Dagenham,20,35,,,True
equipment-rental-leasing,approx,77390+77299+77320,E09000003,Barnet,35,35,,,True
equipment-rental-leasing,approx,77390+77299+77320,E09000004,Bexley,30,45,,,True
equipment-rental-leasing,approx,77390+77299+77320,E09000005,Brent,45,55,135.7,0.375,False
equipment-rental-leasing,approx,77390+77299+77320,E09000006,Bromley,25,35,,,True
equipment-rental-leasing,approx,77390+77299+77320,E09000007,Camden,25,30,,,True
equipment-rental-leasing,approx,77390+77299+77320,E09000001,City of London,15,20,,,True
equipment-rental-leasing,approx,77390+77299+77320,E09000008,Croydon,15,20,,,True
equipment-rental-leasing,approx,77390+77299+77320,E09000009,Ealing,50,60,250.0,0.25,False
equipment-rental-leasing,approx,77390+77299+77320,E09000010,Enfield,30,30,,,True
equipment-rental-leasing,approx,77390+77299+77320,E09000011,Greenwich,10,20,,,True
equipment-rental-leasing,approx,77390+77299+77320,E09000012,Hackney,40,45,50.0,0.5,False
equipment-rental-leasing,approx,77390+77299+77320,E09000013,Hammersmith and Fulham,15,20,,,True
equipment-rental-leasing,approx,77390+77299+77320,E09000014,Haringey,10,10,,,True
equipment-rental-leasing,approx,77390+77299+77320,E09000015,Harrow,30,30,,,True
equipment-rental-leasing,approx,77390+77299+77320,E09000016,Havering,25,30,,,True
equipment-rental-leasing,approx,77390+77299+77320,E09000017,Hillingdon,40,60,280.6,0.2,False
equipment-rental-leasing,approx,77390+77299+77320,E09000018,Hounslow,25,25,,,True
equipment-rental-leasing,approx,77390+77299+77320,E09000019,Islington,35,35,,,True
equipment-rental-leasing,approx,77390+77299+77320,E09000020,Kensington and Chelsea,15,15,,,True
equipment-rental-leasing,approx,77390+77299+77320,E09000021,Kingston upon Thames,10,20,,,True
equipment-rental-leasing,approx,77390+77299+77320,E09000022,Lambeth,35,35,,,True
equipment-rental-leasing,approx,77390+77299+77320,E09000023,Lewisham,15,20,,,True
equipment-rental-leasing,approx,77390+77299+77320,E09000024,Merton,20,35,,,True
equipment-rental-leasing,approx,77390+77299+77320,E09000025,Newham,25,35,,,True
equipment-rental-leasing,approx,77390+77299+77320,E09000026,Redbridge,15,15,,,True
equipment-rental-leasing,approx,77390+77299+77320,E09000027,Richmond upon Thames,15,20,,,True
equipment-rental-leasing,approx,77390+77299+77320,E09000028,Southwark,30,30,,,True
equipment-rental-leasing,approx,77390+77299+77320,E09000029,Sutton,10,20,,,True
equipment-rental-leasing,approx,77390+77299+77320,E09000030,Tower Hamlets,20,35,,,True
equipment-rental-leasing,approx,77390+77299+77320,E09000031,Waltham Forest,10,15,,,True
equipment-rental-leasing,approx,77390+77299+77320,E09000032,Wandsworth,20,20,,,True
equipment-rental-leasing,approx,77390+77299+77320,E09000033,Westminster,40,50,198.8,0.286,False
equipment-rental-leasing,approx,77390+77299+77320,E92000001,England,8155,10035,217.2,0.302,False
equipment-rental-leasing,approx,77390+77299+77320,E12000007,London,830,995,222.9,0.289,False
legal-services,exact,69102+69109,E09000002,Barking and Dagenham,50,55,222.9,0.182,False
legal-services,exact,69102+69109,E09000003,Barnet,305,310,186.5,0.226,False
legal-services,exact,69102+69109,E09000004,Bexley,50,55,250.0,0.0,False
legal-services,exact,69102+69109,E09000005,Brent,110,115,214.6,0.25,False
legal-services,exact,69102+69109,E09000006,Bromley,145,155,146.5,0.321,False
legal-services,exact,69102+69109,E09000007,Camden,675,710,299.4,0.163,False
legal-services,exact,69102+69109,E09000001,City of London,915,1010,594.6,0.122,False
legal-services,exact,69102+69109,E09000008,Croydon,100,115,210.5,0.19,False
legal-services,exact,69102+69109,E09000009,Ealing,155,160,174.4,0.226,False
legal-services,exact,69102+69109,E09000010,Enfield,145,150,188.6,0.179,False
legal-services,exact,69102+69109,E09000011,Greenwich,70,70,214.6,0.143,False
legal-services,exact,69102+69109,E09000012,Hackney,170,185,174.4,0.257,False
legal-services,exact,69102+69109,E09000013,Hammersmith and Fulham,105,110,167.4,0.263,False
legal-services,exact,69102+69109,E09000014,Haringey,140,150,262.7,0.207,False
legal-services,exact,69102+69109,E09000015,Harrow,165,165,217.1,0.156,False
legal-services,exact,69102+69109,E09000016,Havering,55,60,214.6,0.273,False
legal-services,exact,69102+69109,E09000017,Hillingdon,115,120,184.2,0.167,False
legal-services,exact,69102+69109,E09000018,Hounslow,125,125,173.3,0.25,False
legal-services,exact,69102+69109,E09000019,Islington,240,245,206.1,0.2,False
legal-services,exact,69102+69109,E09000020,Kensington and Chelsea,100,110,170.7,0.316,False
legal-services,exact,69102+69109,E09000021,Kingston upon Thames,65,65,214.6,0.143,False
legal-services,exact,69102+69109,E09000022,Lambeth,110,120,166.4,0.25,False
legal-services,exact,69102+69109,E09000023,Lewisham,85,85,158.1,0.278,False
legal-services,exact,69102+69109,E09000024,Merton,105,110,158.1,0.25,False
legal-services,exact,69102+69109,E09000025,Newham,135,135,262.7,0.16,False
legal-services,exact,69102+69109,E09000026,Redbridge,190,200,193.8,0.158,False
legal-services,exact,69102+69109,E09000027,Richmond upon Thames,130,135,171.8,0.217,False
legal-services,exact,69102+69109,E09000028,Southwark,165,180,304.8,0.156,False
legal-services,exact,69102+69109,E09000029,Sutton,55,60,189.9,0.182,False
legal-services,exact,69102+69109,E09000030,Tower Hamlets,230,240,274.8,0.17,False
legal-services,exact,69102+69109,E09000031,Waltham Forest,95,95,180.2,0.235,False
legal-services,exact,69102+69109,E09000032,Wandsworth,135,140,194.7,0.214,False
legal-services,exact,69102+69109,E09000033,Westminster,660,700,318.6,0.172,False
legal-services,exact,69102+69109,E92000001,England,18135,21255,232.5,0.177,False
legal-services,exact,69102+69109,E12000007,London,6090,6450,237.2,0.183,False
accounting-tax,exact,69201+69202+69203,E09000002,Barking and Dagenham,185,185,116.5,0.412,False
accounting-tax,exact,69201+69202+69203,E09000003,Barnet,745,745,132.1,0.384,False
accounting-tax,exact,69201+69202+69203,E09000004,Bexley,160,165,94.4,0.531,False
accounting-tax,exact,69201+69202+69203,E09000005,Brent,360,360,117.1,0.431,False
accounting-tax,exact,69201+69202+69203,E09000006,Bromley,285,290,122.0,0.411,False
accounting-tax,exact,69201+69202+69203,E09000007,Camden,485,510,122.8,0.434,False
accounting-tax,exact,69201+69202+69203,E09000001,City of London,295,330,406.1,0.25,False
accounting-tax,exact,69201+69202+69203,E09000008,Croydon,320,325,113.1,0.444,False
accounting-tax,exact,69201+69202+69203,E09000009,Ealing,365,375,115.9,0.431,False
accounting-tax,exact,69201+69202+69203,E09000010,Enfield,355,365,133.8,0.352,False
accounting-tax,exact,69201+69202+69203,E09000011,Greenwich,155,155,125.7,0.387,False
accounting-tax,exact,69201+69202+69203,E09000012,Hackney,300,305,112.7,0.448,False
accounting-tax,exact,69201+69202+69203,E09000013,Hammersmith and Fulham,140,145,137.8,0.36,False
accounting-tax,exact,69201+69202+69203,E09000014,Haringey,200,205,130.9,0.368,False
accounting-tax,exact,69201+69202+69203,E09000015,Harrow,710,715,125.7,0.401,False
accounting-tax,exact,69201+69202+69203,E09000016,Havering,240,240,124.4,0.391,False
accounting-tax,exact,69201+69202+69203,E09000017,Hillingdon,305,315,132.9,0.35,False
accounting-tax,exact,69201+69202+69203,E09000018,Hounslow,215,225,130.4,0.366,False
accounting-tax,exact,69201+69202+69203,E09000019,Islington,345,365,102.3,0.493,False
accounting-tax,exact,69201+69202+69203,E09000020,Kensington and Chelsea,95,95,107.9,0.467,False
accounting-tax,exact,69201+69202+69203,E09000021,Kingston upon Thames,165,165,96.9,0.516,False
accounting-tax,exact,69201+69202+69203,E09000022,Lambeth,160,175,115.1,0.433,False
accounting-tax,exact,69201+69202+69203,E09000023,Lewisham,115,110,96.2,0.524,False
accounting-tax,exact,69201+69202+69203,E09000024,Merton,270,275,130.3,0.358,False
accounting-tax,exact,69201+69202+69203,E09000025,Newham,265,270,123.4,0.392,False
accounting-tax,exact,69201+69202+69203,E09000026,Redbridge,545,545,132.6,0.352,False
accounting-tax,exact,69201+69202+69203,E09000027,Richmond upon Thames,200,200,129.9,0.395,False
accounting-tax,exact,69201+69202+69203,E09000028,Southwark,160,170,123.2,0.414,False
accounting-tax,exact,69201+69202+69203,E09000029,Sutton,205,215,105.9,0.474,False
accounting-tax,exact,69201+69202+69203,E09000030,Tower Hamlets,310,320,133.4,0.365,False
accounting-tax,exact,69201+69202+69203,E09000031,Waltham Forest,230,230,140.3,0.311,False
accounting-tax,exact,69201+69202+69203,E09000032,Wandsworth,225,235,102.6,0.489,False
accounting-tax,exact,69201+69202+69203,E09000033,Westminster,620,685,187.2,0.287,False
accounting-tax,exact,69201+69202+69203,E92000001,England,36735,38745,129.4,0.39,False
accounting-tax,exact,69201+69202+69203,E12000007,London,9730,10010,128.9,0.392,False
engineering-architecture,exact,71111+71121+71122+71129,E09000002,Barking and Dagenham,90,90,141.0,0.312,False
engineering-architecture,exact,71111+71121+71122+71129,E09000003,Barnet,445,440,118.7,0.432,False
engineering-architecture,exact,71111+71121+71122+71129,E09000004,Bexley,190,190,131.6,0.378,False
engineering-architecture,exact,71111+71121+71122+71129,E09000005,Brent,230,235,107.9,0.467,False
engineering-architecture,exact,71111+71121+71122+71129,E09000006,Bromley,380,380,129.6,0.39,False
engineering-architecture,exact,71111+71121+71122+71129,E09000007,Camden,855,925,150.0,0.366,False
engineering-architecture,exact,71111+71121+71122+71129,E09000001,City of London,380,420,329.9,0.23,False
engineering-architecture,exact,71111+71121+71122+71129,E09000008,Croydon,340,360,113.1,0.446,False
engineering-architecture,exact,71111+71121+71122+71129,E09000009,Ealing,335,350,114.0,0.441,False
engineering-architecture,exact,71111+71121+71122+71129,E09000010,Enfield,260,260,127.1,0.396,False
engineering-architecture,exact,71111+71121+71122+71129,E09000011,Greenwich,255,250,114.0,0.44,False
engineering-architecture,exact,71111+71121+71122+71129,E09000012,Hackney,790,795,132.6,0.397,False
engineering-architecture,exact,71111+71121+71122+71129,E09000013,Hammersmith and Fulham,280,280,154.1,0.345,False
engineering-architecture,exact,71111+71121+71122+71129,E09000014,Haringey,260,260,102.3,0.49,False
engineering-architecture,exact,71111+71121+71122+71129,E09000015,Harrow,345,345,115.9,0.426,False
engineering-architecture,exact,71111+71121+71122+71129,E09000016,Havering,225,230,137.8,0.341,False
engineering-architecture,exact,71111+71121+71122+71129,E09000017,Hillingdon,275,290,123.2,0.407,False
engineering-architecture,exact,71111+71121+71122+71129,E09000018,Hounslow,270,280,127.3,0.407,False
engineering-architecture,exact,71111+71121+71122+71129,E09000019,Islington,720,790,153.5,0.348,False
engineering-architecture,exact,71111+71121+71122+71129,E09000020,Kensington and Chelsea,270,270,125.7,0.429,False
engineering-architecture,exact,71111+71121+71122+71129,E09000021,Kingston upon Thames,240,250,134.5,0.383,False
engineering-architecture,exact,71111+71121+71122+71129,E09000022,Lambeth,345,370,117.3,0.443,False
engineering-architecture,exact,71111+71121+71122+71129,E09000023,Lewisham,235,240,100.0,0.5,False
engineering-architecture,exact,71111+71121+71122+71129,E09000024,Merton,250,260,127.1,0.388,False
engineering-architecture,exact,71111+71121+71122+71129,E09000025,Newham,210,210,95.8,0.525,False
engineering-architecture,exact,71111+71121+71122+71129,E09000026,Redbridge,235,240,129.6,0.356,False
engineering-architecture,exact,71111+71121+71122+71129,E09000027,Richmond upon Thames,380,385,129.0,0.397,False
engineering-architecture,exact,71111+71121+71122+71129,E09000028,Southwark,555,600,193.8,0.321,False
engineering-architecture,exact,71111+71121+71122+71129,E09000029,Sutton,265,260,125.7,0.373,False
engineering-architecture,exact,71111+71121+71122+71129,E09000030,Tower Hamlets,345,360,153.9,0.379,False
engineering-architecture,exact,71111+71121+71122+71129,E09000031,Waltham Forest,225,230,107.9,0.467,False
engineering-architecture,exact,71111+71121+71122+71129,E09000032,Wandsworth,400,405,135.7,0.385,False
engineering-architecture,exact,71111+71121+71122+71129,E09000033,Westminster,910,975,198.8,0.333,False
engineering-architecture,exact,71111+71121+71122+71129,E92000001,England,62775,65740,137.4,0.371,False
engineering-architecture,exact,71111+71121+71122+71129,E12000007,London,11800,12230,136.5,0.384,False
marketing-design-agencies,exact,73110+74100,E09000002,Barking and Dagenham,80,80,168.8,0.25,False
marketing-design-agencies,exact,73110+74100,E09000003,Barnet,450,445,142.5,0.311,False
marketing-design-agencies,exact,73110+74100,E09000004,Bexley,110,110,151.7,0.273,False
marketing-design-agencies,exact,73110+74100,E09000005,Brent,265,270,149.7,0.288,False
marketing-design-agencies,exact,73110+74100,E09000006,Bromley,375,370,135.7,0.324,False
marketing-design-agencies,exact,73110+74100,E09000007,Camden,1055,1090,187.0,0.233,False
marketing-design-agencies,exact,73110+74100,E09000001,City of London,240,255,552.0,0.14,False
marketing-design-agencies,exact,73110+74100,E09000008,Croydon,280,275,139.3,0.302,False
marketing-design-agencies,exact,73110+74100,E09000009,Ealing,305,305,140.4,0.339,False
marketing-design-agencies,exact,73110+74100,E09000010,Enfield,280,280,143.0,0.273,False
marketing-design-agencies,exact,73110+74100,E09000011,Greenwich,240,250,127.0,0.375,False
marketing-design-agencies,exact,73110+74100,E09000012,Hackney,1395,1415,157.6,0.265,False
marketing-design-agencies,exact,73110+74100,E09000013,Hammersmith and Fulham,440,465,171.8,0.276,False
marketing-design-agencies,exact,73110+74100,E09000014,Haringey,375,380,131.0,0.347,False
marketing-design-agencies,exact,73110+74100,E09000015,Harrow,165,170,144.3,0.324,False
marketing-design-agencies,exact,73110+74100,E09000016,Havering,100,100,139.5,0.3,False
marketing-design-agencies,exact,73110+74100,E09000017,Hillingdon,150,155,133.2,0.321,False
marketing-design-agencies,exact,73110+74100,E09000018,Hounslow,225,230,139.5,0.318,False
marketing-design-agencies,exact,73110+74100,E09000019,Islington,1055,1080,168.4,0.265,False
marketing-design-agencies,exact,73110+74100,E09000020,Kensington and Chelsea,515,530,162.3,0.32,False
marketing-design-agencies,exact,73110+74100,E09000021,Kingston upon Thames,220,220,143.7,0.279,False
marketing-design-agencies,exact,73110+74100,E09000022,Lambeth,490,495,133.3,0.361,False
marketing-design-agencies,exact,73110+74100,E09000023,Lewisham,385,385,127.1,0.355,False
marketing-design-agencies,exact,73110+74100,E09000024,Merton,240,245,142.5,0.311,False
marketing-design-agencies,exact,73110+74100,E09000025,Newham,240,240,133.2,0.34,False
marketing-design-agencies,exact,73110+74100,E09000026,Redbridge,175,175,151.0,0.235,False
marketing-design-agencies,exact,73110+74100,E09000027,Richmond upon Thames,405,410,146.5,0.312,False
marketing-design-agencies,exact,73110+74100,E09000028,Southwark,720,725,176.6,0.25,False
marketing-design-agencies,exact,73110+74100,E09000029,Sutton,105,110,151.0,0.286,False
marketing-design-agencies,exact,73110+74100,E09000030,Tower Hamlets,575,585,164.3,0.276,False
marketing-design-agencies,exact,73110+74100,E09000031,Waltham Forest,445,445,138.5,0.292,False
marketing-design-agencies,exact,73110+74100,E09000032,Wandsworth,545,550,152.3,0.29,False
marketing-design-agencies,exact,73110+74100,E09000033,Westminster,1280,1325,204.9,0.246,False
marketing-design-agencies,exact,73110+74100,E92000001,England,40490,40995,151.6,0.294,False
marketing-design-agencies,exact,73110+74100,E12000007,London,13920,14165,156.9,0.283,False
photography-studios,exact,74201+74209,E09000002,Barking and Dagenham,5,5,,,True
photography-studios,exact,74201+74209,E09000003,Barnet,65,65,120.1,0.417,False
photography-studios,exact,74201+74209,E09000004,Bexley,20,20,,,True
photography-studios,exact,74201+74209,E09000005,Brent,50,50,77.1,0.636,False
photography-studios,exact,74201+74209,E09000006,Bromley,55,50,89.1,0.556,False
photography-studios,exact,74201+74209,E09000007,Camden,115,115,94.4,0.522,False
photography-studios,exact,74201+74209,E09000001,City of London,10,15,,,True
photography-studios,exact,74201+74209,E09000008,Croydon,40,40,70.7,0.833,False
photography-studios,exact,74201+74209,E09000009,Ealing,50,50,91.7,0.556,False
photography-studios,exact,74201+74209,E09000010,Enfield,35,35,,,True
photography-studios,exact,74201+74209,E09000011,Greenwich,50,50,70.7,0.667,False
photography-studios,exact,74201+74209,E09000012,Hackney,305,310,98.0,0.508,False
photography-studios,exact,74201+74209,E09000013,Hammersmith and Fulham,55,55,79.4,0.6,False
photography-studios,exact,74201+74209,E09000014,Haringey,120,120,84.1,0.583,False
photography-studios,exact,74201+74209,E09000015,Harrow,15,15,,,True
photography-studios,exact,74201+74209,E09000016,Havering,15,15,,,True
photography-studios,exact,74201+74209,E09000017,Hillingdon,20,20,,,True
photography-studios,exact,74201+74209,E09000018,Hounslow,40,40,84.1,0.571,False
photography-studios,exact,74201+74209,E09000019,Islington,125,130,94.4,0.52,False
photography-studios,exact,74201+74209,E09000020,Kensington and Chelsea,70,70,131.6,0.4,False
photography-studios,exact,74201+74209,E09000021,Kingston upon Thames,45,45,70.7,0.556,False
photography-studios,exact,74201+74209,E09000022,Lambeth,95,100,106.8,0.474,False
photography-studios,exact,74201+74209,E09000023,Lewisham,80,85,100.0,0.5,False
photography-studios,exact,74201+74209,E09000024,Merton,30,25,,,True
photography-studios,exact,74201+74209,E09000025,Newham,50,50,91.7,0.556,False
photography-studios,exact,74201+74209,E09000026,Redbridge,30,30,,,True
photography-studios,exact,74201+74209,E09000027,Richmond upon Thames,65,65,84.1,0.571,False
photography-studios,exact,74201+74209,E09000028,Southwark,120,120,90.6,0.542,False
photography-studios,exact,74201+74209,E09000029,Sutton,20,20,,,True
photography-studios,exact,74201+74209,E09000030,Tower Hamlets,110,110,116.5,0.435,False
photography-studios,exact,74201+74209,E09000031,Waltham Forest,110,110,82.0,0.591,False
photography-studios,exact,74201+74209,E09000032,Wandsworth,85,85,70.7,0.688,False
photography-studios,exact,74201+74209,E09000033,Westminster,95,105,100.0,0.5,False
photography-studios,exact,74201+74209,E92000001,England,5760,5815,84.2,0.576,False
photography-studios,exact,74201+74209,E12000007,London,2190,2215,92.2,0.533,False
wedding-planning-coordination,approx,96090,E09000002,Barking and Dagenham,50,55,112.1,0.455,False
wedding-planning-coordination,approx,96090,E09000003,Barnet,255,260,130.6,0.36,False
wedding-planning-coordination,approx,96090,E09000004,Bexley,75,80,125.7,0.4,False
wedding-planning-coordination,approx,96090,E09000005,Brent,120,135,118.1,0.417,False
wedding-planning-coordination,approx,96090,E09000006,Bromley,140,150,142.3,0.321,False
wedding-planning-coordination,approx,96090,E09000007,Camden,380,385,127.7,0.395,False
wedding-planning-coordination,approx,96090,E09000001,City of London,155,170,187.8,0.31,False
wedding-planning-coordination,approx,96090,E09000008,Croydon,120,135,110.7,0.458,False
wedding-planning-coordination,approx,96090,E09000009,Ealing,175,180,137.0,0.343,False
wedding-planning-coordination,approx,96090,E09000010,Enfield,130,140,104.3,0.481,False
wedding-planning-coordination,approx,96090,E09000011,Greenwich,90,90,151.0,0.235,False
wedding-planning-coordination,approx,96090,E09000012,Hackney,195,205,139.2,0.333,False
wedding-planning-coordination,approx,96090,E09000013,Hammersmith and Fulham,175,190,143.6,0.286,False
wedding-planning-coordination,approx,96090,E09000014,Haringey,145,150,134.5,0.31,False
wedding-planning-coordination,approx,96090,E09000015,Harrow,115,120,106.8,0.478,False
wedding-planning-coordination,approx,96090,E09000016,Havering,90,95,149.3,0.316,False
wedding-planning-coordination,approx,96090,E09000017,Hillingdon,150,150,131.6,0.4,False
wedding-planning-coordination,approx,96090,E09000018,Hounslow,120,130,137.8,0.36,False
wedding-planning-coordination,approx,96090,E09000019,Islington,295,300,120.6,0.424,False
wedding-planning-coordination,approx,96090,E09000020,Kensington and Chelsea,250,265,158.1,0.2,False
wedding-planning-coordination,approx,96090,E09000021,Kingston upon Thames,75,75,148.1,0.286,False
wedding-planning-coordination,approx,96090,E09000022,Lambeth,140,155,137.3,0.345,False
wedding-planning-coordination,approx,96090,E09000023,Lewisham,110,110,123.2,0.381,False
wedding-planning-coordination,approx,96090,E09000024,Merton,125,125,153.4,0.208,False
wedding-planning-coordination,approx,96090,E09000025,Newham,110,120,125.7,0.391,False
wedding-planning-coordination,approx,96090,E09000026,Redbridge,125,130,125.7,0.4,False
wedding-planning-coordination,approx,96090,E09000027,Richmond upon Thames,155,170,145.8,0.281,False
wedding-planning-coordination,approx,96090,E09000028,Southwark,155,175,144.3,0.3,False
wedding-planning-coordination,approx,96090,E09000029,Sutton,90,95,158.1,0.278,False
wedding-planning-coordination,approx,96090,E09000030,Tower Hamlets,195,200,116.5,0.447,False
wedding-planning-coordination,approx,96090,E09000031,Waltham Forest,110,115,120.1,0.409,False
wedding-planning-coordination,approx,96090,E09000032,Wandsworth,225,235,135.7,0.318,False
wedding-planning-coordination,approx,96090,E09000033,Westminster,520,555,148.1,0.356,False
wedding-planning-coordination,approx,96090,E92000001,England,23205,24745,146.4,0.327,False
wedding-planning-coordination,approx,96090,E12000007,London,5355,5660,137.0,0.35,False
event-production-small,approx,90020+82302,E09000002,Barking and Dagenham,5,5,,,True
event-production-small,approx,90020+82302,E09000003,Barnet,85,80,107.9,0.467,False
event-production-small,approx,90020+82302,E09000004,Bexley,15,15,,,True
event-production-small,approx,90020+82302,E09000005,Brent,60,65,144.3,0.3,False
event-production-small,approx,90020+82302,E09000006,Bromley,65,65,107.9,0.455,False
event-production-small,approx,90020+82302,E09000007,Camden,255,250,163.0,0.346,False
event-production-small,approx,90020+82302,E09000001,City of London,60,60,297.3,0.154,False
event-production-small,approx,90020+82302,E09000008,Croydon,50,55,84.1,0.6,False
event-production-small,approx,90020+82302,E09000009,Ealing,70,70,100.0,0.5,False
event-production-small,approx,90020+82302,E09000010,Enfield,35,45,,,True
event-production-small,approx,90020+82302,E09000011,Greenwich,50,50,116.5,0.455,False
event-production-small,approx,90020+82302,E09000012,Hackney,220,210,137.3,0.395,False
event-production-small,approx,90020+82302,E09000013,Hammersmith and Fulham,90,85,158.1,0.389,False
event-production-small,approx,90020+82302,E09000014,Haringey,100,100,95.8,0.526,False
event-production-small,approx,90020+82302,E09000015,Harrow,35,35,,,True
event-production-small,approx,90020+82302,E09000016,Havering,15,15,,,True
event-production-small,approx,90020+82302,E09000017,Hillingdon,60,65,100.0,0.5,False
event-production-small,approx,90020+82302,E09000018,Hounslow,35,35,,,True
event-production-small,approx,90020+82302,E09000019,Islington,180,185,146.5,0.361,False
event-production-small,approx,90020+82302,E09000020,Kensington and Chelsea,60,60,125.7,0.455,False
event-production-small,approx,90020+82302,E09000021,Kingston upon Thames,30,30,,,True
event-production-small,approx,90020+82302,E09000022,Lambeth,110,115,95.8,0.522,False
event-production-small,approx,90020+82302,E09000023,Lewisham,80,80,89.1,0.562,False
event-production-small,approx,90020+82302,E09000024,Merton,40,40,112.1,0.429,False
event-production-small,approx,90020+82302,E09000025,Newham,45,45,141.0,0.333,False
event-production-small,approx,90020+82302,E09000026,Redbridge,25,30,,,True
event-production-small,approx,90020+82302,E09000027,Richmond upon Thames,75,75,100.0,0.5,False
event-production-small,approx,90020+82302,E09000028,Southwark,125,125,125.7,0.435,False
event-production-small,approx,90020+82302,E09000029,Sutton,20,20,,,True
event-production-small,approx,90020+82302,E09000030,Tower Hamlets,100,105,129.9,0.4,False
event-production-small,approx,90020+82302,E09000031,Waltham Forest,65,65,120.1,0.417,False
event-production-small,approx,90020+82302,E09000032,Wandsworth,80,85,144.3,0.375,False
event-production-small,approx,90020+82302,E09000033,Westminster,420,430,204.8,0.286,False
event-production-small,approx,90020+82302,E92000001,England,7330,7385,133.0,0.393,False
event-production-small,approx,90020+82302,E12000007,London,2775,2800,140.6,0.379,False
employment-services,exact,78109+78200,E09000002,Barking and Dagenham,100,110,208.1,0.318,False
employment-services,exact,78109+78200,E09000003,Barnet,275,280,191.8,0.245,False
employment-services,exact,78109+78200,E09000004,Bexley,100,120,228.1,0.286,False
employment-services,exact,78109+78200,E09000005,Brent,155,160,228.1,0.179,False
employment-services,exact,78109+78200,E09000006,Bromley,225,230,230.0,0.283,False
employment-services,exact,78109+78200,E09000007,Camden,580,645,254.9,0.188,False
employment-services,exact,78109+78200,E09000001,City of London,620,785,1251.4,0.136,False
employment-services,exact,78109+78200,E09000008,Croydon,190,205,297.3,0.263,False
employment-services,exact,78109+78200,E09000009,Ealing,140,165,237.6,0.185,False
employment-services,exact,78109+78200,E09000010,Enfield,135,155,219.3,0.269,False
employment-services,exact,78109+78200,E09000011,Greenwich,120,125,184.2,0.318,False
employment-services,exact,78109+78200,E09000012,Hackney,395,415,239.3,0.244,False
employment-services,exact,78109+78200,E09000013,Hammersmith and Fulham,185,200,198.8,0.135,False
employment-services,exact,78109+78200,E09000014,Haringey,100,110,167.4,0.263,False
employment-services,exact,78109+78200,E09000015,Harrow,155,165,177.3,0.333,False
employment-services,exact,78109+78200,E09000016,Havering,135,155,272.6,0.222,False
employment-services,exact,78109+78200,E09000017,Hillingdon,145,245,236.1,0.222,False
employment-services,exact,78109+78200,E09000018,Hounslow,165,185,261.1,0.226,False
employment-services,exact,78109+78200,E09000019,Islington,460,485,215.8,0.242,False
employment-services,exact,78109+78200,E09000020,Kensington and Chelsea,205,215,182.9,0.146,False
employment-services,exact,78109+78200,E09000021,Kingston upon Thames,95,110,158.1,0.316,False
employment-services,exact,78109+78200,E09000022,Lambeth,205,225,219.3,0.2,False
employment-services,exact,78109+78200,E09000023,Lewisham,105,115,167.4,0.263,False
employment-services,exact,78109+78200,E09000024,Merton,145,155,217.9,0.226,False
employment-services,exact,78109+78200,E09000025,Newham,165,180,225.8,0.25,False
employment-services,exact,78109+78200,E09000026,Redbridge,210,220,250.0,0.275,False
employment-services,exact,78109+78200,E09000027,Richmond upon Thames,205,215,177.3,0.237,False
employment-services,exact,78109+78200,E09000028,Southwark,230,275,250.0,0.217,False
employment-services,exact,78109+78200,E09000029,Sutton,85,85,146.5,0.353,False
employment-services,exact,78109+78200,E09000030,Tower Hamlets,250,285,277.4,0.204,False
employment-services,exact,78109+78200,E09000031,Waltham Forest,110,115,192.4,0.273,False
employment-services,exact,78109+78200,E09000032,Wandsworth,275,290,166.7,0.236,False
employment-services,exact,78109+78200,E09000033,Westminster,775,880,387.0,0.161,False
employment-services,exact,78109+78200,E92000001,England,25430,30915,240.0,0.238,False
employment-services,exact,78109+78200,E12000007,London,7445,8295,244.8,0.215,False
office-business-support,exact,82110+82990,E09000002,Barking and Dagenham,220,225,420.4,0.116,False
office-business-support,exact,82110+82990,E09000003,Barnet,1125,1130,389.4,0.17,False
office-business-support,exact,82110+82990,E09000004,Bexley,255,260,333.7,0.163,False
office-business-support,exact,82110+82990,E09000005,Brent,515,520,393.3,0.183,False
office-business-support,exact,82110+82990,E09000006,Bromley,515,520,302.7,0.235,False
office-business-support,exact,82110+82990,E09000007,Camden,1835,1865,409.7,0.193,False
office-business-support,exact,82110+82990,E09000001,City of London,1545,1600,483.6,0.239,False
office-business-support,exact,82110+82990,E09000008,Croydon,455,455,304.8,0.239,False
office-business-support,exact,82110+82990,E09000009,Ealing,595,605,357.3,0.195,False
office-business-support,exact,82110+82990,E09000010,Enfield,490,495,353.6,0.186,False
office-business-support,exact,82110+82990,E09000011,Greenwich,360,370,348.5,0.164,False
office-business-support,exact,82110+82990,E09000012,Hackney,1045,1050,359.5,0.184,False
office-business-support,exact,82110+82990,E09000013,Hammersmith and Fulham,655,665,462.9,0.189,False
office-business-support,exact,82110+82990,E09000014,Haringey,515,520,387.8,0.15,False
office-business-support,exact,82110+82990,E09000015,Harrow,520,525,299.6,0.226,False
office-business-support,exact,82110+82990,E09000016,Havering,310,315,333.7,0.18,False
office-business-support,exact,82110+82990,E09000017,Hillingdon,430,445,348.9,0.205,False
office-business-support,exact,82110+82990,E09000018,Hounslow,405,420,364.9,0.205,False
office-business-support,exact,82110+82990,E09000019,Islington,945,970,349.0,0.206,False
office-business-support,exact,82110+82990,E09000020,Kensington and Chelsea,845,865,529.7,0.161,False
office-business-support,exact,82110+82990,E09000021,Kingston upon Thames,285,285,394.0,0.164,False
office-business-support,exact,82110+82990,E09000022,Lambeth,585,600,349.9,0.203,False
office-business-support,exact,82110+82990,E09000023,Lewisham,345,345,399.1,0.164,False
office-business-support,exact,82110+82990,E09000024,Merton,435,435,378.9,0.221,False
office-business-support,exact,82110+82990,E09000025,Newham,440,450,396.9,0.128,False
office-business-support,exact,82110+82990,E09000026,Redbridge,495,500,372.6,0.19,False
office-business-support,exact,82110+82990,E09000027,Richmond upon Thames,530,545,423.9,0.16,False
office-business-support,exact,82110+82990,E09000028,Southwark,685,715,434.2,0.19,False
office-business-support,exact,82110+82990,E09000029,Sutton,265,265,306.5,0.204,False
office-business-support,exact,82110+82990,E09000030,Tower Hamlets,815,840,356.2,0.217,False
office-business-support,exact,82110+82990,E09000031,Waltham Forest,390,395,368.6,0.179,False
office-business-support,exact,82110+82990,E09000032,Wandsworth,735,745,465.6,0.166,False
office-business-support,exact,82110+82990,E09000033,Westminster,3170,3285,385.6,0.254,False
office-business-support,exact,82110+82990,E92000001,England,77710,79205,364.0,0.202,False
office-business-support,exact,82110+82990,E12000007,London,22760,23240,385.3,0.199,False
travel-agencies,exact,79110,E09000002,Barking and Dagenham,30,30,,,True
travel-agencies,exact,79110,E09000003,Barnet,85,85,757.9,0.167,False
travel-agencies,exact,79110,E09000004,Bexley,20,20,,,True
travel-agencies,exact,79110,E09000005,Brent,65,65,500.0,0.25,False
travel-agencies,exact,79110,E09000006,Bromley,35,45,,,True
travel-agencies,exact,79110,E09000007,Camden,115,125,535.9,0.261,False
travel-agencies,exact,79110,E09000001,City of London,55,70,1414.2,0.167,False
travel-agencies,exact,79110,E09000008,Croydon,35,35,,,True
travel-agencies,exact,79110,E09000009,Ealing,65,65,594.6,0.182,False
travel-agencies,exact,79110,E09000010,Enfield,50,55,250.0,0.3,False
travel-agencies,exact,79110,E09000011,Greenwich,25,30,,,True
travel-agencies,exact,79110,E09000012,Hackney,55,60,500.0,0.167,False
travel-agencies,exact,79110,E09000013,Hammersmith and Fulham,55,55,500.0,0.2,False
travel-agencies,exact,79110,E09000014,Haringey,20,25,,,True
travel-agencies,exact,79110,E09000015,Harrow,60,60,500.0,0.333,False
travel-agencies,exact,79110,E09000016,Havering,15,20,,,True
travel-agencies,exact,79110,E09000017,Hillingdon,55,65,561.2,0.273,False
travel-agencies,exact,79110,E09000018,Hounslow,60,65,630.0,0.167,False
travel-agencies,exact,79110,E09000019,Islington,80,80,353.6,0.267,False
travel-agencies,exact,79110,E09000020,Kensington and Chelsea,45,60,594.6,0.222,False
travel-agencies,exact,79110,E09000021,Kingston upon Thames,35,40,,,True
travel-agencies,exact,79110,E09000022,Lambeth,40,40,500.0,0.25,False
travel-agencies,exact,79110,E09000023,Lewisham,15,15,,,True
travel-agencies,exact,79110,E09000024,Merton,35,35,,,True
travel-agencies,exact,79110,E09000025,Newham,70,75,917.0,0.231,False
travel-agencies,exact,79110,E09000026,Redbridge,50,50,561.2,0.222,False
travel-agencies,exact,79110,E09000027,Richmond upon Thames,30,30,,,True
travel-agencies,exact,79110,E09000028,Southwark,35,40,,,True
travel-agencies,exact,79110,E09000029,Sutton,15,20,,,True
travel-agencies,exact,79110,E09000030,Tower Hamlets,105,105,1138.8,0.095,False
travel-agencies,exact,79110,E09000031,Waltham Forest,35,35,,,True
travel-agencies,exact,79110,E09000032,Wandsworth,55,60,561.2,0.182,False
travel-agencies,exact,79110,E09000033,Westminster,185,215,561.2,0.211,False
travel-agencies,exact,79110,E92000001,England,5210,6470,447.7,0.292,False
travel-agencies,exact,79110,E12000007,London,1740,1860,626.2,0.223,False
security-services,exact,80100,E09000002,Barking and Dagenham,120,140,203.9,0.182,False
security-services,exact,80100,E09000003,Barnet,70,100,250.0,0.143,False
security-services,exact,80100,E09000004,Bexley,35,50,,,True
security-services,exact,80100,E09000005,Brent,75,115,214.6,0.143,False
security-services,exact,80100,E09000006,Bromley,40,60,214.6,0.143,False
security-services,exact,80100,E09000007,Camden,95,215,177.3,0.222,False
security-services,exact,80100,E09000001,City of London,35,230,,,True
security-services,exact,80100,E09000008,Croydon,50,90,250.0,0.2,False
security-services,exact,80100,E09000009,Ealing,80,115,187.8,0.133,False
security-services,exact,80100,E09000010,Enfield,65,90,184.2,0.214,False
security-services,exact,80100,E09000011,Greenwich,60,100,250.0,0.167,False
security-services,exact,80100,E09000012,Hackney,90,125,205.4,0.176,False
security-services,exact,80100,E09000013,Hammersmith and Fulham,20,80,,,True
security-services,exact,80100,E09000014,Haringey,40,70,198.8,0.286,False
security-services,exact,80100,E09000015,Harrow,40,50,250.0,0.125,False
security-services,exact,80100,E09000016,Havering,75,105,324.2,0.067,False
security-services,exact,80100,E09000017,Hillingdon,55,125,189.9,0.111,False
security-services,exact,80100,E09000018,Hounslow,60,105,214.6,0.273,False
security-services,exact,80100,E09000019,Islington,100,190,180.2,0.263,False
security-services,exact,80100,E09000020,Kensington and Chelsea,25,65,,,True
security-services,exact,80100,E09000021,Kingston upon Thames,20,30,,,True
security-services,exact,80100,E09000022,Lambeth,50,110,177.3,0.222,False
security-services,exact,80100,E09000023,Lewisham,35,70,,,True
security-services,exact,80100,E09000024,Merton,35,55,,,True
security-services,exact,80100,E09000025,Newham,135,185,214.6,0.222,False
security-services,exact,80100,E09000026,Redbridge,170,195,234.2,0.118,False
security-services,exact,80100,E09000027,Richmond upon Thames,20,35,,,True
security-services,exact,80100,E09000028,Southwark,40,135,177.3,0.222,False
security-services,exact,80100,E09000029,Sutton,20,40,,,True
security-services,exact,80100,E09000030,Tower Hamlets,35,130,,,True
security-services,exact,80100,E09000031,Waltham Forest,85,100,214.6,0.188,False
security-services,exact,80100,E09000032,Wandsworth,40,75,135.7,0.375,False
security-services,exact,80100,E09000033,Westminster,125,465,297.3,0.125,False
security-services,exact,80100,E92000001,England,6630,11180,222.0,0.186,False
security-services,exact,80100,E12000007,London,2045,3840,216.3,0.181,False
cleaning-services,exact,81210+81229,E09000002,Barking and Dagenham,115,155,137.8,0.348,False
cleaning-services,exact,81210+81229,E09000003,Barnet,155,215,148.1,0.3,False
cleaning-services,exact,81210+81229,E09000004,Bexley,80,115,158.1,0.312,False
cleaning-services,exact,81210+81229,E09000005,Brent,110,155,133.2,0.381,False
cleaning-services,exact,81210+81229,E09000006,Bromley,140,190,151.7,0.321,False
cleaning-services,exact,81210+81229,E09000007,Camden,120,385,137.3,0.304,False
cleaning-services,exact,81210+81229,E09000001,City of London,30,315,,,True
cleaning-services,exact,81210+81229,E09000008,Croydon,135,190,125.7,0.385,False
cleaning-services,exact,81210+81229,E09000009,Ealing,100,155,141.0,0.333,False
cleaning-services,exact,81210+81229,E09000010,Enfield,230,270,166.9,0.298,False
cleaning-services,exact,81210+81229,E09000011,Greenwich,100,160,116.5,0.45,False
cleaning-services,exact,81210+81229,E09000012,Hackney,140,230,133.8,0.37,False
cleaning-services,exact,81210+81229,E09000013,Hammersmith and Fulham,50,125,177.3,0.222,False
cleaning-services,exact,81210+81229,E09000014,Haringey,115,165,131.6,0.375,False
cleaning-services,exact,81210+81229,E09000015,Harrow,95,125,144.3,0.3,False
cleaning-services,exact,81210+81229,E09000016,Havering,120,170,133.8,0.36,False
cleaning-services,exact,81210+81229,E09000017,Hillingdon,80,160,158.1,0.333,False
cleaning-services,exact,81210+81229,E09000018,Hounslow,90,155,138.7,0.353,False
cleaning-services,exact,81210+81229,E09000019,Islington,125,290,142.8,0.348,False
cleaning-services,exact,81210+81229,E09000020,Kensington and Chelsea,50,170,158.1,0.125,False
cleaning-services,exact,81210+81229,E09000021,Kingston upon Thames,65,105,144.3,0.333,False
cleaning-services,exact,81210+81229,E09000022,Lambeth,120,200,151.0,0.304,False
cleaning-services,exact,81210+81229,E09000023,Lewisham,85,120,168.8,0.25,False
cleaning-services,exact,81210+81229,E09000024,Merton,90,175,133.2,0.353,False
cleaning-services,exact,81210+81229,E09000025,Newham,150,240,137.3,0.355,False
cleaning-services,exact,81210+81229,E09000026,Redbridge,135,160,142.8,0.36,False
cleaning-services,exact,81210+81229,E09000027,Richmond upon Thames,40,60,158.1,0.286,False
cleaning-services,exact,81210+81229,E09000028,Southwark,75,280,109.6,0.462,False
cleaning-services,exact,81210+81229,E09000029,Sutton,95,130,166.4,0.25,False
cleaning-services,exact,81210+81229,E09000030,Tower Hamlets,65,225,135.7,0.333,False
cleaning-services,exact,81210+81229,E09000031,Waltham Forest,140,160,128.4,0.385,False
cleaning-services,exact,81210+81229,E09000032,Wandsworth,100,175,125.7,0.4,False
cleaning-services,exact,81210+81229,E09000033,Westminster,135,800,151.0,0.333,False
cleaning-services,exact,81210+81229,E92000001,England,15190,28760,157.8,0.282,False
cleaning-services,exact,81210+81229,E12000007,London,3485,6730,145.5,0.332,False
landscaping-lawn-care,exact,81300,E09000002,Barking and Dagenham,15,15,,,True
landscaping-lawn-care,exact,81300,E09000003,Barnet,95,100,171.8,0.158,False
landscaping-lawn-care,exact,81300,E09000004,Bexley,25,25,,,True
landscaping-lawn-care,exact,81300,E09000005,Brent,40,40,158.1,0.143,False
landscaping-lawn-care,exact,81300,E09000006,Bromley,125,125,153.7,0.2,False
landscaping-lawn-care,exact,81300,E09000007,Camden,45,50,189.9,0.111,False
landscaping-lawn-care,exact,81300,E09000001,City of London,5,10,,,True
landscaping-lawn-care,exact,81300,E09000008,Croydon,85,85,158.1,0.176,False
landscaping-lawn-care,exact,81300,E09000009,Ealing,55,55,198.8,0.091,False
landscaping-lawn-care,exact,81300,E09000010,Enfield,85,90,158.1,0.176,False
landscaping-lawn-care,exact,81300,E09000011,Greenwich,35,35,,,True
landscaping-lawn-care,exact,81300,E09000012,Hackney,40,40,177.3,0.143,False
landscaping-lawn-care,exact,81300,E09000013,Hammersmith and Fulham,30,30,,,True
landscaping-lawn-care,exact,81300,E09000014,Haringey,60,60,205.4,0.077,False
landscaping-lawn-care,exact,81300,E09000015,Harrow,35,35,,,True
landscaping-lawn-care,exact,81300,E09000016,Havering,30,30,,,True
landscaping-lawn-care,exact,81300,E09000017,Hillingdon,50,55,158.1,0.2,False
landscaping-lawn-care,exact,81300,E09000018,Hounslow,40,45,173.3,0.125,False
landscaping-lawn-care,exact,81300,E09000019,Islington,30,30,,,True
landscaping-lawn-care,exact,81300,E09000020,Kensington and Chelsea,25,30,,,True
landscaping-lawn-care,exact,81300,E09000021,Kingston upon Thames,45,50,189.9,0.111,False
landscaping-lawn-care,exact,81300,E09000022,Lambeth,45,50,198.8,0.125,False
landscaping-lawn-care,exact,81300,E09000023,Lewisham,30,35,,,True
landscaping-lawn-care,exact,81300,E09000024,Merton,60,60,168.8,0.167,False
landscaping-lawn-care,exact,81300,E09000025,Newham,25,30,,,True
landscaping-lawn-care,exact,81300,E09000026,Redbridge,25,25,,,True
landscaping-lawn-care,exact,81300,E09000027,Richmond upon Thames,65,70,167.4,0.154,False
landscaping-lawn-care,exact,81300,E09000028,Southwark,30,40,,,True
landscaping-lawn-care,exact,81300,E09000029,Sutton,85,90,158.1,0.176,False
landscaping-lawn-care,exact,81300,E09000030,Tower Hamlets,30,35,,,True
landscaping-lawn-care,exact,81300,E09000031,Waltham Forest,40,40,146.5,0.143,False
landscaping-lawn-care,exact,81300,E09000032,Wandsworth,60,65,192.4,0.083,False
landscaping-lawn-care,exact,81300,E09000033,Westminster,35,45,,,True
landscaping-lawn-care,exact,81300,E92000001,England,19855,20290,165.1,0.208,False
landscaping-lawn-care,exact,81300,E12000007,London,1535,1615,173.4,0.138,False
pest-control-local,exact,81291,E09000002,Barking and Dagenham,0,0,,,True
pest-control-local,exact,81291,E09000003,Barnet,10,10,,,True
pest-control-local,exact,81291,E09000004,Bexley,5,5,,,True
pest-control-local,exact,81291,E09000005,Brent,5,5,,,True
pest-control-local,exact,81291,E09000006,Bromley,10,10,,,True
pest-control-local,exact,81291,E09000007,Camden,5,5,,,True
pest-control-local,exact,81291,E09000001,City of London,5,5,,,True
pest-control-local,exact,81291,E09000008,Croydon,5,5,,,True
pest-control-local,exact,81291,E09000009,Ealing,10,10,,,True
pest-control-local,exact,81291,E09000010,Enfield,10,10,,,True
pest-control-local,exact,81291,E09000011,Greenwich,5,5,,,True
pest-control-local,exact,81291,E09000012,Hackney,5,5,,,True
pest-control-local,exact,81291,E09000013,Hammersmith and Fulham,0,0,,,True
pest-control-local,exact,81291,E09000014,Haringey,5,5,,,True
pest-control-local,exact,81291,E09000015,Harrow,0,0,,,True
pest-control-local,exact,81291,E09000016,Havering,10,10,,,True
pest-control-local,exact,81291,E09000017,Hillingdon,5,10,,,True
pest-control-local,exact,81291,E09000018,Hounslow,5,5,,,True
pest-control-local,exact,81291,E09000019,Islington,5,5,,,True
pest-control-local,exact,81291,E09000020,Kensington and Chelsea,5,5,,,True
pest-control-local,exact,81291,E09000021,Kingston upon Thames,5,5,,,True
pest-control-local,exact,81291,E09000022,Lambeth,5,5,,,True
pest-control-local,exact,81291,E09000023,Lewisham,5,5,,,True
pest-control-local,exact,81291,E09000024,Merton,5,5,,,True
pest-control-local,exact,81291,E09000025,Newham,5,5,,,True
pest-control-local,exact,81291,E09000026,Redbridge,5,10,,,True
pest-control-local,exact,81291,E09000027,Richmond upon Thames,0,0,,,True
pest-control-local,exact,81291,E09000028,Southwark,5,5,,,True
pest-control-local,exact,81291,E09000029,Sutton,5,5,,,True
pest-control-local,exact,81291,E09000030,Tower Hamlets,0,0,,,True
pest-control-local,exact,81291,E09000031,Waltham Forest,10,10,,,True
pest-control-local,exact,81291,E09000032,Wandsworth,5,5,,,True
pest-control-local,exact,81291,E09000033,Westminster,0,0,,,True
pest-control-local,exact,81291,E92000001,England,960,990,138.8,0.361,False
pest-control-local,exact,81291,E12000007,London,155,160,145.5,0.355,False
window-washing,exact,81221,E09000002,Barking and Dagenham,10,10,,,True
window-washing,exact,81221,E09000003,Barnet,10,10,,,True
window-washing,exact,81221,E09000004,Bexley,10,15,,,True
window-washing,exact,81221,E09000005,Brent,5,5,,,True
window-washing,exact,81221,E09000006,Bromley,15,15,,,True
window-washing,exact,81221,E09000007,Camden,10,5,,,True
window-washing,exact,81221,E09000001,City of London,0,0,,,True
window-washing,exact,81221,E09000008,Croydon,15,15,,,True
window-washing,exact,81221,E09000009,Ealing,10,10,,,True
window-washing,exact,81221,E09000010,Enfield,15,15,,,True
window-washing,exact,81221,E09000011,Greenwich,5,5,,,True
window-washing,exact,81221,E09000012,Hackney,5,5,,,True
window-washing,exact,81221,E09000013,Hammersmith and Fulham,5,5,,,True
window-washing,exact,81221,E09000014,Haringey,5,5,,,True
window-washing,exact,81221,E09000015,Harrow,5,5,,,True
window-washing,exact,81221,E09000016,Havering,15,15,,,True
window-washing,exact,81221,E09000017,Hillingdon,5,10,,,True
window-washing,exact,81221,E09000018,Hounslow,10,10,,,True
window-washing,exact,81221,E09000019,Islington,5,5,,,True
window-washing,exact,81221,E09000020,Kensington and Chelsea,0,0,,,True
window-washing,exact,81221,E09000021,Kingston upon Thames,5,5,,,True
window-washing,exact,81221,E09000022,Lambeth,10,10,,,True
window-washing,exact,81221,E09000023,Lewisham,10,10,,,True
window-washing,exact,81221,E09000024,Merton,0,0,,,True
window-washing,exact,81221,E09000025,Newham,5,5,,,True
window-washing,exact,81221,E09000026,Redbridge,10,10,,,True
window-washing,exact,81221,E09000027,Richmond upon Thames,5,5,,,True
window-washing,exact,81221,E09000028,Southwark,5,10,,,True
window-washing,exact,81221,E09000029,Sutton,10,10,,,True
window-washing,exact,81221,E09000030,Tower Hamlets,5,5,,,True
window-washing,exact,81221,E09000031,Waltham Forest,5,5,,,True
window-washing,exact,81221,E09000032,Wandsworth,5,5,,,True
window-washing,exact,81221,E09000033,Westminster,5,5,,,True
window-washing,exact,81221,E92000001,England,2480,2490,94.0,0.529,False
window-washing,exact,81221,E12000007,London,245,260,82.3,0.592,False
vocational-other-training,shared,85590,E09000002,Barking and Dagenham,50,60,158.1,0.25,False
vocational-other-training,shared,85590,E09000003,Barnet,210,220,134.2,0.39,False
vocational-other-training,shared,85590,E09000004,Bexley,55,65,93.3,0.545,False
vocational-other-training,shared,85590,E09000005,Brent,90,100,107.9,0.471,False
vocational-other-training,shared,85590,E09000006,Bromley,90,105,146.5,0.353,False
vocational-other-training,shared,85590,E09000007,Camden,340,350,128.7,0.42,False
vocational-other-training,shared,85590,E09000001,City of London,145,160,272.6,0.276,False
vocational-other-training,shared,85590,E09000008,Croydon,110,125,114.0,0.455,False
vocational-other-training,shared,85590,E09000009,Ealing,115,125,133.2,0.391,False
vocational-other-training,shared,85590,E09000010,Enfield,110,125,114.0,0.455,False
vocational-other-training,shared,85590,E09000011,Greenwich,85,95,125.7,0.412,False
vocational-other-training,shared,85590,E09000012,Hackney,210,235,139.5,0.405,False
vocational-other-training,shared,85590,E09000013,Hammersmith and Fulham,90,95,144.3,0.389,False
vocational-other-training,shared,85590,E09000014,Haringey,105,115,121.7,0.421,False
vocational-other-training,shared,85590,E09000015,Harrow,100,100,131.6,0.429,False
vocational-other-training,shared,85590,E09000016,Havering,75,75,109.6,0.467,False
vocational-other-training,shared,85590,E09000017,Hillingdon,80,90,94.4,0.533,False
vocational-other-training,shared,85590,E09000018,Hounslow,75,85,125.7,0.429,False
vocational-other-training,shared,85590,E09000019,Islington,230,235,112.1,0.468,False
vocational-other-training,shared,85590,E09000020,Kensington and Chelsea,85,95,125.7,0.444,False
vocational-other-training,shared,85590,E09000021,Kingston upon Thames,70,75,131.6,0.385,False
vocational-other-training,shared,85590,E09000022,Lambeth,115,130,158.1,0.375,False
vocational-other-training,shared,85590,E09000023,Lewisham,75,80,120.1,0.438,False
vocational-other-training,shared,85590,E09000024,Merton,85,95,84.1,0.647,False
vocational-other-training,shared,85590,E09000025,Newham,125,135,141.0,0.375,False
vocational-other-training,shared,85590,E09000026,Redbridge,130,135,122.6,0.423,False
vocational-other-training,shared,85590,E09000027,Richmond upon Thames,120,125,138.7,0.391,False
vocational-other-training,shared,85590,E09000028,Southwark,135,150,192.4,0.308,False
vocational-other-training,shared,85590,E09000029,Sutton,45,50,135.7,0.375,False
vocational-other-training,shared,85590,E09000030,Tower Hamlets,185,200,151.7,0.361,False
vocational-other-training,shared,85590,E09000031,Waltham Forest,85,90,95.2,0.529,False
vocational-other-training,shared,85590,E09000032,Wandsworth,105,115,120.1,0.45,False
vocational-other-training,shared,85590,E09000033,Westminster,320,340,144.3,0.406,False
vocational-other-training,shared,85590,E92000001,England,16880,19525,132.1,0.408,False
vocational-other-training,shared,85590,E12000007,London,4035,4365,131.8,0.411,False
tutoring-centers,shared,85590,E09000002,Barking and Dagenham,50,60,158.1,0.25,False
tutoring-centers,shared,85590,E09000003,Barnet,210,220,134.2,0.39,False
tutoring-centers,shared,85590,E09000004,Bexley,55,65,93.3,0.545,False
tutoring-centers,shared,85590,E09000005,Brent,90,100,107.9,0.471,False
tutoring-centers,shared,85590,E09000006,Bromley,90,105,146.5,0.353,False
tutoring-centers,shared,85590,E09000007,Camden,340,350,128.7,0.42,False
tutoring-centers,shared,85590,E09000001,City of London,145,160,272.6,0.276,False
tutoring-centers,shared,85590,E09000008,Croydon,110,125,114.0,0.455,False
tutoring-centers,shared,85590,E09000009,Ealing,115,125,133.2,0.391,False
tutoring-centers,shared,85590,E09000010,Enfield,110,125,114.0,0.455,False
tutoring-centers,shared,85590,E09000011,Greenwich,85,95,125.7,0.412,False
tutoring-centers,shared,85590,E09000012,Hackney,210,235,139.5,0.405,False
tutoring-centers,shared,85590,E09000013,Hammersmith and Fulham,90,95,144.3,0.389,False
tutoring-centers,shared,85590,E09000014,Haringey,105,115,121.7,0.421,False
tutoring-centers,shared,85590,E09000015,Harrow,100,100,131.6,0.429,False
tutoring-centers,shared,85590,E09000016,Havering,75,75,109.6,0.467,False
tutoring-centers,shared,85590,E09000017,Hillingdon,80,90,94.4,0.533,False
tutoring-centers,shared,85590,E09000018,Hounslow,75,85,125.7,0.429,False
tutoring-centers,shared,85590,E09000019,Islington,230,235,112.1,0.468,False
tutoring-centers,shared,85590,E09000020,Kensington and Chelsea,85,95,125.7,0.444,False
tutoring-centers,shared,85590,E09000021,Kingston upon Thames,70,75,131.6,0.385,False
tutoring-centers,shared,85590,E09000022,Lambeth,115,130,158.1,0.375,False
tutoring-centers,shared,85590,E09000023,Lewisham,75,80,120.1,0.438,False
tutoring-centers,shared,85590,E09000024,Merton,85,95,84.1,0.647,False
tutoring-centers,shared,85590,E09000025,Newham,125,135,141.0,0.375,False
tutoring-centers,shared,85590,E09000026,Redbridge,130,135,122.6,0.423,False
tutoring-centers,shared,85590,E09000027,Richmond upon Thames,120,125,138.7,0.391,False
tutoring-centers,shared,85590,E09000028,Southwark,135,150,192.4,0.308,False
tutoring-centers,shared,85590,E09000029,Sutton,45,50,135.7,0.375,False
tutoring-centers,shared,85590,E09000030,Tower Hamlets,185,200,151.7,0.361,False
tutoring-centers,shared,85590,E09000031,Waltham Forest,85,90,95.2,0.529,False
tutoring-centers,shared,85590,E09000032,Wandsworth,105,115,120.1,0.45,False
tutoring-centers,shared,85590,E09000033,Westminster,320,340,144.3,0.406,False
tutoring-centers,shared,85590,E92000001,England,16880,19525,132.1,0.408,False
tutoring-centers,shared,85590,E12000007,London,4035,4365,131.8,0.411,False
language-schools,shared,85590,E09000002,Barking and Dagenham,50,60,158.1,0.25,False
language-schools,shared,85590,E09000003,Barnet,210,220,134.2,0.39,False
language-schools,shared,85590,E09000004,Bexley,55,65,93.3,0.545,False
language-schools,shared,85590,E09000005,Brent,90,100,107.9,0.471,False
language-schools,shared,85590,E09000006,Bromley,90,105,146.5,0.353,False
language-schools,shared,85590,E09000007,Camden,340,350,128.7,0.42,False
language-schools,shared,85590,E09000001,City of London,145,160,272.6,0.276,False
language-schools,shared,85590,E09000008,Croydon,110,125,114.0,0.455,False
language-schools,shared,85590,E09000009,Ealing,115,125,133.2,0.391,False
language-schools,shared,85590,E09000010,Enfield,110,125,114.0,0.455,False
language-schools,shared,85590,E09000011,Greenwich,85,95,125.7,0.412,False
language-schools,shared,85590,E09000012,Hackney,210,235,139.5,0.405,False
language-schools,shared,85590,E09000013,Hammersmith and Fulham,90,95,144.3,0.389,False
language-schools,shared,85590,E09000014,Haringey,105,115,121.7,0.421,False
language-schools,shared,85590,E09000015,Harrow,100,100,131.6,0.429,False
language-schools,shared,85590,E09000016,Havering,75,75,109.6,0.467,False
language-schools,shared,85590,E09000017,Hillingdon,80,90,94.4,0.533,False
language-schools,shared,85590,E09000018,Hounslow,75,85,125.7,0.429,False
language-schools,shared,85590,E09000019,Islington,230,235,112.1,0.468,False
language-schools,shared,85590,E09000020,Kensington and Chelsea,85,95,125.7,0.444,False
language-schools,shared,85590,E09000021,Kingston upon Thames,70,75,131.6,0.385,False
language-schools,shared,85590,E09000022,Lambeth,115,130,158.1,0.375,False
language-schools,shared,85590,E09000023,Lewisham,75,80,120.1,0.438,False
language-schools,shared,85590,E09000024,Merton,85,95,84.1,0.647,False
language-schools,shared,85590,E09000025,Newham,125,135,141.0,0.375,False
language-schools,shared,85590,E09000026,Redbridge,130,135,122.6,0.423,False
language-schools,shared,85590,E09000027,Richmond upon Thames,120,125,138.7,0.391,False
language-schools,shared,85590,E09000028,Southwark,135,150,192.4,0.308,False
language-schools,shared,85590,E09000029,Sutton,45,50,135.7,0.375,False
language-schools,shared,85590,E09000030,Tower Hamlets,185,200,151.7,0.361,False
language-schools,shared,85590,E09000031,Waltham Forest,85,90,95.2,0.529,False
language-schools,shared,85590,E09000032,Wandsworth,105,115,120.1,0.45,False
language-schools,shared,85590,E09000033,Westminster,320,340,144.3,0.406,False
language-schools,shared,85590,E92000001,England,16880,19525,132.1,0.408,False
language-schools,shared,85590,E12000007,London,4035,4365,131.8,0.411,False
music-schools-private-lessons,shared,85520,E09000002,Barking and Dagenham,10,10,,,True
music-schools-private-lessons,shared,85520,E09000003,Barnet,30,30,,,True
music-schools-private-lessons,shared,85520,E09000004,Bexley,10,10,,,True
music-schools-private-lessons,shared,85520,E09000005,Brent,15,15,,,True
music-schools-private-lessons,shared,85520,E09000006,Bromley,20,20,,,True
music-schools-private-lessons,shared,85520,E09000007,Camden,40,45,100.0,0.5,False
music-schools-private-lessons,shared,85520,E09000001,City of London,10,10,,,True
music-schools-private-lessons,shared,85520,E09000008,Croydon,15,15,,,True
music-schools-private-lessons,shared,85520,E09000009,Ealing,15,15,,,True
music-schools-private-lessons,shared,85520,E09000010,Enfield,10,10,,,True
music-schools-private-lessons,shared,85520,E09000011,Greenwich,10,10,,,True
music-schools-private-lessons,shared,85520,E09000012,Hackney,40,45,116.5,0.429,False
music-schools-private-lessons,shared,85520,E09000013,Hammersmith and Fulham,15,15,,,True
music-schools-private-lessons,shared,85520,E09000014,Haringey,15,10,,,True
music-schools-private-lessons,shared,85520,E09000015,Harrow,15,15,,,True
music-schools-private-lessons,shared,85520,E09000016,Havering,10,10,,,True
music-schools-private-lessons,shared,85520,E09000017,Hillingdon,5,5,,,True
music-schools-private-lessons,shared,85520,E09000018,Hounslow,10,10,,,True
music-schools-private-lessons,shared,85520,E09000019,Islington,20,20,,,True
music-schools-private-lessons,shared,85520,E09000020,Kensington and Chelsea,10,10,,,True
music-schools-private-lessons,shared,85520,E09000021,Kingston upon Thames,10,10,,,True
music-schools-private-lessons,shared,85520,E09000022,Lambeth,25,25,,,True
music-schools-private-lessons,shared,85520,E09000023,Lewisham,10,10,,,True
music-schools-private-lessons,shared,85520,E09000024,Merton,5,5,,,True
music-schools-private-lessons,shared,85520,E09000025,Newham,20,20,,,True
music-schools-private-lessons,shared,85520,E09000026,Redbridge,10,10,,,True
music-schools-private-lessons,shared,85520,E09000027,Richmond upon Thames,20,20,,,True
music-schools-private-lessons,shared,85520,E09000028,Southwark,20,20,,,True
music-schools-private-lessons,shared,85520,E09000029,Sutton,10,10,,,True
music-schools-private-lessons,shared,85520,E09000030,Tower Hamlets,40,40,116.5,0.444,False
music-schools-private-lessons,shared,85520,E09000031,Waltham Forest,10,10,,,True
music-schools-private-lessons,shared,85520,E09000032,Wandsworth,15,15,,,True
music-schools-private-lessons,shared,85520,E09000033,Westminster,40,40,116.5,0.444,False
music-schools-private-lessons,shared,85520,E92000001,England,2075,2095,130.8,0.372,False
music-schools-private-lessons,shared,85520,E12000007,London,545,550,120.4,0.422,False
dance-studios,shared,85520,E09000002,Barking and Dagenham,10,10,,,True
dance-studios,shared,85520,E09000003,Barnet,30,30,,,True
dance-studios,shared,85520,E09000004,Bexley,10,10,,,True
dance-studios,shared,85520,E09000005,Brent,15,15,,,True
dance-studios,shared,85520,E09000006,Bromley,20,20,,,True
dance-studios,shared,85520,E09000007,Camden,40,45,100.0,0.5,False
dance-studios,shared,85520,E09000001,City of London,10,10,,,True
dance-studios,shared,85520,E09000008,Croydon,15,15,,,True
dance-studios,shared,85520,E09000009,Ealing,15,15,,,True
dance-studios,shared,85520,E09000010,Enfield,10,10,,,True
dance-studios,shared,85520,E09000011,Greenwich,10,10,,,True
dance-studios,shared,85520,E09000012,Hackney,40,45,116.5,0.429,False
dance-studios,shared,85520,E09000013,Hammersmith and Fulham,15,15,,,True
dance-studios,shared,85520,E09000014,Haringey,15,10,,,True
dance-studios,shared,85520,E09000015,Harrow,15,15,,,True
dance-studios,shared,85520,E09000016,Havering,10,10,,,True
dance-studios,shared,85520,E09000017,Hillingdon,5,5,,,True
dance-studios,shared,85520,E09000018,Hounslow,10,10,,,True
dance-studios,shared,85520,E09000019,Islington,20,20,,,True
dance-studios,shared,85520,E09000020,Kensington and Chelsea,10,10,,,True
dance-studios,shared,85520,E09000021,Kingston upon Thames,10,10,,,True
dance-studios,shared,85520,E09000022,Lambeth,25,25,,,True
dance-studios,shared,85520,E09000023,Lewisham,10,10,,,True
dance-studios,shared,85520,E09000024,Merton,5,5,,,True
dance-studios,shared,85520,E09000025,Newham,20,20,,,True
dance-studios,shared,85520,E09000026,Redbridge,10,10,,,True
dance-studios,shared,85520,E09000027,Richmond upon Thames,20,20,,,True
dance-studios,shared,85520,E09000028,Southwark,20,20,,,True
dance-studios,shared,85520,E09000029,Sutton,10,10,,,True
dance-studios,shared,85520,E09000030,Tower Hamlets,40,40,116.5,0.444,False
dance-studios,shared,85520,E09000031,Waltham Forest,10,10,,,True
dance-studios,shared,85520,E09000032,Wandsworth,15,15,,,True
dance-studios,shared,85520,E09000033,Westminster,40,40,116.5,0.444,False
dance-studios,shared,85520,E92000001,England,2075,2095,130.8,0.372,False
dance-studios,shared,85520,E12000007,London,545,550,120.4,0.422,False
driving-schools,exact,85530,E09000002,Barking and Dagenham,15,15,,,True
driving-schools,exact,85530,E09000003,Barnet,10,10,,,True
driving-schools,exact,85530,E09000004,Bexley,10,10,,,True
driving-schools,exact,85530,E09000005,Brent,20,25,,,True
driving-schools,exact,85530,E09000006,Bromley,5,5,,,True
driving-schools,exact,85530,E09000007,Camden,15,15,,,True
driving-schools,exact,85530,E09000001,City of London,5,5,,,True
driving-schools,exact,85530,E09000008,Croydon,15,15,,,True
driving-schools,exact,85530,E09000009,Ealing,25,25,,,True
driving-schools,exact,85530,E09000010,Enfield,15,15,,,True
driving-schools,exact,85530,E09000011,Greenwich,5,5,,,True
driving-schools,exact,85530,E09000012,Hackney,10,10,,,True
driving-schools,exact,85530,E09000013,Hammersmith and Fulham,5,5,,,True
driving-schools,exact,85530,E09000014,Haringey,10,10,,,True
driving-schools,exact,85530,E09000015,Harrow,20,20,,,True
driving-schools,exact,85530,E09000016,Havering,5,5,,,True
driving-schools,exact,85530,E09000017,Hillingdon,25,25,,,True
driving-schools,exact,85530,E09000018,Hounslow,20,25,,,True
driving-schools,exact,85530,E09000019,Islington,5,5,,,True
driving-schools,exact,85530,E09000020,Kensington and Chelsea,5,5,,,True
driving-schools,exact,85530,E09000021,Kingston upon Thames,10,10,,,True
driving-schools,exact,85530,E09000022,Lambeth,0,0,,,True
driving-schools,exact,85530,E09000023,Lewisham,5,5,,,True
driving-schools,exact,85530,E09000024,Merton,25,20,,,True
driving-schools,exact,85530,E09000025,Newham,20,20,,,True
driving-schools,exact,85530,E09000026,Redbridge,25,25,,,True
driving-schools,exact,85530,E09000027,Richmond upon Thames,0,0,,,True
driving-schools,exact,85530,E09000028,Southwark,5,5,,,True
driving-schools,exact,85530,E09000029,Sutton,10,15,,,True
driving-schools,exact,85530,E09000030,Tower Hamlets,10,10,,,True
driving-schools,exact,85530,E09000031,Waltham Forest,15,15,,,True
driving-schools,exact,85530,E09000032,Wandsworth,15,15,,,True
driving-schools,exact,85530,E09000033,Westminster,15,15,,,True
driving-schools,exact,85530,E92000001,England,1965,2005,100.9,0.496,False
driving-schools,exact,85530,E12000007,London,395,400,101.3,0.494,False
martial-arts-dojos,shared,85510,E09000002,Barking and Dagenham,5,0,,,True
martial-arts-dojos,shared,85510,E09000003,Barnet,55,60,135.7,0.4,False
martial-arts-dojos,shared,85510,E09000004,Bexley,30,30,,,True
martial-arts-dojos,shared,85510,E09000005,Brent,30,30,,,True
martial-arts-dojos,shared,85510,E09000006,Bromley,35,35,,,True
martial-arts-dojos,shared,85510,E09000007,Camden,55,55,93.3,0.545,False
martial-arts-dojos,shared,85510,E09000001,City of London,5,5,,,True
martial-arts-dojos,shared,85510,E09000008,Croydon,35,35,,,True
martial-arts-dojos,shared,85510,E09000009,Ealing,25,25,,,True
martial-arts-dojos,shared,85510,E09000010,Enfield,35,35,,,True
martial-arts-dojos,shared,85510,E09000011,Greenwich,20,20,,,True
martial-arts-dojos,shared,85510,E09000012,Hackney,45,45,93.3,0.556,False
martial-arts-dojos,shared,85510,E09000013,Hammersmith and Fulham,35,40,,,True
martial-arts-dojos,shared,85510,E09000014,Haringey,30,30,,,True
martial-arts-dojos,shared,85510,E09000015,Harrow,20,20,,,True
martial-arts-dojos,shared,85510,E09000016,Havering,20,25,,,True
martial-arts-dojos,shared,85510,E09000017,Hillingdon,30,30,,,True
martial-arts-dojos,shared,85510,E09000018,Hounslow,25,30,,,True
martial-arts-dojos,shared,85510,E09000019,Islington,40,35,125.7,0.429,False
martial-arts-dojos,shared,85510,E09000020,Kensington and Chelsea,15,20,,,True
martial-arts-dojos,shared,85510,E09000021,Kingston upon Thames,35,35,,,True
martial-arts-dojos,shared,85510,E09000022,Lambeth,30,30,,,True
martial-arts-dojos,shared,85510,E09000023,Lewisham,35,35,,,True
martial-arts-dojos,shared,85510,E09000024,Merton,35,35,,,True
martial-arts-dojos,shared,85510,E09000025,Newham,10,15,,,True
martial-arts-dojos,shared,85510,E09000026,Redbridge,30,30,,,True
martial-arts-dojos,shared,85510,E09000027,Richmond upon Thames,35,35,,,True
martial-arts-dojos,shared,85510,E09000028,Southwark,30,30,,,True
martial-arts-dojos,shared,85510,E09000029,Sutton,20,20,,,True
martial-arts-dojos,shared,85510,E09000030,Tower Hamlets,35,40,,,True
martial-arts-dojos,shared,85510,E09000031,Waltham Forest,25,25,,,True
martial-arts-dojos,shared,85510,E09000032,Wandsworth,60,60,120.1,0.417,False
martial-arts-dojos,shared,85510,E09000033,Westminster,50,50,91.7,0.556,False
martial-arts-dojos,shared,85510,E92000001,England,5875,5970,132.2,0.377,False
martial-arts-dojos,shared,85510,E12000007,London,1015,1030,112.7,0.455,False
coding-bootcamps-schools,shared,85590,E09000002,Barking and Dagenham,50,60,158.1,0.25,False
coding-bootcamps-schools,shared,85590,E09000003,Barnet,210,220,134.2,0.39,False
coding-bootcamps-schools,shared,85590,E09000004,Bexley,55,65,93.3,0.545,False
coding-bootcamps-schools,shared,85590,E09000005,Brent,90,100,107.9,0.471,False
coding-bootcamps-schools,shared,85590,E09000006,Bromley,90,105,146.5,0.353,False
coding-bootcamps-schools,shared,85590,E09000007,Camden,340,350,128.7,0.42,False
coding-bootcamps-schools,shared,85590,E09000001,City of London,145,160,272.6,0.276,False
coding-bootcamps-schools,shared,85590,E09000008,Croydon,110,125,114.0,0.455,False
coding-bootcamps-schools,shared,85590,E09000009,Ealing,115,125,133.2,0.391,False
coding-bootcamps-schools,shared,85590,E09000010,Enfield,110,125,114.0,0.455,False
coding-bootcamps-schools,shared,85590,E09000011,Greenwich,85,95,125.7,0.412,False
coding-bootcamps-schools,shared,85590,E09000012,Hackney,210,235,139.5,0.405,False
coding-bootcamps-schools,shared,85590,E09000013,Hammersmith and Fulham,90,95,144.3,0.389,False
coding-bootcamps-schools,shared,85590,E09000014,Haringey,105,115,121.7,0.421,False
coding-bootcamps-schools,shared,85590,E09000015,Harrow,100,100,131.6,0.429,False
coding-bootcamps-schools,shared,85590,E09000016,Havering,75,75,109.6,0.467,False
coding-bootcamps-schools,shared,85590,E09000017,Hillingdon,80,90,94.4,0.533,False
coding-bootcamps-schools,shared,85590,E09000018,Hounslow,75,85,125.7,0.429,False
coding-bootcamps-schools,shared,85590,E09000019,Islington,230,235,112.1,0.468,False
coding-bootcamps-schools,shared,85590,E09000020,Kensington and Chelsea,85,95,125.7,0.444,False
coding-bootcamps-schools,shared,85590,E09000021,Kingston upon Thames,70,75,131.6,0.385,False
coding-bootcamps-schools,shared,85590,E09000022,Lambeth,115,130,158.1,0.375,False
coding-bootcamps-schools,shared,85590,E09000023,Lewisham,75,80,120.1,0.438,False
coding-bootcamps-schools,shared,85590,E09000024,Merton,85,95,84.1,0.647,False
coding-bootcamps-schools,shared,85590,E09000025,Newham,125,135,141.0,0.375,False
coding-bootcamps-schools,shared,85590,E09000026,Redbridge,130,135,122.6,0.423,False
coding-bootcamps-schools,shared,85590,E09000027,Richmond upon Thames,120,125,138.7,0.391,False
coding-bootcamps-schools,shared,85590,E09000028,Southwark,135,150,192.4,0.308,False
coding-bootcamps-schools,shared,85590,E09000029,Sutton,45,50,135.7,0.375,False
coding-bootcamps-schools,shared,85590,E09000030,Tower Hamlets,185,200,151.7,0.361,False
coding-bootcamps-schools,shared,85590,E09000031,Waltham Forest,85,90,95.2,0.529,False
coding-bootcamps-schools,shared,85590,E09000032,Wandsworth,105,115,120.1,0.45,False
coding-bootcamps-schools,shared,85590,E09000033,Westminster,320,340,144.3,0.406,False
coding-bootcamps-schools,shared,85590,E92000001,England,16880,19525,132.1,0.408,False
coding-bootcamps-schools,shared,85590,E12000007,London,4035,4365,131.8,0.411,False
art-classes-studios,shared,85520,E09000002,Barking and Dagenham,10,10,,,True
art-classes-studios,shared,85520,E09000003,Barnet,30,30,,,True
art-classes-studios,shared,85520,E09000004,Bexley,10,10,,,True
art-classes-studios,shared,85520,E09000005,Brent,15,15,,,True
art-classes-studios,shared,85520,E09000006,Bromley,20,20,,,True
art-classes-studios,shared,85520,E09000007,Camden,40,45,100.0,0.5,False
art-classes-studios,shared,85520,E09000001,City of London,10,10,,,True
art-classes-studios,shared,85520,E09000008,Croydon,15,15,,,True
art-classes-studios,shared,85520,E09000009,Ealing,15,15,,,True
art-classes-studios,shared,85520,E09000010,Enfield,10,10,,,True
art-classes-studios,shared,85520,E09000011,Greenwich,10,10,,,True
art-classes-studios,shared,85520,E09000012,Hackney,40,45,116.5,0.429,False
art-classes-studios,shared,85520,E09000013,Hammersmith and Fulham,15,15,,,True
art-classes-studios,shared,85520,E09000014,Haringey,15,10,,,True
art-classes-studios,shared,85520,E09000015,Harrow,15,15,,,True
art-classes-studios,shared,85520,E09000016,Havering,10,10,,,True
art-classes-studios,shared,85520,E09000017,Hillingdon,5,5,,,True
art-classes-studios,shared,85520,E09000018,Hounslow,10,10,,,True
art-classes-studios,shared,85520,E09000019,Islington,20,20,,,True
art-classes-studios,shared,85520,E09000020,Kensington and Chelsea,10,10,,,True
art-classes-studios,shared,85520,E09000021,Kingston upon Thames,10,10,,,True
art-classes-studios,shared,85520,E09000022,Lambeth,25,25,,,True
art-classes-studios,shared,85520,E09000023,Lewisham,10,10,,,True
art-classes-studios,shared,85520,E09000024,Merton,5,5,,,True
art-classes-studios,shared,85520,E09000025,Newham,20,20,,,True
art-classes-studios,shared,85520,E09000026,Redbridge,10,10,,,True
art-classes-studios,shared,85520,E09000027,Richmond upon Thames,20,20,,,True
art-classes-studios,shared,85520,E09000028,Southwark,20,20,,,True
art-classes-studios,shared,85520,E09000029,Sutton,10,10,,,True
art-classes-studios,shared,85520,E09000030,Tower Hamlets,40,40,116.5,0.444,False
art-classes-studios,shared,85520,E09000031,Waltham Forest,10,10,,,True
art-classes-studios,shared,85520,E09000032,Wandsworth,15,15,,,True
art-classes-studios,shared,85520,E09000033,Westminster,40,40,116.5,0.444,False
art-classes-studios,shared,85520,E92000001,England,2075,2095,130.8,0.372,False
art-classes-studios,shared,85520,E12000007,London,545,550,120.4,0.422,False
doctors-clinics,exact,86210+86220,E09000002,Barking and Dagenham,50,60,250.0,0.2,False
doctors-clinics,exact,86210+86220,E09000003,Barnet,315,315,128.7,0.413,False
doctors-clinics,exact,86210+86220,E09000004,Bexley,75,80,158.1,0.4,False
doctors-clinics,exact,86210+86220,E09000005,Brent,160,175,173.3,0.3,False
doctors-clinics,exact,86210+86220,E09000006,Bromley,215,225,142.3,0.381,False
doctors-clinics,exact,86210+86220,E09000007,Camden,265,290,120.8,0.434,False
doctors-clinics,exact,86210+86220,E09000001,City of London,50,55,158.1,0.25,False
doctors-clinics,exact,86210+86220,E09000008,Croydon,150,175,158.1,0.321,False
doctors-clinics,exact,86210+86220,E09000009,Ealing,200,205,203.0,0.282,False
doctors-clinics,exact,86210+86220,E09000010,Enfield,135,135,150.3,0.346,False
doctors-clinics,exact,86210+86220,E09000011,Greenwich,100,120,120.1,0.45,False
doctors-clinics,exact,86210+86220,E09000012,Hackney,125,135,125.7,0.435,False
doctors-clinics,exact,86210+86220,E09000013,Hammersmith and Fulham,95,105,125.7,0.412,False
doctors-clinics,exact,86210+86220,E09000014,Haringey,120,130,158.1,0.333,False
doctors-clinics,exact,86210+86220,E09000015,Harrow,215,220,125.7,0.405,False
doctors-clinics,exact,86210+86220,E09000016,Havering,115,120,170.7,0.333,False
doctors-clinics,exact,86210+86220,E09000017,Hillingdon,150,160,184.2,0.286,False
doctors-clinics,exact,86210+86220,E09000018,Hounslow,120,135,146.5,0.391,False
doctors-clinics,exact,86210+86220,E09000019,Islington,135,135,125.7,0.429,False
doctors-clinics,exact,86210+86220,E09000020,Kensington and Chelsea,175,190,208.1,0.265,False
doctors-clinics,exact,86210+86220,E09000021,Kingston upon Thames,100,110,135.7,0.4,False
doctors-clinics,exact,86210+86220,E09000022,Lambeth,150,160,135.7,0.4,False
doctors-clinics,exact,86210+86220,E09000023,Lewisham,70,75,177.3,0.308,False
doctors-clinics,exact,86210+86220,E09000024,Merton,160,160,114.7,0.452,False
doctors-clinics,exact,86210+86220,E09000025,Newham,90,100,198.8,0.333,False
doctors-clinics,exact,86210+86220,E09000026,Redbridge,235,235,124.1,0.413,False
doctors-clinics,exact,86210+86220,E09000027,Richmond upon Thames,160,165,130.6,0.394,False
doctors-clinics,exact,86210+86220,E09000028,Southwark,115,135,131.6,0.435,False
doctors-clinics,exact,86210+86220,E09000029,Sutton,105,115,135.7,0.409,False
doctors-clinics,exact,86210+86220,E09000030,Tower Hamlets,115,125,133.2,0.391,False
doctors-clinics,exact,86210+86220,E09000031,Waltham Forest,75,75,250.0,0.286,False
doctors-clinics,exact,86210+86220,E09000032,Wandsworth,170,185,146.5,0.353,False
doctors-clinics,exact,86210+86220,E09000033,Westminster,535,570,185.0,0.28,False
doctors-clinics,exact,86210+86220,E92000001,England,23270,26230,152.3,0.362,False
doctors-clinics,exact,86210+86220,E12000007,London,5065,5385,151.3,0.361,False
chiropractic-clinics,shared,86900,E09000002,Barking and Dagenham,95,125,79.4,0.722,False
chiropractic-clinics,shared,86900,E09000003,Barnet,330,365,112.1,0.455,False
chiropractic-clinics,shared,86900,E09000004,Bexley,85,115,87.1,0.611,False
chiropractic-clinics,shared,86900,E09000005,Brent,145,175,89.1,0.586,False
chiropractic-clinics,shared,86900,E09000006,Bromley,175,205,93.0,0.559,False
chiropractic-clinics,shared,86900,E09000007,Camden,365,420,97.1,0.52,False
chiropractic-clinics,shared,86900,E09000001,City of London,90,120,177.3,0.353,False
chiropractic-clinics,shared,86900,E09000008,Croydon,195,220,86.8,0.615,False
chiropractic-clinics,shared,86900,E09000009,Ealing,180,220,100.0,0.5,False
chiropractic-clinics,shared,86900,E09000010,Enfield,155,175,93.7,0.548,False
chiropractic-clinics,shared,86900,E09000011,Greenwich,135,200,79.4,0.731,False
chiropractic-clinics,shared,86900,E09000012,Hackney,270,305,86.1,0.623,False
chiropractic-clinics,shared,86900,E09000013,Hammersmith and Fulham,130,165,105.9,0.48,False
chiropractic-clinics,shared,86900,E09000014,Haringey,135,155,95.2,0.536,False
chiropractic-clinics,shared,86900,E09000015,Harrow,240,260,98.6,0.51,False
chiropractic-clinics,shared,86900,E09000016,Havering,150,180,88.5,0.6,False
chiropractic-clinics,shared,86900,E09000017,Hillingdon,135,170,90.6,0.577,False
chiropractic-clinics,shared,86900,E09000018,Hounslow,115,140,105.9,0.478,False
chiropractic-clinics,shared,86900,E09000019,Islington,270,305,93.6,0.547,False
chiropractic-clinics,shared,86900,E09000020,Kensington and Chelsea,130,175,121.7,0.44,False
chiropractic-clinics,shared,86900,E09000021,Kingston upon Thames,115,130,87.5,0.609,False
chiropractic-clinics,shared,86900,E09000022,Lambeth,165,190,88.5,0.588,False
chiropractic-clinics,shared,86900,E09000023,Lewisham,125,150,88.4,0.6,False
chiropractic-clinics,shared,86900,E09000024,Merton,140,165,93.3,0.552,False
chiropractic-clinics,shared,86900,E09000025,Newham,150,200,91.2,0.571,False
chiropractic-clinics,shared,86900,E09000026,Redbridge,215,245,92.7,0.558,False
chiropractic-clinics,shared,86900,E09000027,Richmond upon Thames,155,170,91.7,0.567,False
chiropractic-clinics,shared,86900,E09000028,Southwark,150,170,97.7,0.516,False
chiropractic-clinics,shared,86900,E09000029,Sutton,95,100,90.1,0.579,False
chiropractic-clinics,shared,86900,E09000030,Tower Hamlets,150,190,100.0,0.5,False
chiropractic-clinics,shared,86900,E09000031,Waltham Forest,120,150,97.2,0.522,False
chiropractic-clinics,shared,86900,E09000032,Wandsworth,200,235,106.8,0.475,False
chiropractic-clinics,shared,86900,E09000033,Westminster,470,570,135.7,0.396,False
chiropractic-clinics,shared,86900,E92000001,England,25725,33350,105.2,0.483,False
chiropractic-clinics,shared,86900,E12000007,London,5775,6870,95.9,0.529,False
physical-therapy-clinics,shared,86900,E09000002,Barking and Dagenham,95,125,79.4,0.722,False
physical-therapy-clinics,shared,86900,E09000003,Barnet,330,365,112.1,0.455,False
physical-therapy-clinics,shared,86900,E09000004,Bexley,85,115,87.1,0.611,False
physical-therapy-clinics,shared,86900,E09000005,Brent,145,175,89.1,0.586,False
physical-therapy-clinics,shared,86900,E09000006,Bromley,175,205,93.0,0.559,False
physical-therapy-clinics,shared,86900,E09000007,Camden,365,420,97.1,0.52,False
physical-therapy-clinics,shared,86900,E09000001,City of London,90,120,177.3,0.353,False
physical-therapy-clinics,shared,86900,E09000008,Croydon,195,220,86.8,0.615,False
physical-therapy-clinics,shared,86900,E09000009,Ealing,180,220,100.0,0.5,False
physical-therapy-clinics,shared,86900,E09000010,Enfield,155,175,93.7,0.548,False
physical-therapy-clinics,shared,86900,E09000011,Greenwich,135,200,79.4,0.731,False
physical-therapy-clinics,shared,86900,E09000012,Hackney,270,305,86.1,0.623,False
physical-therapy-clinics,shared,86900,E09000013,Hammersmith and Fulham,130,165,105.9,0.48,False
physical-therapy-clinics,shared,86900,E09000014,Haringey,135,155,95.2,0.536,False
physical-therapy-clinics,shared,86900,E09000015,Harrow,240,260,98.6,0.51,False
physical-therapy-clinics,shared,86900,E09000016,Havering,150,180,88.5,0.6,False
physical-therapy-clinics,shared,86900,E09000017,Hillingdon,135,170,90.6,0.577,False
physical-therapy-clinics,shared,86900,E09000018,Hounslow,115,140,105.9,0.478,False
physical-therapy-clinics,shared,86900,E09000019,Islington,270,305,93.6,0.547,False
physical-therapy-clinics,shared,86900,E09000020,Kensington and Chelsea,130,175,121.7,0.44,False
physical-therapy-clinics,shared,86900,E09000021,Kingston upon Thames,115,130,87.5,0.609,False
physical-therapy-clinics,shared,86900,E09000022,Lambeth,165,190,88.5,0.588,False
physical-therapy-clinics,shared,86900,E09000023,Lewisham,125,150,88.4,0.6,False
physical-therapy-clinics,shared,86900,E09000024,Merton,140,165,93.3,0.552,False
physical-therapy-clinics,shared,86900,E09000025,Newham,150,200,91.2,0.571,False
physical-therapy-clinics,shared,86900,E09000026,Redbridge,215,245,92.7,0.558,False
physical-therapy-clinics,shared,86900,E09000027,Richmond upon Thames,155,170,91.7,0.567,False
physical-therapy-clinics,shared,86900,E09000028,Southwark,150,170,97.7,0.516,False
physical-therapy-clinics,shared,86900,E09000029,Sutton,95,100,90.1,0.579,False
physical-therapy-clinics,shared,86900,E09000030,Tower Hamlets,150,190,100.0,0.5,False
physical-therapy-clinics,shared,86900,E09000031,Waltham Forest,120,150,97.2,0.522,False
physical-therapy-clinics,shared,86900,E09000032,Wandsworth,200,235,106.8,0.475,False
physical-therapy-clinics,shared,86900,E09000033,Westminster,470,570,135.7,0.396,False
physical-therapy-clinics,shared,86900,E92000001,England,25725,33350,105.2,0.483,False
physical-therapy-clinics,shared,86900,E12000007,London,5775,6870,95.9,0.529,False
optometry-vision-centers,shared,47782,E09000002,Barking and Dagenham,10,15,,,True
optometry-vision-centers,shared,47782,E09000003,Barnet,35,45,,,True
optometry-vision-centers,shared,47782,E09000004,Bexley,15,20,,,True
optometry-vision-centers,shared,47782,E09000005,Brent,30,30,,,True
optometry-vision-centers,shared,47782,E09000006,Bromley,15,30,,,True
optometry-vision-centers,shared,47782,E09000007,Camden,40,55,214.6,0.143,False
optometry-vision-centers,shared,47782,E09000001,City of London,15,25,,,True
optometry-vision-centers,shared,47782,E09000008,Croydon,20,30,,,True
optometry-vision-centers,shared,47782,E09000009,Ealing,25,30,,,True
optometry-vision-centers,shared,47782,E09000010,Enfield,25,30,,,True
optometry-vision-centers,shared,47782,E09000011,Greenwich,20,20,,,True
optometry-vision-centers,shared,47782,E09000012,Hackney,20,20,,,True
optometry-vision-centers,shared,47782,E09000013,Hammersmith and Fulham,10,15,,,True
optometry-vision-centers,shared,47782,E09000014,Haringey,20,25,,,True
optometry-vision-centers,shared,47782,E09000015,Harrow,60,60,198.8,0.364,False
optometry-vision-centers,shared,47782,E09000016,Havering,10,20,,,True
optometry-vision-centers,shared,47782,E09000017,Hillingdon,35,45,,,True
optometry-vision-centers,shared,47782,E09000018,Hounslow,20,30,,,True
optometry-vision-centers,shared,47782,E09000019,Islington,30,35,,,True
optometry-vision-centers,shared,47782,E09000020,Kensington and Chelsea,25,35,,,True
optometry-vision-centers,shared,47782,E09000021,Kingston upon Thames,15,25,,,True
optometry-vision-centers,shared,47782,E09000022,Lambeth,20,20,,,True
optometry-vision-centers,shared,47782,E09000023,Lewisham,10,15,,,True
optometry-vision-centers,shared,47782,E09000024,Merton,15,20,,,True
optometry-vision-centers,shared,47782,E09000025,Newham,15,20,,,True
optometry-vision-centers,shared,47782,E09000026,Redbridge,45,50,125.7,0.444,False
optometry-vision-centers,shared,47782,E09000027,Richmond upon Thames,15,15,,,True
optometry-vision-centers,shared,47782,E09000028,Southwark,15,20,,,True
optometry-vision-centers,shared,47782,E09000029,Sutton,10,20,,,True
optometry-vision-centers,shared,47782,E09000030,Tower Hamlets,15,20,,,True
optometry-vision-centers,shared,47782,E09000031,Waltham Forest,15,20,,,True
optometry-vision-centers,shared,47782,E09000032,Wandsworth,20,25,,,True
optometry-vision-centers,shared,47782,E09000033,Westminster,40,60,353.6,0.125,False
optometry-vision-centers,shared,47782,E92000001,England,4445,6080,345.6,0.194,False
optometry-vision-centers,shared,47782,E12000007,London,720,950,227.0,0.261,False
mental-health-practices-small,shared,86900,E09000002,Barking and Dagenham,95,125,79.4,0.722,False
mental-health-practices-small,shared,86900,E09000003,Barnet,330,365,112.1,0.455,False
mental-health-practices-small,shared,86900,E09000004,Bexley,85,115,87.1,0.611,False
mental-health-practices-small,shared,86900,E09000005,Brent,145,175,89.1,0.586,False
mental-health-practices-small,shared,86900,E09000006,Bromley,175,205,93.0,0.559,False
mental-health-practices-small,shared,86900,E09000007,Camden,365,420,97.1,0.52,False
mental-health-practices-small,shared,86900,E09000001,City of London,90,120,177.3,0.353,False
mental-health-practices-small,shared,86900,E09000008,Croydon,195,220,86.8,0.615,False
mental-health-practices-small,shared,86900,E09000009,Ealing,180,220,100.0,0.5,False
mental-health-practices-small,shared,86900,E09000010,Enfield,155,175,93.7,0.548,False
mental-health-practices-small,shared,86900,E09000011,Greenwich,135,200,79.4,0.731,False
mental-health-practices-small,shared,86900,E09000012,Hackney,270,305,86.1,0.623,False
mental-health-practices-small,shared,86900,E09000013,Hammersmith and Fulham,130,165,105.9,0.48,False
mental-health-practices-small,shared,86900,E09000014,Haringey,135,155,95.2,0.536,False
mental-health-practices-small,shared,86900,E09000015,Harrow,240,260,98.6,0.51,False
mental-health-practices-small,shared,86900,E09000016,Havering,150,180,88.5,0.6,False
mental-health-practices-small,shared,86900,E09000017,Hillingdon,135,170,90.6,0.577,False
mental-health-practices-small,shared,86900,E09000018,Hounslow,115,140,105.9,0.478,False
mental-health-practices-small,shared,86900,E09000019,Islington,270,305,93.6,0.547,False
mental-health-practices-small,shared,86900,E09000020,Kensington and Chelsea,130,175,121.7,0.44,False
mental-health-practices-small,shared,86900,E09000021,Kingston upon Thames,115,130,87.5,0.609,False
mental-health-practices-small,shared,86900,E09000022,Lambeth,165,190,88.5,0.588,False
mental-health-practices-small,shared,86900,E09000023,Lewisham,125,150,88.4,0.6,False
mental-health-practices-small,shared,86900,E09000024,Merton,140,165,93.3,0.552,False
mental-health-practices-small,shared,86900,E09000025,Newham,150,200,91.2,0.571,False
mental-health-practices-small,shared,86900,E09000026,Redbridge,215,245,92.7,0.558,False
mental-health-practices-small,shared,86900,E09000027,Richmond upon Thames,155,170,91.7,0.567,False
mental-health-practices-small,shared,86900,E09000028,Southwark,150,170,97.7,0.516,False
mental-health-practices-small,shared,86900,E09000029,Sutton,95,100,90.1,0.579,False
mental-health-practices-small,shared,86900,E09000030,Tower Hamlets,150,190,100.0,0.5,False
mental-health-practices-small,shared,86900,E09000031,Waltham Forest,120,150,97.2,0.522,False
mental-health-practices-small,shared,86900,E09000032,Wandsworth,200,235,106.8,0.475,False
mental-health-practices-small,shared,86900,E09000033,Westminster,470,570,135.7,0.396,False
mental-health-practices-small,shared,86900,E92000001,England,25725,33350,105.2,0.483,False
mental-health-practices-small,shared,86900,E12000007,London,5775,6870,95.9,0.529,False
nutritionist-dietician-practices,shared,86900,E09000002,Barking and Dagenham,95,125,79.4,0.722,False
nutritionist-dietician-practices,shared,86900,E09000003,Barnet,330,365,112.1,0.455,False
nutritionist-dietician-practices,shared,86900,E09000004,Bexley,85,115,87.1,0.611,False
nutritionist-dietician-practices,shared,86900,E09000005,Brent,145,175,89.1,0.586,False
nutritionist-dietician-practices,shared,86900,E09000006,Bromley,175,205,93.0,0.559,False
nutritionist-dietician-practices,shared,86900,E09000007,Camden,365,420,97.1,0.52,False
nutritionist-dietician-practices,shared,86900,E09000001,City of London,90,120,177.3,0.353,False
nutritionist-dietician-practices,shared,86900,E09000008,Croydon,195,220,86.8,0.615,False
nutritionist-dietician-practices,shared,86900,E09000009,Ealing,180,220,100.0,0.5,False
nutritionist-dietician-practices,shared,86900,E09000010,Enfield,155,175,93.7,0.548,False
nutritionist-dietician-practices,shared,86900,E09000011,Greenwich,135,200,79.4,0.731,False
nutritionist-dietician-practices,shared,86900,E09000012,Hackney,270,305,86.1,0.623,False
nutritionist-dietician-practices,shared,86900,E09000013,Hammersmith and Fulham,130,165,105.9,0.48,False
nutritionist-dietician-practices,shared,86900,E09000014,Haringey,135,155,95.2,0.536,False
nutritionist-dietician-practices,shared,86900,E09000015,Harrow,240,260,98.6,0.51,False
nutritionist-dietician-practices,shared,86900,E09000016,Havering,150,180,88.5,0.6,False
nutritionist-dietician-practices,shared,86900,E09000017,Hillingdon,135,170,90.6,0.577,False
nutritionist-dietician-practices,shared,86900,E09000018,Hounslow,115,140,105.9,0.478,False
nutritionist-dietician-practices,shared,86900,E09000019,Islington,270,305,93.6,0.547,False
nutritionist-dietician-practices,shared,86900,E09000020,Kensington and Chelsea,130,175,121.7,0.44,False
nutritionist-dietician-practices,shared,86900,E09000021,Kingston upon Thames,115,130,87.5,0.609,False
nutritionist-dietician-practices,shared,86900,E09000022,Lambeth,165,190,88.5,0.588,False
nutritionist-dietician-practices,shared,86900,E09000023,Lewisham,125,150,88.4,0.6,False
nutritionist-dietician-practices,shared,86900,E09000024,Merton,140,165,93.3,0.552,False
nutritionist-dietician-practices,shared,86900,E09000025,Newham,150,200,91.2,0.571,False
nutritionist-dietician-practices,shared,86900,E09000026,Redbridge,215,245,92.7,0.558,False
nutritionist-dietician-practices,shared,86900,E09000027,Richmond upon Thames,155,170,91.7,0.567,False
nutritionist-dietician-practices,shared,86900,E09000028,Southwark,150,170,97.7,0.516,False
nutritionist-dietician-practices,shared,86900,E09000029,Sutton,95,100,90.1,0.579,False
nutritionist-dietician-practices,shared,86900,E09000030,Tower Hamlets,150,190,100.0,0.5,False
nutritionist-dietician-practices,shared,86900,E09000031,Waltham Forest,120,150,97.2,0.522,False
nutritionist-dietician-practices,shared,86900,E09000032,Wandsworth,200,235,106.8,0.475,False
nutritionist-dietician-practices,shared,86900,E09000033,Westminster,470,570,135.7,0.396,False
nutritionist-dietician-practices,shared,86900,E92000001,England,25725,33350,105.2,0.483,False
nutritionist-dietician-practices,shared,86900,E12000007,London,5775,6870,95.9,0.529,False
dental-practices,exact,86230,E09000002,Barking and Dagenham,25,30,,,True
dental-practices,exact,86230,E09000003,Barnet,240,245,153.7,0.347,False
dental-practices,exact,86230,E09000004,Bexley,40,45,184.2,0.25,False
dental-practices,exact,86230,E09000005,Brent,115,120,187.8,0.261,False
dental-practices,exact,86230,E09000006,Bromley,115,120,231.6,0.261,False
dental-practices,exact,86230,E09000007,Camden,140,145,177.3,0.321,False
dental-practices,exact,86230,E09000001,City of London,20,35,,,True
dental-practices,exact,86230,E09000008,Croydon,145,150,106.8,0.483,False
dental-practices,exact,86230,E09000009,Ealing,120,130,150.3,0.333,False
dental-practices,exact,86230,E09000010,Enfield,70,80,222.9,0.231,False
dental-practices,exact,86230,E09000011,Greenwich,65,70,198.8,0.385,False
dental-practices,exact,86230,E09000012,Hackney,45,45,125.7,0.429,False
dental-practices,exact,86230,E09000013,Hammersmith and Fulham,65,70,198.8,0.286,False
dental-practices,exact,86230,E09000014,Haringey,65,70,250.0,0.167,False
dental-practices,exact,86230,E09000015,Harrow,170,175,146.5,0.353,False
dental-practices,exact,86230,E09000016,Havering,75,75,208.1,0.214,False
dental-practices,exact,86230,E09000017,Hillingdon,90,100,198.8,0.235,False
dental-practices,exact,86230,E09000018,Hounslow,85,95,158.1,0.312,False
dental-practices,exact,86230,E09000019,Islington,80,85,141.0,0.412,False
dental-practices,exact,86230,E09000020,Kensington and Chelsea,65,75,170.7,0.231,False
dental-practices,exact,86230,E09000021,Kingston upon Thames,75,80,173.3,0.286,False
dental-practices,exact,86230,E09000022,Lambeth,70,75,198.8,0.286,False
dental-practices,exact,86230,E09000023,Lewisham,45,50,353.6,0.111,False
dental-practices,exact,86230,E09000024,Merton,75,80,144.3,0.357,False
dental-practices,exact,86230,E09000025,Newham,60,60,158.1,0.333,False
dental-practices,exact,86230,E09000026,Redbridge,100,105,184.2,0.3,False
dental-practices,exact,86230,E09000027,Richmond upon Thames,85,90,264.9,0.235,False
dental-practices,exact,86230,E09000028,Southwark,65,75,177.3,0.308,False
dental-practices,exact,86230,E09000029,Sutton,60,65,228.1,0.154,False
dental-practices,exact,86230,E09000030,Tower Hamlets,70,80,198.8,0.286,False
dental-practices,exact,86230,E09000031,Waltham Forest,45,45,198.8,0.333,False
dental-practices,exact,86230,E09000032,Wandsworth,95,105,184.2,0.278,False
dental-practices,exact,86230,E09000033,Westminster,235,260,210.5,0.229,False
dental-practices,exact,86230,E92000001,England,12755,14590,209.1,0.258,False
dental-practices,exact,86230,E12000007,London,2915,3120,183.3,0.292,False
nursing-elderly-care,exact,87300+87100+88100,E09000002,Barking and Dagenham,60,90,297.3,0.273,False
nursing-elderly-care,exact,87300+87100+88100,E09000003,Barnet,135,180,594.6,0.174,False
nursing-elderly-care,exact,87300+87100+88100,E09000004,Bexley,50,100,158.1,0.429,False
nursing-elderly-care,exact,87300+87100+88100,E09000005,Brent,75,130,250.0,0.25,False
nursing-elderly-care,exact,87300+87100+88100,E09000006,Bromley,75,135,1414.2,0.091,False
nursing-elderly-care,exact,87300+87100+88100,E09000007,Camden,100,130,297.3,0.286,False
nursing-elderly-care,exact,87300+87100+88100,E09000001,City of London,40,35,250.0,0.333,False
nursing-elderly-care,exact,87300+87100+88100,E09000008,Croydon,125,225,385.6,0.24,False
nursing-elderly-care,exact,87300+87100+88100,E09000009,Ealing,80,120,500.0,0.143,False
nursing-elderly-care,exact,87300+87100+88100,E09000010,Enfield,105,140,353.6,0.263,False
nursing-elderly-care,exact,87300+87100+88100,E09000011,Greenwich,55,110,198.8,0.2,False
nursing-elderly-care,exact,87300+87100+88100,E09000012,Hackney,75,110,250.0,0.286,False
nursing-elderly-care,exact,87300+87100+88100,E09000013,Hammersmith and Fulham,45,70,353.6,0.167,False
nursing-elderly-care,exact,87300+87100+88100,E09000014,Haringey,50,90,353.6,0.25,False
nursing-elderly-care,exact,87300+87100+88100,E09000015,Harrow,115,130,1189.2,0.095,False
nursing-elderly-care,exact,87300+87100+88100,E09000016,Havering,65,110,840.9,0.154,False
nursing-elderly-care,exact,87300+87100+88100,E09000017,Hillingdon,100,140,707.1,0.278,False
nursing-elderly-care,exact,87300+87100+88100,E09000018,Hounslow,45,90,198.8,0.286,False
nursing-elderly-care,exact,87300+87100+88100,E09000019,Islington,70,95,250.0,0.25,False
nursing-elderly-care,exact,87300+87100+88100,E09000020,Kensington and Chelsea,30,60,,,True
nursing-elderly-care,exact,87300+87100+88100,E09000021,Kingston upon Thames,30,65,,,True
nursing-elderly-care,exact,87300+87100+88100,E09000022,Lambeth,70,145,158.1,0.364,False
nursing-elderly-care,exact,87300+87100+88100,E09000023,Lewisham,45,100,280.6,0.222,False
nursing-elderly-care,exact,87300+87100+88100,E09000024,Merton,55,90,594.6,0.333,False
nursing-elderly-care,exact,87300+87100+88100,E09000025,Newham,65,100,184.2,0.333,False
nursing-elderly-care,exact,87300+87100+88100,E09000026,Redbridge,90,160,353.6,0.176,False
nursing-elderly-care,exact,87300+87100+88100,E09000027,Richmond upon Thames,35,80,,,True
nursing-elderly-care,exact,87300+87100+88100,E09000028,Southwark,60,125,158.1,0.25,False
nursing-elderly-care,exact,87300+87100+88100,E09000029,Sutton,55,105,594.6,0.111,False
nursing-elderly-care,exact,87300+87100+88100,E09000030,Tower Hamlets,80,100,250.0,0.214,False
nursing-elderly-care,exact,87300+87100+88100,E09000031,Waltham Forest,50,100,500.0,0.2,False
nursing-elderly-care,exact,87300+87100+88100,E09000032,Wandsworth,40,115,250.0,0.333,False
nursing-elderly-care,exact,87300+87100+88100,E09000033,Westminster,80,130,208.1,0.214,False
nursing-elderly-care,exact,87300+87100+88100,E92000001,England,12500,26375,611.2,0.178,False
nursing-elderly-care,exact,87300+87100+88100,E12000007,London,2260,3685,392.5,0.23,False
daycare-preschool,exact,88910+85100,E09000002,Barking and Dagenham,60,80,184.2,0.333,False
daycare-preschool,exact,88910+85100,E09000003,Barnet,140,165,307.8,0.148,False
daycare-preschool,exact,88910+85100,E09000004,Bexley,90,110,267.9,0.263,False
daycare-preschool,exact,88910+85100,E09000005,Brent,90,115,250.0,0.222,False
daycare-preschool,exact,88910+85100,E09000006,Bromley,140,180,338.6,0.172,False
daycare-preschool,exact,88910+85100,E09000007,Camden,90,115,228.1,0.235,False
daycare-preschool,exact,88910+85100,E09000001,City of London,30,35,,,True
daycare-preschool,exact,88910+85100,E09000008,Croydon,150,180,267.9,0.276,False
daycare-preschool,exact,88910+85100,E09000009,Ealing,85,125,272.6,0.235,False
daycare-preschool,exact,88910+85100,E09000010,Enfield,125,150,222.9,0.36,False
daycare-preschool,exact,88910+85100,E09000011,Greenwich,125,165,231.6,0.28,False
daycare-preschool,exact,88910+85100,E09000012,Hackney,135,155,261.1,0.241,False
daycare-preschool,exact,88910+85100,E09000013,Hammersmith and Fulham,45,70,297.3,0.143,False
daycare-preschool,exact,88910+85100,E09000014,Haringey,80,110,297.3,0.188,False
daycare-preschool,exact,88910+85100,E09000015,Harrow,100,110,406.1,0.105,False
daycare-preschool,exact,88910+85100,E09000016,Havering,105,130,435.3,0.136,False
daycare-preschool,exact,88910+85100,E09000017,Hillingdon,85,105,396.9,0.188,False
daycare-preschool,exact,88910+85100,E09000018,Hounslow,60,95,315.0,0.167,False
daycare-preschool,exact,88910+85100,E09000019,Islington,85,100,353.6,0.188,False
daycare-preschool,exact,88910+85100,E09000020,Kensington and Chelsea,40,65,250.0,0.25,False
daycare-preschool,exact,88910+85100,E09000021,Kingston upon Thames,45,60,353.6,0.286,False
daycare-preschool,exact,88910+85100,E09000022,Lambeth,105,135,228.1,0.286,False
daycare-preschool,exact,88910+85100,E09000023,Lewisham,120,155,272.6,0.217,False
daycare-preschool,exact,88910+85100,E09000024,Merton,65,85,173.3,0.25,False
daycare-preschool,exact,88910+85100,E09000025,Newham,80,95,214.6,0.308,False
daycare-preschool,exact,88910+85100,E09000026,Redbridge,110,135,445.4,0.136,False
daycare-preschool,exact,88910+85100,E09000027,Richmond upon Thames,70,110,250.0,0.25,False
daycare-preschool,exact,88910+85100,E09000028,Southwark,90,110,250.0,0.222,False
daycare-preschool,exact,88910+85100,E09000029,Sutton,60,90,353.6,0.273,False
daycare-preschool,exact,88910+85100,E09000030,Tower Hamlets,70,80,287.2,0.25,False
daycare-preschool,exact,88910+85100,E09000031,Waltham Forest,95,115,250.0,0.278,False
daycare-preschool,exact,88910+85100,E09000032,Wandsworth,90,140,315.0,0.125,False
daycare-preschool,exact,88910+85100,E09000033,Westminster,105,140,198.8,0.35,False
daycare-preschool,exact,88910+85100,E92000001,England,15310,19830,363.1,0.177,False
daycare-preschool,exact,88910+85100,E12000007,London,2985,3800,283.4,0.239,False
veterinary-pet-care,exact,75000,E09000002,Barking and Dagenham,5,10,,,True
veterinary-pet-care,exact,75000,E09000003,Barnet,15,30,,,True
veterinary-pet-care,exact,75000,E09000004,Bexley,5,15,,,True
veterinary-pet-care,exact,75000,E09000005,Brent,5,10,,,True
veterinary-pet-care,exact,75000,E09000006,Bromley,20,35,,,True
veterinary-pet-care,exact,75000,E09000007,Camden,15,20,,,True
veterinary-pet-care,exact,75000,E09000001,City of London,5,5,,,True
veterinary-pet-care,exact,75000,E09000008,Croydon,15,25,,,True
veterinary-pet-care,exact,75000,E09000009,Ealing,15,20,,,True
veterinary-pet-care,exact,75000,E09000010,Enfield,5,15,,,True
veterinary-pet-care,exact,75000,E09000011,Greenwich,10,20,,,True
veterinary-pet-care,exact,75000,E09000012,Hackney,5,10,,,True
veterinary-pet-care,exact,75000,E09000013,Hammersmith and Fulham,5,10,,,True
veterinary-pet-care,exact,75000,E09000014,Haringey,5,10,,,True
veterinary-pet-care,exact,75000,E09000015,Harrow,5,10,,,True
veterinary-pet-care,exact,75000,E09000016,Havering,10,15,,,True
veterinary-pet-care,exact,75000,E09000017,Hillingdon,10,25,,,True
veterinary-pet-care,exact,75000,E09000018,Hounslow,10,20,,,True
veterinary-pet-care,exact,75000,E09000019,Islington,15,25,,,True
veterinary-pet-care,exact,75000,E09000020,Kensington and Chelsea,10,10,,,True
veterinary-pet-care,exact,75000,E09000021,Kingston upon Thames,5,10,,,True
veterinary-pet-care,exact,75000,E09000022,Lambeth,5,20,,,True
veterinary-pet-care,exact,75000,E09000023,Lewisham,15,20,,,True
veterinary-pet-care,exact,75000,E09000024,Merton,10,20,,,True
veterinary-pet-care,exact,75000,E09000025,Newham,5,10,,,True
veterinary-pet-care,exact,75000,E09000026,Redbridge,0,10,,,True
veterinary-pet-care,exact,75000,E09000027,Richmond upon Thames,10,20,,,True
veterinary-pet-care,exact,75000,E09000028,Southwark,10,15,,,True
veterinary-pet-care,exact,75000,E09000029,Sutton,10,10,,,True
veterinary-pet-care,exact,75000,E09000030,Tower Hamlets,10,10,,,True
veterinary-pet-care,exact,75000,E09000031,Waltham Forest,10,15,,,True
veterinary-pet-care,exact,75000,E09000032,Wandsworth,15,20,,,True
veterinary-pet-care,exact,75000,E09000033,Westminster,20,20,,,True
veterinary-pet-care,exact,75000,E92000001,England,3190,6070,231.4,0.288,False
veterinary-pet-care,exact,75000,E12000007,London,310,540,169.7,0.381,False
performing-arts,exact,90010,E09000002,Barking and Dagenham,15,10,,,True
performing-arts,exact,90010,E09000003,Barnet,170,170,139.9,0.343,False
performing-arts,exact,90010,E09000004,Bexley,25,25,,,True
performing-arts,exact,90010,E09000005,Brent,90,90,133.2,0.368,False
performing-arts,exact,90010,E09000006,Bromley,140,140,147.4,0.296,False
performing-arts,exact,90010,E09000007,Camden,670,680,231.1,0.265,False
performing-arts,exact,90010,E09000001,City of London,105,110,250.0,0.25,False
performing-arts,exact,90010,E09000008,Croydon,105,105,120.1,0.4,False
performing-arts,exact,90010,E09000009,Ealing,150,145,146.5,0.333,False
performing-arts,exact,90010,E09000010,Enfield,70,70,173.3,0.286,False
performing-arts,exact,90010,E09000011,Greenwich,100,95,133.2,0.368,False
performing-arts,exact,90010,E09000012,Hackney,255,260,158.1,0.288,False
performing-arts,exact,90010,E09000013,Hammersmith and Fulham,120,125,121.7,0.44,False
performing-arts,exact,90010,E09000014,Haringey,185,185,134.5,0.351,False
performing-arts,exact,90010,E09000015,Harrow,55,55,125.7,0.4,False
performing-arts,exact,90010,E09000016,Havering,25,25,,,True
performing-arts,exact,90010,E09000017,Hillingdon,35,35,,,True
performing-arts,exact,90010,E09000018,Hounslow,65,70,158.1,0.286,False
performing-arts,exact,90010,E09000019,Islington,330,335,151.0,0.364,False
performing-arts,exact,90010,E09000020,Kensington and Chelsea,115,125,135.7,0.409,False
performing-arts,exact,90010,E09000021,Kingston upon Thames,50,50,112.1,0.444,False
performing-arts,exact,90010,E09000022,Lambeth,165,165,133.8,0.394,False
performing-arts,exact,90010,E09000023,Lewisham,175,170,134.5,0.333,False
performing-arts,exact,90010,E09000024,Merton,45,45,144.3,0.25,False
performing-arts,exact,90010,E09000025,Newham,55,55,144.3,0.3,False
performing-arts,exact,90010,E09000026,Redbridge,45,50,173.3,0.2,False
performing-arts,exact,90010,E09000027,Richmond upon Thames,130,135,135.7,0.385,False
performing-arts,exact,90010,E09000028,Southwark,255,265,161.8,0.294,False
performing-arts,exact,90010,E09000029,Sutton,30,30,,,True
performing-arts,exact,90010,E09000030,Tower Hamlets,155,155,131.6,0.406,False
performing-arts,exact,90010,E09000031,Waltham Forest,105,105,122.6,0.4,False
performing-arts,exact,90010,E09000032,Wandsworth,135,135,123.2,0.407,False
performing-arts,exact,90010,E09000033,Westminster,1475,1490,204.9,0.28,False
performing-arts,exact,90010,E92000001,England,11160,11290,162.6,0.296,False
performing-arts,exact,90010,E12000007,London,5635,5710,161.9,0.318,False
sports-fitness,shared,93130+93110,E09000002,Barking and Dagenham,10,20,,,True
sports-fitness,shared,93130+93110,E09000003,Barnet,75,100,158.1,0.333,False
sports-fitness,shared,93130+93110,E09000004,Bexley,30,40,,,True
sports-fitness,shared,93130+93110,E09000005,Brent,45,65,70.7,0.571,False
sports-fitness,shared,93130+93110,E09000006,Bromley,70,85,125.7,0.417,False
sports-fitness,shared,93130+93110,E09000007,Camden,80,115,173.3,0.312,False
sports-fitness,shared,93130+93110,E09000001,City of London,40,75,250.0,0.333,False
sports-fitness,shared,93130+93110,E09000008,Croydon,40,55,50.0,0.667,False
sports-fitness,shared,93130+93110,E09000009,Ealing,40,60,50.0,0.667,False
sports-fitness,shared,93130+93110,E09000010,Enfield,50,65,100.0,0.5,False
sports-fitness,shared,93130+93110,E09000011,Greenwich,30,55,,,True
sports-fitness,shared,93130+93110,E09000012,Hackney,80,90,135.7,0.429,False
sports-fitness,shared,93130+93110,E09000013,Hammersmith and Fulham,50,65,100.0,0.5,False
sports-fitness,shared,93130+93110,E09000014,Haringey,60,70,84.1,0.556,False
sports-fitness,shared,93130+93110,E09000015,Harrow,30,40,,,True
sports-fitness,shared,93130+93110,E09000016,Havering,40,60,158.1,0.2,False
sports-fitness,shared,93130+93110,E09000017,Hillingdon,45,65,158.1,0.25,False
sports-fitness,shared,93130+93110,E09000018,Hounslow,45,65,158.1,0.333,False
sports-fitness,shared,93130+93110,E09000019,Islington,75,100,100.0,0.5,False
sports-fitness,shared,93130+93110,E09000020,Kensington and Chelsea,55,65,177.3,0.222,False
sports-fitness,shared,93130+93110,E09000021,Kingston upon Thames,25,40,,,True
sports-fitness,shared,93130+93110,E09000022,Lambeth,55,75,250.0,0.2,False
sports-fitness,shared,93130+93110,E09000023,Lewisham,40,50,135.7,0.375,False
sports-fitness,shared,93130+93110,E09000024,Merton,35,50,,,True
sports-fitness,shared,93130+93110,E09000025,Newham,30,45,,,True
sports-fitness,shared,93130+93110,E09000026,Redbridge,25,45,,,True
sports-fitness,shared,93130+93110,E09000027,Richmond upon Thames,65,80,158.1,0.333,False
sports-fitness,shared,93130+93110,E09000028,Southwark,45,70,250.0,0.25,False
sports-fitness,shared,93130+93110,E09000029,Sutton,20,35,,,True
sports-fitness,shared,93130+93110,E09000030,Tower Hamlets,70,100,141.0,0.4,False
sports-fitness,shared,93130+93110,E09000031,Waltham Forest,35,50,,,True
sports-fitness,shared,93130+93110,E09000032,Wandsworth,95,125,170.7,0.294,False
sports-fitness,shared,93130+93110,E09000033,Westminster,130,160,228.1,0.32,False
sports-fitness,shared,93130+93110,E92000001,England,9740,12955,147.5,0.359,False
sports-fitness,shared,93130+93110,E12000007,London,1645,2280,160.5,0.358,False
yoga-pilates-studios,shared,93130,E09000002,Barking and Dagenham,5,5,,,True
yoga-pilates-studios,shared,93130,E09000003,Barnet,50,60,100.0,0.5,False
yoga-pilates-studios,shared,93130,E09000004,Bexley,15,20,,,True
yoga-pilates-studios,shared,93130,E09000005,Brent,30,40,,,True
yoga-pilates-studios,shared,93130,E09000006,Bromley,45,55,100.0,0.5,False
yoga-pilates-studios,shared,93130,E09000007,Camden,50,75,177.3,0.273,False
yoga-pilates-studios,shared,93130,E09000001,City of London,20,50,,,True
yoga-pilates-studios,shared,93130,E09000008,Croydon,25,35,,,True
yoga-pilates-studios,shared,93130,E09000009,Ealing,30,40,,,True
yoga-pilates-studios,shared,93130,E09000010,Enfield,25,30,,,True
yoga-pilates-studios,shared,93130,E09000011,Greenwich,15,25,,,True
yoga-pilates-studios,shared,93130,E09000012,Hackney,65,70,100.0,0.5,False
yoga-pilates-studios,shared,93130,E09000013,Hammersmith and Fulham,30,40,,,True
yoga-pilates-studios,shared,93130,E09000014,Haringey,45,55,70.7,0.625,False
yoga-pilates-studios,shared,93130,E09000015,Harrow,20,20,,,True
yoga-pilates-studios,shared,93130,E09000016,Havering,25,30,,,True
yoga-pilates-studios,shared,93130,E09000017,Hillingdon,30,40,,,True
yoga-pilates-studios,shared,93130,E09000018,Hounslow,25,35,,,True
yoga-pilates-studios,shared,93130,E09000019,Islington,60,75,100.0,0.5,False
yoga-pilates-studios,shared,93130,E09000020,Kensington and Chelsea,40,45,158.1,0.286,False
yoga-pilates-studios,shared,93130,E09000021,Kingston upon Thames,15,25,,,True
yoga-pilates-studios,shared,93130,E09000022,Lambeth,45,55,214.6,0.222,False
yoga-pilates-studios,shared,93130,E09000023,Lewisham,25,30,,,True
yoga-pilates-studios,shared,93130,E09000024,Merton,20,30,,,True
yoga-pilates-studios,shared,93130,E09000025,Newham,15,25,,,True
yoga-pilates-studios,shared,93130,E09000026,Redbridge,15,20,,,True
yoga-pilates-studios,shared,93130,E09000027,Richmond upon Thames,35,40,,,True
yoga-pilates-studios,shared,93130,E09000028,Southwark,30,40,,,True
yoga-pilates-studios,shared,93130,E09000029,Sutton,15,20,,,True
yoga-pilates-studios,shared,93130,E09000030,Tower Hamlets,55,80,135.7,0.417,False
yoga-pilates-studios,shared,93130,E09000031,Waltham Forest,25,30,,,True
yoga-pilates-studios,shared,93130,E09000032,Wandsworth,65,80,141.0,0.385,False
yoga-pilates-studios,shared,93130,E09000033,Westminster,90,120,177.3,0.353,False
yoga-pilates-studios,shared,93130,E92000001,England,5015,6275,117.4,0.436,False
yoga-pilates-studios,shared,93130,E12000007,London,1095,1440,131.8,0.414,False
personal-training,shared,93130+85510,E09000002,Barking and Dagenham,10,5,,,True
personal-training,shared,93130+85510,E09000003,Barnet,105,120,116.5,0.45,False
personal-training,shared,93130+85510,E09000004,Bexley,45,50,135.7,0.4,False
personal-training,shared,93130+85510,E09000005,Brent,60,70,84.1,0.583,False
personal-training,shared,93130+85510,E09000006,Bromley,80,90,100.0,0.5,False
personal-training,shared,93130+85510,E09000007,Camden,105,130,125.7,0.409,False
personal-training,shared,93130+85510,E09000001,City of London,25,55,,,True
personal-training,shared,93130+85510,E09000008,Croydon,60,70,91.7,0.545,False
personal-training,shared,93130+85510,E09000009,Ealing,55,65,64.8,0.778,False
personal-training,shared,93130+85510,E09000010,Enfield,60,65,100.0,0.5,False
personal-training,shared,93130+85510,E09000011,Greenwich,35,45,,,True
personal-training,shared,93130+85510,E09000012,Hackney,110,115,95.2,0.524,False
personal-training,shared,93130+85510,E09000013,Hammersmith and Fulham,65,80,93.3,0.545,False
personal-training,shared,93130+85510,E09000014,Haringey,75,85,81.2,0.615,False
personal-training,shared,93130+85510,E09000015,Harrow,40,40,70.7,0.667,False
personal-training,shared,93130+85510,E09000016,Havering,45,55,135.7,0.375,False
personal-training,shared,93130+85510,E09000017,Hillingdon,60,70,112.1,0.455,False
personal-training,shared,93130+85510,E09000018,Hounslow,50,65,125.7,0.4,False
personal-training,shared,93130+85510,E09000019,Islington,100,110,109.6,0.474,False
personal-training,shared,93130+85510,E09000020,Kensington and Chelsea,55,65,141.0,0.333,False
personal-training,shared,93130+85510,E09000021,Kingston upon Thames,50,60,135.7,0.375,False
personal-training,shared,93130+85510,E09000022,Lambeth,75,85,170.7,0.267,False
personal-training,shared,93130+85510,E09000023,Lewisham,60,65,144.3,0.3,False
personal-training,shared,93130+85510,E09000024,Merton,55,65,125.7,0.455,False
personal-training,shared,93130+85510,E09000025,Newham,25,40,,,True
personal-training,shared,93130+85510,E09000026,Redbridge,45,50,100.0,0.5,False
personal-training,shared,93130+85510,E09000027,Richmond upon Thames,70,75,125.7,0.417,False
personal-training,shared,93130+85510,E09000028,Southwark,60,70,125.7,0.417,False
personal-training,shared,93130+85510,E09000029,Sutton,35,40,,,True
personal-training,shared,93130+85510,E09000030,Tower Hamlets,90,120,116.5,0.444,False
personal-training,shared,93130+85510,E09000031,Waltham Forest,50,55,100.0,0.5,False
personal-training,shared,93130+85510,E09000032,Wandsworth,125,140,129.0,0.4,False
personal-training,shared,93130+85510,E09000033,Westminster,140,170,135.7,0.423,False
personal-training,shared,93130+85510,E92000001,England,10890,12245,125.5,0.404,False
personal-training,shared,93130+85510,E12000007,London,2110,2470,121.5,0.434,False
museums-cultural,exact,91020,E09000002,Barking and Dagenham,0,0,,,True
museums-cultural,exact,91020,E09000003,Barnet,5,5,,,True
museums-cultural,exact,91020,E09000004,Bexley,0,0,,,True
museums-cultural,exact,91020,E09000005,Brent,0,0,,,True
museums-cultural,exact,91020,E09000006,Bromley,5,5,,,True
museums-cultural,exact,91020,E09000007,Camden,20,20,,,True
museums-cultural,exact,91020,E09000001,City of London,5,5,,,True
museums-cultural,exact,91020,E09000008,Croydon,0,0,,,True
museums-cultural,exact,91020,E09000009,Ealing,5,0,,,True
museums-cultural,exact,91020,E09000010,Enfield,0,0,,,True
museums-cultural,exact,91020,E09000011,Greenwich,5,10,,,True
museums-cultural,exact,91020,E09000012,Hackney,10,10,,,True
museums-cultural,exact,91020,E09000013,Hammersmith and Fulham,0,0,,,True
museums-cultural,exact,91020,E09000014,Haringey,0,0,,,True
museums-cultural,exact,91020,E09000015,Harrow,0,0,,,True
museums-cultural,exact,91020,E09000016,Havering,0,0,,,True
museums-cultural,exact,91020,E09000017,Hillingdon,0,0,,,True
museums-cultural,exact,91020,E09000018,Hounslow,5,5,,,True
museums-cultural,exact,91020,E09000019,Islington,10,10,,,True
museums-cultural,exact,91020,E09000020,Kensington and Chelsea,15,15,,,True
museums-cultural,exact,91020,E09000021,Kingston upon Thames,0,5,,,True
museums-cultural,exact,91020,E09000022,Lambeth,10,10,,,True
museums-cultural,exact,91020,E09000023,Lewisham,10,10,,,True
museums-cultural,exact,91020,E09000024,Merton,0,0,,,True
museums-cultural,exact,91020,E09000025,Newham,0,0,,,True
museums-cultural,exact,91020,E09000026,Redbridge,0,0,,,True
museums-cultural,exact,91020,E09000027,Richmond upon Thames,5,5,,,True
museums-cultural,exact,91020,E09000028,Southwark,15,25,,,True
museums-cultural,exact,91020,E09000029,Sutton,0,0,,,True
museums-cultural,exact,91020,E09000030,Tower Hamlets,10,20,,,True
museums-cultural,exact,91020,E09000031,Waltham Forest,0,5,,,True
museums-cultural,exact,91020,E09000032,Wandsworth,5,0,,,True
museums-cultural,exact,91020,E09000033,Westminster,35,35,,,True
museums-cultural,exact,91020,E92000001,England,715,1095,194.3,0.299,False
museums-cultural,exact,91020,E12000007,London,180,220,166.4,0.353,False
gambling-amusement,exact,92000+93290,E09000002,Barking and Dagenham,5,45,,,True
gambling-amusement,exact,92000+93290,E09000003,Barnet,65,120,177.3,0.308,False
gambling-amusement,exact,92000+93290,E09000004,Bexley,10,40,,,True
gambling-amusement,exact,92000+93290,E09000005,Brent,35,105,,,True
gambling-amusement,exact,92000+93290,E09000006,Bromley,45,80,125.7,0.429,False
gambling-amusement,exact,92000+93290,E09000007,Camden,120,560,170.7,0.333,False
gambling-amusement,exact,92000+93290,E09000001,City of London,40,45,1000.0,0.0,False
gambling-amusement,exact,92000+93290,E09000008,Croydon,10,65,,,True
gambling-amusement,exact,92000+93290,E09000009,Ealing,35,95,,,True
gambling-amusement,exact,92000+93290,E09000010,Enfield,25,105,,,True
gambling-amusement,exact,92000+93290,E09000011,Greenwich,20,65,,,True
gambling-amusement,exact,92000+93290,E09000012,Hackney,80,130,141.0,0.4,False
gambling-amusement,exact,92000+93290,E09000013,Hammersmith and Fulham,50,75,100.0,0.5,False
gambling-amusement,exact,92000+93290,E09000014,Haringey,35,120,,,True
gambling-amusement,exact,92000+93290,E09000015,Harrow,10,55,,,True
gambling-amusement,exact,92000+93290,E09000016,Havering,25,65,,,True
gambling-amusement,exact,92000+93290,E09000017,Hillingdon,25,70,,,True
gambling-amusement,exact,92000+93290,E09000018,Hounslow,25,70,,,True
gambling-amusement,exact,92000+93290,E09000019,Islington,85,130,141.0,0.4,False
gambling-amusement,exact,92000+93290,E09000020,Kensington and Chelsea,25,50,,,True
gambling-amusement,exact,92000+93290,E09000021,Kingston upon Thames,20,40,,,True
gambling-amusement,exact,92000+93290,E09000022,Lambeth,40,75,158.1,0.286,False
gambling-amusement,exact,92000+93290,E09000023,Lewisham,20,60,,,True
gambling-amusement,exact,92000+93290,E09000024,Merton,25,45,,,True
gambling-amusement,exact,92000+93290,E09000025,Newham,20,90,,,True
gambling-amusement,exact,92000+93290,E09000026,Redbridge,15,70,,,True
gambling-amusement,exact,92000+93290,E09000027,Richmond upon Thames,45,60,131.6,0.333,False
gambling-amusement,exact,92000+93290,E09000028,Southwark,55,105,158.1,0.364,False
gambling-amusement,exact,92000+93290,E09000029,Sutton,10,30,,,True
gambling-amusement,exact,92000+93290,E09000030,Tower Hamlets,45,90,135.7,0.375,False
gambling-amusement,exact,92000+93290,E09000031,Waltham Forest,30,80,,,True
gambling-amusement,exact,92000+93290,E09000032,Wandsworth,40,75,158.1,0.375,False
gambling-amusement,exact,92000+93290,E09000033,Westminster,185,245,250.0,0.278,False
gambling-amusement,exact,92000+93290,E92000001,England,6865,13795,166.5,0.33,False
gambling-amusement,exact,92000+93290,E12000007,London,1320,3145,170.1,0.335,False
hairdressers-beauty,shared,96020,E09000002,Barking and Dagenham,140,140,68.9,0.75,False
hairdressers-beauty,shared,96020,E09000003,Barnet,445,455,71.4,0.708,False
hairdressers-beauty,shared,96020,E09000004,Bexley,230,235,90.3,0.556,False
hairdressers-beauty,shared,96020,E09000005,Brent,345,345,73.9,0.696,False
hairdressers-beauty,shared,96020,E09000006,Bromley,350,360,80.0,0.629,False
hairdressers-beauty,shared,96020,E09000007,Camden,445,450,76.4,0.618,False
hairdressers-beauty,shared,96020,E09000001,City of London,75,80,70.7,0.643,False
hairdressers-beauty,shared,96020,E09000008,Croydon,340,345,79.4,0.647,False
hairdressers-beauty,shared,96020,E09000009,Ealing,355,355,72.4,0.69,False
hairdressers-beauty,shared,96020,E09000010,Enfield,445,445,69.4,0.716,False
hairdressers-beauty,shared,96020,E09000011,Greenwich,230,230,75.8,0.674,False
hairdressers-beauty,shared,96020,E09000012,Hackney,320,330,72.9,0.662,False
hairdressers-beauty,shared,96020,E09000013,Hammersmith and Fulham,280,285,84.7,0.596,False
hairdressers-beauty,shared,96020,E09000014,Haringey,335,335,72.4,0.708,False
hairdressers-beauty,shared,96020,E09000015,Harrow,280,285,78.2,0.649,False
hairdressers-beauty,shared,96020,E09000016,Havering,235,240,82.0,0.625,False
hairdressers-beauty,shared,96020,E09000017,Hillingdon,260,265,81.2,0.615,False
hairdressers-beauty,shared,96020,E09000018,Hounslow,250,255,75.5,0.673,False
hairdressers-beauty,shared,96020,E09000019,Islington,310,320,77.4,0.639,False
hairdressers-beauty,shared,96020,E09000020,Kensington and Chelsea,300,315,131.6,0.397,False
hairdressers-beauty,shared,96020,E09000021,Kingston upon Thames,160,165,80.8,0.625,False
hairdressers-beauty,shared,96020,E09000022,Lambeth,310,315,69.7,0.7,False
hairdressers-beauty,shared,96020,E09000023,Lewisham,240,245,77.1,0.653,False
hairdressers-beauty,shared,96020,E09000024,Merton,180,190,70.7,0.703,False
hairdressers-beauty,shared,96020,E09000025,Newham,295,300,70.7,0.717,False
hairdressers-beauty,shared,96020,E09000026,Redbridge,275,275,75.6,0.691,False
hairdressers-beauty,shared,96020,E09000027,Richmond upon Thames,230,240,86.7,0.574,False
hairdressers-beauty,shared,96020,E09000028,Southwark,295,295,81.5,0.61,False
hairdressers-beauty,shared,96020,E09000029,Sutton,195,200,85.9,0.59,False
hairdressers-beauty,shared,96020,E09000030,Tower Hamlets,280,295,77.7,0.643,False
hairdressers-beauty,shared,96020,E09000031,Waltham Forest,280,280,72.7,0.702,False
hairdressers-beauty,shared,96020,E09000032,Wandsworth,335,350,89.1,0.552,False
hairdressers-beauty,shared,96020,E09000033,Westminster,640,675,111.0,0.468,False
hairdressers-beauty,shared,96020,E92000001,England,45040,45875,80.0,0.637,False
hairdressers-beauty,shared,96020,E12000007,London,9695,9895,78.6,0.634,False
barbershops,shared,96020,E09000002,Barking and Dagenham,140,140,68.9,0.75,False
barbershops,shared,96020,E09000003,Barnet,445,455,71.4,0.708,False
barbershops,shared,96020,E09000004,Bexley,230,235,90.3,0.556,False
barbershops,shared,96020,E09000005,Brent,345,345,73.9,0.696,False
barbershops,shared,96020,E09000006,Bromley,350,360,80.0,0.629,False
barbershops,shared,96020,E09000007,Camden,445,450,76.4,0.618,False
barbershops,shared,96020,E09000001,City of London,75,80,70.7,0.643,False
barbershops,shared,96020,E09000008,Croydon,340,345,79.4,0.647,False
barbershops,shared,96020,E09000009,Ealing,355,355,72.4,0.69,False
barbershops,shared,96020,E09000010,Enfield,445,445,69.4,0.716,False
barbershops,shared,96020,E09000011,Greenwich,230,230,75.8,0.674,False
barbershops,shared,96020,E09000012,Hackney,320,330,72.9,0.662,False
barbershops,shared,96020,E09000013,Hammersmith and Fulham,280,285,84.7,0.596,False
barbershops,shared,96020,E09000014,Haringey,335,335,72.4,0.708,False
barbershops,shared,96020,E09000015,Harrow,280,285,78.2,0.649,False
barbershops,shared,96020,E09000016,Havering,235,240,82.0,0.625,False
barbershops,shared,96020,E09000017,Hillingdon,260,265,81.2,0.615,False
barbershops,shared,96020,E09000018,Hounslow,250,255,75.5,0.673,False
barbershops,shared,96020,E09000019,Islington,310,320,77.4,0.639,False
barbershops,shared,96020,E09000020,Kensington and Chelsea,300,315,131.6,0.397,False
barbershops,shared,96020,E09000021,Kingston upon Thames,160,165,80.8,0.625,False
barbershops,shared,96020,E09000022,Lambeth,310,315,69.7,0.7,False
barbershops,shared,96020,E09000023,Lewisham,240,245,77.1,0.653,False
barbershops,shared,96020,E09000024,Merton,180,190,70.7,0.703,False
barbershops,shared,96020,E09000025,Newham,295,300,70.7,0.717,False
barbershops,shared,96020,E09000026,Redbridge,275,275,75.6,0.691,False
barbershops,shared,96020,E09000027,Richmond upon Thames,230,240,86.7,0.574,False
barbershops,shared,96020,E09000028,Southwark,295,295,81.5,0.61,False
barbershops,shared,96020,E09000029,Sutton,195,200,85.9,0.59,False
barbershops,shared,96020,E09000030,Tower Hamlets,280,295,77.7,0.643,False
barbershops,shared,96020,E09000031,Waltham Forest,280,280,72.7,0.702,False
barbershops,shared,96020,E09000032,Wandsworth,335,350,89.1,0.552,False
barbershops,shared,96020,E09000033,Westminster,640,675,111.0,0.468,False
barbershops,shared,96020,E92000001,England,45040,45875,80.0,0.637,False
barbershops,shared,96020,E12000007,London,9695,9895,78.6,0.634,False
nail-salons,shared,96020,E09000002,Barking and Dagenham,140,140,68.9,0.75,False
nail-salons,shared,96020,E09000003,Barnet,445,455,71.4,0.708,False
nail-salons,shared,96020,E09000004,Bexley,230,235,90.3,0.556,False
nail-salons,shared,96020,E09000005,Brent,345,345,73.9,0.696,False
nail-salons,shared,96020,E09000006,Bromley,350,360,80.0,0.629,False
nail-salons,shared,96020,E09000007,Camden,445,450,76.4,0.618,False
nail-salons,shared,96020,E09000001,City of London,75,80,70.7,0.643,False
nail-salons,shared,96020,E09000008,Croydon,340,345,79.4,0.647,False
nail-salons,shared,96020,E09000009,Ealing,355,355,72.4,0.69,False
nail-salons,shared,96020,E09000010,Enfield,445,445,69.4,0.716,False
nail-salons,shared,96020,E09000011,Greenwich,230,230,75.8,0.674,False
nail-salons,shared,96020,E09000012,Hackney,320,330,72.9,0.662,False
nail-salons,shared,96020,E09000013,Hammersmith and Fulham,280,285,84.7,0.596,False
nail-salons,shared,96020,E09000014,Haringey,335,335,72.4,0.708,False
nail-salons,shared,96020,E09000015,Harrow,280,285,78.2,0.649,False
nail-salons,shared,96020,E09000016,Havering,235,240,82.0,0.625,False
nail-salons,shared,96020,E09000017,Hillingdon,260,265,81.2,0.615,False
nail-salons,shared,96020,E09000018,Hounslow,250,255,75.5,0.673,False
nail-salons,shared,96020,E09000019,Islington,310,320,77.4,0.639,False
nail-salons,shared,96020,E09000020,Kensington and Chelsea,300,315,131.6,0.397,False
nail-salons,shared,96020,E09000021,Kingston upon Thames,160,165,80.8,0.625,False
nail-salons,shared,96020,E09000022,Lambeth,310,315,69.7,0.7,False
nail-salons,shared,96020,E09000023,Lewisham,240,245,77.1,0.653,False
nail-salons,shared,96020,E09000024,Merton,180,190,70.7,0.703,False
nail-salons,shared,96020,E09000025,Newham,295,300,70.7,0.717,False
nail-salons,shared,96020,E09000026,Redbridge,275,275,75.6,0.691,False
nail-salons,shared,96020,E09000027,Richmond upon Thames,230,240,86.7,0.574,False
nail-salons,shared,96020,E09000028,Southwark,295,295,81.5,0.61,False
nail-salons,shared,96020,E09000029,Sutton,195,200,85.9,0.59,False
nail-salons,shared,96020,E09000030,Tower Hamlets,280,295,77.7,0.643,False
nail-salons,shared,96020,E09000031,Waltham Forest,280,280,72.7,0.702,False
nail-salons,shared,96020,E09000032,Wandsworth,335,350,89.1,0.552,False
nail-salons,shared,96020,E09000033,Westminster,640,675,111.0,0.468,False
nail-salons,shared,96020,E92000001,England,45040,45875,80.0,0.637,False
nail-salons,shared,96020,E12000007,London,9695,9895,78.6,0.634,False
day-spas,shared,96040,E09000002,Barking and Dagenham,5,5,,,True
day-spas,shared,96040,E09000003,Barnet,25,30,,,True
day-spas,shared,96040,E09000004,Bexley,15,15,,,True
day-spas,shared,96040,E09000005,Brent,15,15,,,True
day-spas,shared,96040,E09000006,Bromley,25,25,,,True
day-spas,shared,96040,E09000007,Camden,65,65,50.0,0.75,False
day-spas,shared,96040,E09000001,City of London,15,15,,,True
day-spas,shared,96040,E09000008,Croydon,15,15,,,True
day-spas,shared,96040,E09000009,Ealing,30,30,,,True
day-spas,shared,96040,E09000010,Enfield,20,20,,,True
day-spas,shared,96040,E09000011,Greenwich,15,15,,,True
day-spas,shared,96040,E09000012,Hackney,35,35,,,True
day-spas,shared,96040,E09000013,Hammersmith and Fulham,30,30,,,True
day-spas,shared,96040,E09000014,Haringey,25,25,,,True
day-spas,shared,96040,E09000015,Harrow,15,15,,,True
day-spas,shared,96040,E09000016,Havering,15,15,,,True
day-spas,shared,96040,E09000017,Hillingdon,15,15,,,True
day-spas,shared,96040,E09000018,Hounslow,15,15,,,True
day-spas,shared,96040,E09000019,Islington,45,45,59.5,0.667,False
day-spas,shared,96040,E09000020,Kensington and Chelsea,25,25,,,True
day-spas,shared,96040,E09000021,Kingston upon Thames,15,15,,,True
day-spas,shared,96040,E09000022,Lambeth,25,25,,,True
day-spas,shared,96040,E09000023,Lewisham,20,20,,,True
day-spas,shared,96040,E09000024,Merton,20,20,,,True
day-spas,shared,96040,E09000025,Newham,15,15,,,True
day-spas,shared,96040,E09000026,Redbridge,15,15,,,True
day-spas,shared,96040,E09000027,Richmond upon Thames,35,35,,,True
day-spas,shared,96040,E09000028,Southwark,25,25,,,True
day-spas,shared,96040,E09000029,Sutton,15,15,,,True
day-spas,shared,96040,E09000030,Tower Hamlets,30,35,,,True
day-spas,shared,96040,E09000031,Waltham Forest,15,15,,,True
day-spas,shared,96040,E09000032,Wandsworth,50,50,50.0,0.625,False
day-spas,shared,96040,E09000033,Westminster,85,85,158.1,0.312,False
day-spas,shared,96040,E92000001,England,3185,3280,76.6,0.581,False
day-spas,shared,96040,E12000007,London,825,845,71.5,0.59,False
massage-therapy-clinics,shared,96040,E09000002,Barking and Dagenham,5,5,,,True
massage-therapy-clinics,shared,96040,E09000003,Barnet,25,30,,,True
massage-therapy-clinics,shared,96040,E09000004,Bexley,15,15,,,True
massage-therapy-clinics,shared,96040,E09000005,Brent,15,15,,,True
massage-therapy-clinics,shared,96040,E09000006,Bromley,25,25,,,True
massage-therapy-clinics,shared,96040,E09000007,Camden,65,65,50.0,0.75,False
massage-therapy-clinics,shared,96040,E09000001,City of London,15,15,,,True
massage-therapy-clinics,shared,96040,E09000008,Croydon,15,15,,,True
massage-therapy-clinics,shared,96040,E09000009,Ealing,30,30,,,True
massage-therapy-clinics,shared,96040,E09000010,Enfield,20,20,,,True
massage-therapy-clinics,shared,96040,E09000011,Greenwich,15,15,,,True
massage-therapy-clinics,shared,96040,E09000012,Hackney,35,35,,,True
massage-therapy-clinics,shared,96040,E09000013,Hammersmith and Fulham,30,30,,,True
massage-therapy-clinics,shared,96040,E09000014,Haringey,25,25,,,True
massage-therapy-clinics,shared,96040,E09000015,Harrow,15,15,,,True
massage-therapy-clinics,shared,96040,E09000016,Havering,15,15,,,True
massage-therapy-clinics,shared,96040,E09000017,Hillingdon,15,15,,,True
massage-therapy-clinics,shared,96040,E09000018,Hounslow,15,15,,,True
massage-therapy-clinics,shared,96040,E09000019,Islington,45,45,59.5,0.667,False
massage-therapy-clinics,shared,96040,E09000020,Kensington and Chelsea,25,25,,,True
massage-therapy-clinics,shared,96040,E09000021,Kingston upon Thames,15,15,,,True
massage-therapy-clinics,shared,96040,E09000022,Lambeth,25,25,,,True
massage-therapy-clinics,shared,96040,E09000023,Lewisham,20,20,,,True
massage-therapy-clinics,shared,96040,E09000024,Merton,20,20,,,True
massage-therapy-clinics,shared,96040,E09000025,Newham,15,15,,,True
massage-therapy-clinics,shared,96040,E09000026,Redbridge,15,15,,,True
massage-therapy-clinics,shared,96040,E09000027,Richmond upon Thames,35,35,,,True
massage-therapy-clinics,shared,96040,E09000028,Southwark,25,25,,,True
massage-therapy-clinics,shared,96040,E09000029,Sutton,15,15,,,True
massage-therapy-clinics,shared,96040,E09000030,Tower Hamlets,30,35,,,True
massage-therapy-clinics,shared,96040,E09000031,Waltham Forest,15,15,,,True
massage-therapy-clinics,shared,96040,E09000032,Wandsworth,50,50,50.0,0.625,False
massage-therapy-clinics,shared,96040,E09000033,Westminster,85,85,158.1,0.312,False
massage-therapy-clinics,shared,96040,E92000001,England,3185,3280,76.6,0.581,False
massage-therapy-clinics,shared,96040,E12000007,London,825,845,71.5,0.59,False
tanning-salons,shared,96040,E09000002,Barking and Dagenham,5,5,,,True
tanning-salons,shared,96040,E09000003,Barnet,25,30,,,True
tanning-salons,shared,96040,E09000004,Bexley,15,15,,,True
tanning-salons,shared,96040,E09000005,Brent,15,15,,,True
tanning-salons,shared,96040,E09000006,Bromley,25,25,,,True
tanning-salons,shared,96040,E09000007,Camden,65,65,50.0,0.75,False
tanning-salons,shared,96040,E09000001,City of London,15,15,,,True
tanning-salons,shared,96040,E09000008,Croydon,15,15,,,True
tanning-salons,shared,96040,E09000009,Ealing,30,30,,,True
tanning-salons,shared,96040,E09000010,Enfield,20,20,,,True
tanning-salons,shared,96040,E09000011,Greenwich,15,15,,,True
tanning-salons,shared,96040,E09000012,Hackney,35,35,,,True
tanning-salons,shared,96040,E09000013,Hammersmith and Fulham,30,30,,,True
tanning-salons,shared,96040,E09000014,Haringey,25,25,,,True
tanning-salons,shared,96040,E09000015,Harrow,15,15,,,True
tanning-salons,shared,96040,E09000016,Havering,15,15,,,True
tanning-salons,shared,96040,E09000017,Hillingdon,15,15,,,True
tanning-salons,shared,96040,E09000018,Hounslow,15,15,,,True
tanning-salons,shared,96040,E09000019,Islington,45,45,59.5,0.667,False
tanning-salons,shared,96040,E09000020,Kensington and Chelsea,25,25,,,True
tanning-salons,shared,96040,E09000021,Kingston upon Thames,15,15,,,True
tanning-salons,shared,96040,E09000022,Lambeth,25,25,,,True
tanning-salons,shared,96040,E09000023,Lewisham,20,20,,,True
tanning-salons,shared,96040,E09000024,Merton,20,20,,,True
tanning-salons,shared,96040,E09000025,Newham,15,15,,,True
tanning-salons,shared,96040,E09000026,Redbridge,15,15,,,True
tanning-salons,shared,96040,E09000027,Richmond upon Thames,35,35,,,True
tanning-salons,shared,96040,E09000028,Southwark,25,25,,,True
tanning-salons,shared,96040,E09000029,Sutton,15,15,,,True
tanning-salons,shared,96040,E09000030,Tower Hamlets,30,35,,,True
tanning-salons,shared,96040,E09000031,Waltham Forest,15,15,,,True
tanning-salons,shared,96040,E09000032,Wandsworth,50,50,50.0,0.625,False
tanning-salons,shared,96040,E09000033,Westminster,85,85,158.1,0.312,False
tanning-salons,shared,96040,E92000001,England,3185,3280,76.6,0.581,False
tanning-salons,shared,96040,E12000007,London,825,845,71.5,0.59,False
brow-lash-studios,shared,96020,E09000002,Barking and Dagenham,140,140,68.9,0.75,False
brow-lash-studios,shared,96020,E09000003,Barnet,445,455,71.4,0.708,False
brow-lash-studios,shared,96020,E09000004,Bexley,230,235,90.3,0.556,False
brow-lash-studios,shared,96020,E09000005,Brent,345,345,73.9,0.696,False
brow-lash-studios,shared,96020,E09000006,Bromley,350,360,80.0,0.629,False
brow-lash-studios,shared,96020,E09000007,Camden,445,450,76.4,0.618,False
brow-lash-studios,shared,96020,E09000001,City of London,75,80,70.7,0.643,False
brow-lash-studios,shared,96020,E09000008,Croydon,340,345,79.4,0.647,False
brow-lash-studios,shared,96020,E09000009,Ealing,355,355,72.4,0.69,False
brow-lash-studios,shared,96020,E09000010,Enfield,445,445,69.4,0.716,False
brow-lash-studios,shared,96020,E09000011,Greenwich,230,230,75.8,0.674,False
brow-lash-studios,shared,96020,E09000012,Hackney,320,330,72.9,0.662,False
brow-lash-studios,shared,96020,E09000013,Hammersmith and Fulham,280,285,84.7,0.596,False
brow-lash-studios,shared,96020,E09000014,Haringey,335,335,72.4,0.708,False
brow-lash-studios,shared,96020,E09000015,Harrow,280,285,78.2,0.649,False
brow-lash-studios,shared,96020,E09000016,Havering,235,240,82.0,0.625,False
brow-lash-studios,shared,96020,E09000017,Hillingdon,260,265,81.2,0.615,False
brow-lash-studios,shared,96020,E09000018,Hounslow,250,255,75.5,0.673,False
brow-lash-studios,shared,96020,E09000019,Islington,310,320,77.4,0.639,False
brow-lash-studios,shared,96020,E09000020,Kensington and Chelsea,300,315,131.6,0.397,False
brow-lash-studios,shared,96020,E09000021,Kingston upon Thames,160,165,80.8,0.625,False
brow-lash-studios,shared,96020,E09000022,Lambeth,310,315,69.7,0.7,False
brow-lash-studios,shared,96020,E09000023,Lewisham,240,245,77.1,0.653,False
brow-lash-studios,shared,96020,E09000024,Merton,180,190,70.7,0.703,False
brow-lash-studios,shared,96020,E09000025,Newham,295,300,70.7,0.717,False
brow-lash-studios,shared,96020,E09000026,Redbridge,275,275,75.6,0.691,False
brow-lash-studios,shared,96020,E09000027,Richmond upon Thames,230,240,86.7,0.574,False
brow-lash-studios,shared,96020,E09000028,Southwark,295,295,81.5,0.61,False
brow-lash-studios,shared,96020,E09000029,Sutton,195,200,85.9,0.59,False
brow-lash-studios,shared,96020,E09000030,Tower Hamlets,280,295,77.7,0.643,False
brow-lash-studios,shared,96020,E09000031,Waltham Forest,280,280,72.7,0.702,False
brow-lash-studios,shared,96020,E09000032,Wandsworth,335,350,89.1,0.552,False
brow-lash-studios,shared,96020,E09000033,Westminster,640,675,111.0,0.468,False
brow-lash-studios,shared,96020,E92000001,England,45040,45875,80.0,0.637,False
brow-lash-studios,shared,96020,E12000007,London,9695,9895,78.6,0.634,False
tattoo-piercing-studios,approx,96090,E09000002,Barking and Dagenham,50,55,112.1,0.455,False
tattoo-piercing-studios,approx,96090,E09000003,Barnet,255,260,130.6,0.36,False
tattoo-piercing-studios,approx,96090,E09000004,Bexley,75,80,125.7,0.4,False
tattoo-piercing-studios,approx,96090,E09000005,Brent,120,135,118.1,0.417,False
tattoo-piercing-studios,approx,96090,E09000006,Bromley,140,150,142.3,0.321,False
tattoo-piercing-studios,approx,96090,E09000007,Camden,380,385,127.7,0.395,False
tattoo-piercing-studios,approx,96090,E09000001,City of London,155,170,187.8,0.31,False
tattoo-piercing-studios,approx,96090,E09000008,Croydon,120,135,110.7,0.458,False
tattoo-piercing-studios,approx,96090,E09000009,Ealing,175,180,137.0,0.343,False
tattoo-piercing-studios,approx,96090,E09000010,Enfield,130,140,104.3,0.481,False
tattoo-piercing-studios,approx,96090,E09000011,Greenwich,90,90,151.0,0.235,False
tattoo-piercing-studios,approx,96090,E09000012,Hackney,195,205,139.2,0.333,False
tattoo-piercing-studios,approx,96090,E09000013,Hammersmith and Fulham,175,190,143.6,0.286,False
tattoo-piercing-studios,approx,96090,E09000014,Haringey,145,150,134.5,0.31,False
tattoo-piercing-studios,approx,96090,E09000015,Harrow,115,120,106.8,0.478,False
tattoo-piercing-studios,approx,96090,E09000016,Havering,90,95,149.3,0.316,False
tattoo-piercing-studios,approx,96090,E09000017,Hillingdon,150,150,131.6,0.4,False
tattoo-piercing-studios,approx,96090,E09000018,Hounslow,120,130,137.8,0.36,False
tattoo-piercing-studios,approx,96090,E09000019,Islington,295,300,120.6,0.424,False
tattoo-piercing-studios,approx,96090,E09000020,Kensington and Chelsea,250,265,158.1,0.2,False
tattoo-piercing-studios,approx,96090,E09000021,Kingston upon Thames,75,75,148.1,0.286,False
tattoo-piercing-studios,approx,96090,E09000022,Lambeth,140,155,137.3,0.345,False
tattoo-piercing-studios,approx,96090,E09000023,Lewisham,110,110,123.2,0.381,False
tattoo-piercing-studios,approx,96090,E09000024,Merton,125,125,153.4,0.208,False
tattoo-piercing-studios,approx,96090,E09000025,Newham,110,120,125.7,0.391,False
tattoo-piercing-studios,approx,96090,E09000026,Redbridge,125,130,125.7,0.4,False
tattoo-piercing-studios,approx,96090,E09000027,Richmond upon Thames,155,170,145.8,0.281,False
tattoo-piercing-studios,approx,96090,E09000028,Southwark,155,175,144.3,0.3,False
tattoo-piercing-studios,approx,96090,E09000029,Sutton,90,95,158.1,0.278,False
tattoo-piercing-studios,approx,96090,E09000030,Tower Hamlets,195,200,116.5,0.447,False
tattoo-piercing-studios,approx,96090,E09000031,Waltham Forest,110,115,120.1,0.409,False
tattoo-piercing-studios,approx,96090,E09000032,Wandsworth,225,235,135.7,0.318,False
tattoo-piercing-studios,approx,96090,E09000033,Westminster,520,555,148.1,0.356,False
tattoo-piercing-studios,approx,96090,E92000001,England,23205,24745,146.4,0.327,False
tattoo-piercing-studios,approx,96090,E12000007,London,5355,5660,137.0,0.35,False
auto-repair-shops,shared,45200,E09000002,Barking and Dagenham,170,175,158.1,0.294,False
auto-repair-shops,shared,45200,E09000003,Barnet,195,205,174.4,0.282,False
auto-repair-shops,shared,45200,E09000004,Bexley,150,175,165.5,0.31,False
auto-repair-shops,shared,45200,E09000005,Brent,245,255,162.4,0.312,False
auto-repair-shops,shared,45200,E09000006,Bromley,145,170,186.8,0.241,False
auto-repair-shops,shared,45200,E09000007,Camden,95,105,158.1,0.35,False
auto-repair-shops,shared,45200,E09000001,City of London,15,15,,,True
auto-repair-shops,shared,45200,E09000008,Croydon,205,230,167.4,0.275,False
auto-repair-shops,shared,45200,E09000009,Ealing,255,260,168.8,0.269,False
auto-repair-shops,shared,45200,E09000010,Enfield,220,235,167.4,0.295,False
auto-repair-shops,shared,45200,E09000011,Greenwich,95,105,184.2,0.278,False
auto-repair-shops,shared,45200,E09000012,Hackney,70,70,146.5,0.308,False
auto-repair-shops,shared,45200,E09000013,Hammersmith and Fulham,60,65,184.2,0.167,False
auto-repair-shops,shared,45200,E09000014,Haringey,105,110,177.3,0.25,False
auto-repair-shops,shared,45200,E09000015,Harrow,155,160,164.3,0.276,False
auto-repair-shops,shared,45200,E09000016,Havering,185,205,146.5,0.297,False
auto-repair-shops,shared,45200,E09000017,Hillingdon,225,250,145.8,0.341,False
auto-repair-shops,shared,45200,E09000018,Hounslow,170,195,152.2,0.333,False
auto-repair-shops,shared,45200,E09000019,Islington,45,50,91.7,0.556,False
auto-repair-shops,shared,45200,E09000020,Kensington and Chelsea,30,30,,,True
auto-repair-shops,shared,45200,E09000021,Kingston upon Thames,75,80,158.1,0.312,False
auto-repair-shops,shared,45200,E09000022,Lambeth,70,75,144.3,0.357,False
auto-repair-shops,shared,45200,E09000023,Lewisham,75,80,168.8,0.25,False
auto-repair-shops,shared,45200,E09000024,Merton,135,135,193.8,0.259,False
auto-repair-shops,shared,45200,E09000025,Newham,140,145,147.4,0.296,False
auto-repair-shops,shared,45200,E09000026,Redbridge,155,160,153.0,0.29,False
auto-repair-shops,shared,45200,E09000027,Richmond upon Thames,65,70,228.1,0.154,False
auto-repair-shops,shared,45200,E09000028,Southwark,60,65,146.5,0.308,False
auto-repair-shops,shared,45200,E09000029,Sutton,115,120,168.8,0.318,False
auto-repair-shops,shared,45200,E09000030,Tower Hamlets,95,100,131.6,0.333,False
auto-repair-shops,shared,45200,E09000031,Waltham Forest,120,135,144.3,0.333,False
auto-repair-shops,shared,45200,E09000032,Wandsworth,60,65,222.9,0.182,False
auto-repair-shops,shared,45200,E09000033,Westminster,40,40,100.0,0.5,False
auto-repair-shops,shared,45200,E92000001,England,43065,46695,185.3,0.248,False
auto-repair-shops,shared,45200,E12000007,London,4040,4345,162.4,0.296,False
auto-body-shops,shared,45200,E09000002,Barking and Dagenham,170,175,158.1,0.294,False
auto-body-shops,shared,45200,E09000003,Barnet,195,205,174.4,0.282,False
auto-body-shops,shared,45200,E09000004,Bexley,150,175,165.5,0.31,False
auto-body-shops,shared,45200,E09000005,Brent,245,255,162.4,0.312,False
auto-body-shops,shared,45200,E09000006,Bromley,145,170,186.8,0.241,False
auto-body-shops,shared,45200,E09000007,Camden,95,105,158.1,0.35,False
auto-body-shops,shared,45200,E09000001,City of London,15,15,,,True
auto-body-shops,shared,45200,E09000008,Croydon,205,230,167.4,0.275,False
auto-body-shops,shared,45200,E09000009,Ealing,255,260,168.8,0.269,False
auto-body-shops,shared,45200,E09000010,Enfield,220,235,167.4,0.295,False
auto-body-shops,shared,45200,E09000011,Greenwich,95,105,184.2,0.278,False
auto-body-shops,shared,45200,E09000012,Hackney,70,70,146.5,0.308,False
auto-body-shops,shared,45200,E09000013,Hammersmith and Fulham,60,65,184.2,0.167,False
auto-body-shops,shared,45200,E09000014,Haringey,105,110,177.3,0.25,False
auto-body-shops,shared,45200,E09000015,Harrow,155,160,164.3,0.276,False
auto-body-shops,shared,45200,E09000016,Havering,185,205,146.5,0.297,False
auto-body-shops,shared,45200,E09000017,Hillingdon,225,250,145.8,0.341,False
auto-body-shops,shared,45200,E09000018,Hounslow,170,195,152.2,0.333,False
auto-body-shops,shared,45200,E09000019,Islington,45,50,91.7,0.556,False
auto-body-shops,shared,45200,E09000020,Kensington and Chelsea,30,30,,,True
auto-body-shops,shared,45200,E09000021,Kingston upon Thames,75,80,158.1,0.312,False
auto-body-shops,shared,45200,E09000022,Lambeth,70,75,144.3,0.357,False
auto-body-shops,shared,45200,E09000023,Lewisham,75,80,168.8,0.25,False
auto-body-shops,shared,45200,E09000024,Merton,135,135,193.8,0.259,False
auto-body-shops,shared,45200,E09000025,Newham,140,145,147.4,0.296,False
auto-body-shops,shared,45200,E09000026,Redbridge,155,160,153.0,0.29,False
auto-body-shops,shared,45200,E09000027,Richmond upon Thames,65,70,228.1,0.154,False
auto-body-shops,shared,45200,E09000028,Southwark,60,65,146.5,0.308,False
auto-body-shops,shared,45200,E09000029,Sutton,115,120,168.8,0.318,False
auto-body-shops,shared,45200,E09000030,Tower Hamlets,95,100,131.6,0.333,False
auto-body-shops,shared,45200,E09000031,Waltham Forest,120,135,144.3,0.333,False
auto-body-shops,shared,45200,E09000032,Wandsworth,60,65,222.9,0.182,False
auto-body-shops,shared,45200,E09000033,Westminster,40,40,100.0,0.5,False
auto-body-shops,shared,45200,E92000001,England,43065,46695,185.3,0.248,False
auto-body-shops,shared,45200,E12000007,London,4040,4345,162.4,0.296,False
bike-repair-shops,approx,95290,E09000002,Barking and Dagenham,0,5,,,True
bike-repair-shops,approx,95290,E09000003,Barnet,10,5,,,True
bike-repair-shops,approx,95290,E09000004,Bexley,0,0,,,True
bike-repair-shops,approx,95290,E09000005,Brent,5,5,,,True
bike-repair-shops,approx,95290,E09000006,Bromley,5,5,,,True
bike-repair-shops,approx,95290,E09000007,Camden,10,10,,,True
bike-repair-shops,approx,95290,E09000001,City of London,0,0,,,True
bike-repair-shops,approx,95290,E09000008,Croydon,5,5,,,True
bike-repair-shops,approx,95290,E09000009,Ealing,5,10,,,True
bike-repair-shops,approx,95290,E09000010,Enfield,5,5,,,True
bike-repair-shops,approx,95290,E09000011,Greenwich,5,5,,,True
bike-repair-shops,approx,95290,E09000012,Hackney,10,10,,,True
bike-repair-shops,approx,95290,E09000013,Hammersmith and Fulham,5,5,,,True
bike-repair-shops,approx,95290,E09000014,Haringey,5,5,,,True
bike-repair-shops,approx,95290,E09000015,Harrow,5,5,,,True
bike-repair-shops,approx,95290,E09000016,Havering,5,5,,,True
bike-repair-shops,approx,95290,E09000017,Hillingdon,0,0,,,True
bike-repair-shops,approx,95290,E09000018,Hounslow,0,0,,,True
bike-repair-shops,approx,95290,E09000019,Islington,5,5,,,True
bike-repair-shops,approx,95290,E09000020,Kensington and Chelsea,10,10,,,True
bike-repair-shops,approx,95290,E09000021,Kingston upon Thames,5,5,,,True
bike-repair-shops,approx,95290,E09000022,Lambeth,10,10,,,True
bike-repair-shops,approx,95290,E09000023,Lewisham,5,5,,,True
bike-repair-shops,approx,95290,E09000024,Merton,5,5,,,True
bike-repair-shops,approx,95290,E09000025,Newham,0,5,,,True
bike-repair-shops,approx,95290,E09000026,Redbridge,0,0,,,True
bike-repair-shops,approx,95290,E09000027,Richmond upon Thames,0,0,,,True
bike-repair-shops,approx,95290,E09000028,Southwark,5,5,,,True
bike-repair-shops,approx,95290,E09000029,Sutton,5,5,,,True
bike-repair-shops,approx,95290,E09000030,Tower Hamlets,5,5,,,True
bike-repair-shops,approx,95290,E09000031,Waltham Forest,5,5,,,True
bike-repair-shops,approx,95290,E09000032,Wandsworth,5,5,,,True
bike-repair-shops,approx,95290,E09000033,Westminster,10,10,,,True
bike-repair-shops,approx,95290,E92000001,England,750,785,133.9,0.353,False
bike-repair-shops,approx,95290,E12000007,London,155,160,132.6,0.367,False
electronics-phone-repair,exact,95120+95210,E09000002,Barking and Dagenham,10,10,,,True
electronics-phone-repair,exact,95120+95210,E09000003,Barnet,15,15,,,True
electronics-phone-repair,exact,95120+95210,E09000004,Bexley,0,0,,,True
electronics-phone-repair,exact,95120+95210,E09000005,Brent,5,5,,,True
electronics-phone-repair,exact,95120+95210,E09000006,Bromley,0,0,,,True
electronics-phone-repair,exact,95120+95210,E09000007,Camden,15,15,,,True
electronics-phone-repair,exact,95120+95210,E09000001,City of London,0,0,,,True
electronics-phone-repair,exact,95120+95210,E09000008,Croydon,10,10,,,True
electronics-phone-repair,exact,95120+95210,E09000009,Ealing,25,25,,,True
electronics-phone-repair,exact,95120+95210,E09000010,Enfield,10,10,,,True
electronics-phone-repair,exact,95120+95210,E09000011,Greenwich,5,5,,,True
electronics-phone-repair,exact,95120+95210,E09000012,Hackney,15,15,,,True
electronics-phone-repair,exact,95120+95210,E09000013,Hammersmith and Fulham,0,0,,,True
electronics-phone-repair,exact,95120+95210,E09000014,Haringey,5,10,,,True
electronics-phone-repair,exact,95120+95210,E09000015,Harrow,5,5,,,True
electronics-phone-repair,exact,95120+95210,E09000016,Havering,5,5,,,True
electronics-phone-repair,exact,95120+95210,E09000017,Hillingdon,15,20,,,True
electronics-phone-repair,exact,95120+95210,E09000018,Hounslow,15,15,,,True
electronics-phone-repair,exact,95120+95210,E09000019,Islington,5,5,,,True
electronics-phone-repair,exact,95120+95210,E09000020,Kensington and Chelsea,5,10,,,True
electronics-phone-repair,exact,95120+95210,E09000021,Kingston upon Thames,10,10,,,True
electronics-phone-repair,exact,95120+95210,E09000022,Lambeth,5,5,,,True
electronics-phone-repair,exact,95120+95210,E09000023,Lewisham,10,10,,,True
electronics-phone-repair,exact,95120+95210,E09000024,Merton,10,10,,,True
electronics-phone-repair,exact,95120+95210,E09000025,Newham,15,15,,,True
electronics-phone-repair,exact,95120+95210,E09000026,Redbridge,20,20,,,True
electronics-phone-repair,exact,95120+95210,E09000027,Richmond upon Thames,5,5,,,True
electronics-phone-repair,exact,95120+95210,E09000028,Southwark,5,10,,,True
electronics-phone-repair,exact,95120+95210,E09000029,Sutton,5,5,,,True
electronics-phone-repair,exact,95120+95210,E09000030,Tower Hamlets,5,5,,,True
electronics-phone-repair,exact,95120+95210,E09000031,Waltham Forest,10,10,,,True
electronics-phone-repair,exact,95120+95210,E09000032,Wandsworth,5,5,,,True
electronics-phone-repair,exact,95120+95210,E09000033,Westminster,5,5,,,True
electronics-phone-repair,exact,95120+95210,E92000001,England,1330,1385,131.6,0.371,False
electronics-phone-repair,exact,95120+95210,E12000007,London,290,305,124.5,0.407,False
locksmiths,approx,95290,E09000002,Barking and Dagenham,0,5,,,True
locksmiths,approx,95290,E09000003,Barnet,10,5,,,True
locksmiths,approx,95290,E09000004,Bexley,0,0,,,True
locksmiths,approx,95290,E09000005,Brent,5,5,,,True
locksmiths,approx,95290,E09000006,Bromley,5,5,,,True
locksmiths,approx,95290,E09000007,Camden,10,10,,,True
locksmiths,approx,95290,E09000001,City of London,0,0,,,True
locksmiths,approx,95290,E09000008,Croydon,5,5,,,True
locksmiths,approx,95290,E09000009,Ealing,5,10,,,True
locksmiths,approx,95290,E09000010,Enfield,5,5,,,True
locksmiths,approx,95290,E09000011,Greenwich,5,5,,,True
locksmiths,approx,95290,E09000012,Hackney,10,10,,,True
locksmiths,approx,95290,E09000013,Hammersmith and Fulham,5,5,,,True
locksmiths,approx,95290,E09000014,Haringey,5,5,,,True
locksmiths,approx,95290,E09000015,Harrow,5,5,,,True
locksmiths,approx,95290,E09000016,Havering,5,5,,,True
locksmiths,approx,95290,E09000017,Hillingdon,0,0,,,True
locksmiths,approx,95290,E09000018,Hounslow,0,0,,,True
locksmiths,approx,95290,E09000019,Islington,5,5,,,True
locksmiths,approx,95290,E09000020,Kensington and Chelsea,10,10,,,True
locksmiths,approx,95290,E09000021,Kingston upon Thames,5,5,,,True
locksmiths,approx,95290,E09000022,Lambeth,10,10,,,True
locksmiths,approx,95290,E09000023,Lewisham,5,5,,,True
locksmiths,approx,95290,E09000024,Merton,5,5,,,True
locksmiths,approx,95290,E09000025,Newham,0,5,,,True
locksmiths,approx,95290,E09000026,Redbridge,0,0,,,True
locksmiths,approx,95290,E09000027,Richmond upon Thames,0,0,,,True
locksmiths,approx,95290,E09000028,Southwark,5,5,,,True
locksmiths,approx,95290,E09000029,Sutton,5,5,,,True
locksmiths,approx,95290,E09000030,Tower Hamlets,5,5,,,True
locksmiths,approx,95290,E09000031,Waltham Forest,5,5,,,True
locksmiths,approx,95290,E09000032,Wandsworth,5,5,,,True
locksmiths,approx,95290,E09000033,Westminster,10,10,,,True
locksmiths,approx,95290,E92000001,England,750,785,133.9,0.353,False
locksmiths,approx,95290,E12000007,London,155,160,132.6,0.367,False
appliance-repair,exact,95220,E09000002,Barking and Dagenham,5,5,,,True
appliance-repair,exact,95220,E09000003,Barnet,10,10,,,True
appliance-repair,exact,95220,E09000004,Bexley,5,5,,,True
appliance-repair,exact,95220,E09000005,Brent,10,10,,,True
appliance-repair,exact,95220,E09000006,Bromley,10,10,,,True
appliance-repair,exact,95220,E09000007,Camden,5,5,,,True
appliance-repair,exact,95220,E09000001,City of London,0,0,,,True
appliance-repair,exact,95220,E09000008,Croydon,10,10,,,True
appliance-repair,exact,95220,E09000009,Ealing,10,10,,,True
appliance-repair,exact,95220,E09000010,Enfield,5,5,,,True
appliance-repair,exact,95220,E09000011,Greenwich,5,5,,,True
appliance-repair,exact,95220,E09000012,Hackney,5,5,,,True
appliance-repair,exact,95220,E09000013,Hammersmith and Fulham,5,5,,,True
appliance-repair,exact,95220,E09000014,Haringey,5,5,,,True
appliance-repair,exact,95220,E09000015,Harrow,5,5,,,True
appliance-repair,exact,95220,E09000016,Havering,5,5,,,True
appliance-repair,exact,95220,E09000017,Hillingdon,10,10,,,True
appliance-repair,exact,95220,E09000018,Hounslow,5,5,,,True
appliance-repair,exact,95220,E09000019,Islington,5,5,,,True
appliance-repair,exact,95220,E09000020,Kensington and Chelsea,0,0,,,True
appliance-repair,exact,95220,E09000021,Kingston upon Thames,5,5,,,True
appliance-repair,exact,95220,E09000022,Lambeth,5,5,,,True
appliance-repair,exact,95220,E09000023,Lewisham,5,5,,,True
appliance-repair,exact,95220,E09000024,Merton,5,5,,,True
appliance-repair,exact,95220,E09000025,Newham,10,10,,,True
appliance-repair,exact,95220,E09000026,Redbridge,20,20,,,True
appliance-repair,exact,95220,E09000027,Richmond upon Thames,0,0,,,True
appliance-repair,exact,95220,E09000028,Southwark,0,0,,,True
appliance-repair,exact,95220,E09000029,Sutton,10,10,,,True
appliance-repair,exact,95220,E09000030,Tower Hamlets,0,0,,,True
appliance-repair,exact,95220,E09000031,Waltham Forest,5,5,,,True
appliance-repair,exact,95220,E09000032,Wandsworth,5,5,,,True
appliance-repair,exact,95220,E09000033,Westminster,5,5,,,True
appliance-repair,exact,95220,E92000001,England,1215,1230,140.1,0.346,False
appliance-repair,exact,95220,E12000007,London,185,185,114.0,0.444,False
dry-cleaning-laundry,exact,96010,E09000002,Barking and Dagenham,20,20,,,True
dry-cleaning-laundry,exact,96010,E09000003,Barnet,80,80,139.5,0.25,False
dry-cleaning-laundry,exact,96010,E09000004,Bexley,25,25,,,True
dry-cleaning-laundry,exact,96010,E09000005,Brent,55,55,144.3,0.3,False
dry-cleaning-laundry,exact,96010,E09000006,Bromley,50,50,125.7,0.333,False
dry-cleaning-laundry,exact,96010,E09000007,Camden,50,60,170.7,0.111,False
dry-cleaning-laundry,exact,96010,E09000001,City of London,5,10,,,True
dry-cleaning-laundry,exact,96010,E09000008,Croydon,45,45,135.7,0.25,False
dry-cleaning-laundry,exact,96010,E09000009,Ealing,65,70,180.2,0.154,False
dry-cleaning-laundry,exact,96010,E09000010,Enfield,35,40,,,True
dry-cleaning-laundry,exact,96010,E09000011,Greenwich,25,25,,,True
dry-cleaning-laundry,exact,96010,E09000012,Hackney,40,35,125.7,0.333,False
dry-cleaning-laundry,exact,96010,E09000013,Hammersmith and Fulham,45,50,135.7,0.25,False
dry-cleaning-laundry,exact,96010,E09000014,Haringey,35,40,,,True
dry-cleaning-laundry,exact,96010,E09000015,Harrow,30,30,,,True
dry-cleaning-laundry,exact,96010,E09000016,Havering,30,30,,,True
dry-cleaning-laundry,exact,96010,E09000017,Hillingdon,35,35,,,True
dry-cleaning-laundry,exact,96010,E09000018,Hounslow,35,30,,,True
dry-cleaning-laundry,exact,96010,E09000019,Islington,35,35,,,True
dry-cleaning-laundry,exact,96010,E09000020,Kensington and Chelsea,55,70,173.3,0.2,False
dry-cleaning-laundry,exact,96010,E09000021,Kingston upon Thames,20,20,,,True
dry-cleaning-laundry,exact,96010,E09000022,Lambeth,45,50,146.5,0.222,False
dry-cleaning-laundry,exact,96010,E09000023,Lewisham,25,25,,,True
dry-cleaning-laundry,exact,96010,E09000024,Merton,35,40,,,True
dry-cleaning-laundry,exact,96010,E09000025,Newham,50,50,138.7,0.222,False
dry-cleaning-laundry,exact,96010,E09000026,Redbridge,45,40,120.1,0.375,False
dry-cleaning-laundry,exact,96010,E09000027,Richmond upon Thames,30,30,,,True
dry-cleaning-laundry,exact,96010,E09000028,Southwark,45,45,146.5,0.222,False
dry-cleaning-laundry,exact,96010,E09000029,Sutton,20,25,,,True
dry-cleaning-laundry,exact,96010,E09000030,Tower Hamlets,40,45,144.3,0.25,False
dry-cleaning-laundry,exact,96010,E09000031,Waltham Forest,50,50,129.9,0.3,False
dry-cleaning-laundry,exact,96010,E09000032,Wandsworth,65,65,150.3,0.214,False
dry-cleaning-laundry,exact,96010,E09000033,Westminster,60,75,149.3,0.182,False
dry-cleaning-laundry,exact,96010,E92000001,England,3840,4250,152.4,0.225,False
dry-cleaning-laundry,exact,96010,E12000007,London,1320,1400,147.7,0.23,False
tailoring-alterations,approx,95290,E09000002,Barking and Dagenham,0,5,,,True
tailoring-alterations,approx,95290,E09000003,Barnet,10,5,,,True
tailoring-alterations,approx,95290,E09000004,Bexley,0,0,,,True
tailoring-alterations,approx,95290,E09000005,Brent,5,5,,,True
tailoring-alterations,approx,95290,E09000006,Bromley,5,5,,,True
tailoring-alterations,approx,95290,E09000007,Camden,10,10,,,True
tailoring-alterations,approx,95290,E09000001,City of London,0,0,,,True
tailoring-alterations,approx,95290,E09000008,Croydon,5,5,,,True
tailoring-alterations,approx,95290,E09000009,Ealing,5,10,,,True
tailoring-alterations,approx,95290,E09000010,Enfield,5,5,,,True
tailoring-alterations,approx,95290,E09000011,Greenwich,5,5,,,True
tailoring-alterations,approx,95290,E09000012,Hackney,10,10,,,True
tailoring-alterations,approx,95290,E09000013,Hammersmith and Fulham,5,5,,,True
tailoring-alterations,approx,95290,E09000014,Haringey,5,5,,,True
tailoring-alterations,approx,95290,E09000015,Harrow,5,5,,,True
tailoring-alterations,approx,95290,E09000016,Havering,5,5,,,True
tailoring-alterations,approx,95290,E09000017,Hillingdon,0,0,,,True
tailoring-alterations,approx,95290,E09000018,Hounslow,0,0,,,True
tailoring-alterations,approx,95290,E09000019,Islington,5,5,,,True
tailoring-alterations,approx,95290,E09000020,Kensington and Chelsea,10,10,,,True
tailoring-alterations,approx,95290,E09000021,Kingston upon Thames,5,5,,,True
tailoring-alterations,approx,95290,E09000022,Lambeth,10,10,,,True
tailoring-alterations,approx,95290,E09000023,Lewisham,5,5,,,True
tailoring-alterations,approx,95290,E09000024,Merton,5,5,,,True
tailoring-alterations,approx,95290,E09000025,Newham,0,5,,,True
tailoring-alterations,approx,95290,E09000026,Redbridge,0,0,,,True
tailoring-alterations,approx,95290,E09000027,Richmond upon Thames,0,0,,,True
tailoring-alterations,approx,95290,E09000028,Southwark,5,5,,,True
tailoring-alterations,approx,95290,E09000029,Sutton,5,5,,,True
tailoring-alterations,approx,95290,E09000030,Tower Hamlets,5,5,,,True
tailoring-alterations,approx,95290,E09000031,Waltham Forest,5,5,,,True
tailoring-alterations,approx,95290,E09000032,Wandsworth,5,5,,,True
tailoring-alterations,approx,95290,E09000033,Westminster,10,10,,,True
tailoring-alterations,approx,95290,E92000001,England,750,785,133.9,0.353,False
tailoring-alterations,approx,95290,E12000007,London,155,160,132.6,0.367,False
shoe-repair,exact,95230,E09000002,Barking and Dagenham,5,5,,,True
shoe-repair,exact,95230,E09000003,Barnet,5,5,,,True
shoe-repair,exact,95230,E09000004,Bexley,0,0,,,True
shoe-repair,exact,95230,E09000005,Brent,0,0,,,True
shoe-repair,exact,95230,E09000006,Bromley,5,5,,,True
shoe-repair,exact,95230,E09000007,Camden,5,5,,,True
shoe-repair,exact,95230,E09000001,City of London,0,5,,,True
shoe-repair,exact,95230,E09000008,Croydon,0,0,,,True
shoe-repair,exact,95230,E09000009,Ealing,5,5,,,True
shoe-repair,exact,95230,E09000010,Enfield,5,5,,,True
shoe-repair,exact,95230,E09000011,Greenwich,0,0,,,True
shoe-repair,exact,95230,E09000012,Hackney,0,0,,,True
shoe-repair,exact,95230,E09000013,Hammersmith and Fulham,5,5,,,True
shoe-repair,exact,95230,E09000014,Haringey,0,0,,,True
shoe-repair,exact,95230,E09000015,Harrow,0,0,,,True
shoe-repair,exact,95230,E09000016,Havering,5,5,,,True
shoe-repair,exact,95230,E09000017,Hillingdon,0,5,,,True
shoe-repair,exact,95230,E09000018,Hounslow,0,0,,,True
shoe-repair,exact,95230,E09000019,Islington,0,5,,,True
shoe-repair,exact,95230,E09000020,Kensington and Chelsea,0,0,,,True
shoe-repair,exact,95230,E09000021,Kingston upon Thames,0,0,,,True
shoe-repair,exact,95230,E09000022,Lambeth,5,5,,,True
shoe-repair,exact,95230,E09000023,Lewisham,0,0,,,True
shoe-repair,exact,95230,E09000024,Merton,0,0,,,True
shoe-repair,exact,95230,E09000025,Newham,0,0,,,True
shoe-repair,exact,95230,E09000026,Redbridge,0,0,,,True
shoe-repair,exact,95230,E09000027,Richmond upon Thames,0,0,,,True
shoe-repair,exact,95230,E09000028,Southwark,0,5,,,True
shoe-repair,exact,95230,E09000029,Sutton,0,0,,,True
shoe-repair,exact,95230,E09000030,Tower Hamlets,0,5,,,True
shoe-repair,exact,95230,E09000031,Waltham Forest,0,0,,,True
shoe-repair,exact,95230,E09000032,Wandsworth,10,10,,,True
shoe-repair,exact,95230,E09000033,Westminster,5,5,,,True
shoe-repair,exact,95230,E92000001,England,315,440,98.3,0.508,False
shoe-repair,exact,95230,E12000007,London,80,100,100.0,0.5,False
watch-jewelry-repair,exact,95250,E09000002,Barking and Dagenham,0,0,,,True
watch-jewelry-repair,exact,95250,E09000003,Barnet,0,0,,,True
watch-jewelry-repair,exact,95250,E09000004,Bexley,0,0,,,True
watch-jewelry-repair,exact,95250,E09000005,Brent,0,0,,,True
watch-jewelry-repair,exact,95250,E09000006,Bromley,0,5,,,True
watch-jewelry-repair,exact,95250,E09000007,Camden,25,25,,,True
watch-jewelry-repair,exact,95250,E09000001,City of London,0,0,,,True
watch-jewelry-repair,exact,95250,E09000008,Croydon,0,0,,,True
watch-jewelry-repair,exact,95250,E09000009,Ealing,5,5,,,True
watch-jewelry-repair,exact,95250,E09000010,Enfield,0,0,,,True
watch-jewelry-repair,exact,95250,E09000011,Greenwich,0,0,,,True
watch-jewelry-repair,exact,95250,E09000012,Hackney,5,5,,,True
watch-jewelry-repair,exact,95250,E09000013,Hammersmith and Fulham,0,0,,,True
watch-jewelry-repair,exact,95250,E09000014,Haringey,0,0,,,True
watch-jewelry-repair,exact,95250,E09000015,Harrow,0,0,,,True
watch-jewelry-repair,exact,95250,E09000016,Havering,0,5,,,True
watch-jewelry-repair,exact,95250,E09000017,Hillingdon,0,0,,,True
watch-jewelry-repair,exact,95250,E09000018,Hounslow,0,0,,,True
watch-jewelry-repair,exact,95250,E09000019,Islington,5,5,,,True
watch-jewelry-repair,exact,95250,E09000020,Kensington and Chelsea,0,0,,,True
watch-jewelry-repair,exact,95250,E09000021,Kingston upon Thames,0,0,,,True
watch-jewelry-repair,exact,95250,E09000022,Lambeth,0,0,,,True
watch-jewelry-repair,exact,95250,E09000023,Lewisham,0,0,,,True
watch-jewelry-repair,exact,95250,E09000024,Merton,0,0,,,True
watch-jewelry-repair,exact,95250,E09000025,Newham,5,5,,,True
watch-jewelry-repair,exact,95250,E09000026,Redbridge,0,0,,,True
watch-jewelry-repair,exact,95250,E09000027,Richmond upon Thames,0,0,,,True
watch-jewelry-repair,exact,95250,E09000028,Southwark,0,0,,,True
watch-jewelry-repair,exact,95250,E09000029,Sutton,0,0,,,True
watch-jewelry-repair,exact,95250,E09000030,Tower Hamlets,0,0,,,True
watch-jewelry-repair,exact,95250,E09000031,Waltham Forest,0,0,,,True
watch-jewelry-repair,exact,95250,E09000032,Wandsworth,0,0,,,True
watch-jewelry-repair,exact,95250,E09000033,Westminster,10,10,,,True
watch-jewelry-repair,exact,95250,E92000001,England,395,460,137.6,0.354,False
watch-jewelry-repair,exact,95250,E12000007,London,75,85,131.6,0.4,False
funeral-services,exact,96030,E09000002,Barking and Dagenham,0,10,,,True
funeral-services,exact,96030,E09000003,Barnet,15,25,,,True
funeral-services,exact,96030,E09000004,Bexley,5,15,,,True
funeral-services,exact,96030,E09000005,Brent,5,15,,,True
funeral-services,exact,96030,E09000006,Bromley,5,30,,,True
funeral-services,exact,96030,E09000007,Camden,10,10,,,True
funeral-services,exact,96030,E09000001,City of London,0,0,,,True
funeral-services,exact,96030,E09000008,Croydon,5,20,,,True
funeral-services,exact,96030,E09000009,Ealing,5,15,,,True
funeral-services,exact,96030,E09000010,Enfield,5,15,,,True
funeral-services,exact,96030,E09000011,Greenwich,5,15,,,True
funeral-services,exact,96030,E09000012,Hackney,5,10,,,True
funeral-services,exact,96030,E09000013,Hammersmith and Fulham,0,10,,,True
funeral-services,exact,96030,E09000014,Haringey,5,5,,,True
funeral-services,exact,96030,E09000015,Harrow,15,15,,,True
funeral-services,exact,96030,E09000016,Havering,5,20,,,True
funeral-services,exact,96030,E09000017,Hillingdon,5,20,,,True
funeral-services,exact,96030,E09000018,Hounslow,5,15,,,True
funeral-services,exact,96030,E09000019,Islington,5,5,,,True
funeral-services,exact,96030,E09000020,Kensington and Chelsea,0,5,,,True
funeral-services,exact,96030,E09000021,Kingston upon Thames,5,10,,,True
funeral-services,exact,96030,E09000022,Lambeth,0,10,,,True
funeral-services,exact,96030,E09000023,Lewisham,5,15,,,True
funeral-services,exact,96030,E09000024,Merton,0,10,,,True
funeral-services,exact,96030,E09000025,Newham,5,20,,,True
funeral-services,exact,96030,E09000026,Redbridge,5,15,,,True
funeral-services,exact,96030,E09000027,Richmond upon Thames,5,15,,,True
funeral-services,exact,96030,E09000028,Southwark,0,10,,,True
funeral-services,exact,96030,E09000029,Sutton,5,15,,,True
funeral-services,exact,96030,E09000030,Tower Hamlets,5,5,,,True
funeral-services,exact,96030,E09000031,Waltham Forest,5,15,,,True
funeral-services,exact,96030,E09000032,Wandsworth,5,20,,,True
funeral-services,exact,96030,E09000033,Westminster,5,10,,,True
funeral-services,exact,96030,E92000001,England,1805,4335,379.6,0.177,False
funeral-services,exact,96030,E12000007,London,155,450,396.9,0.167,False
pet-daycare-boarding,approx,96090,E09000002,Barking and Dagenham,50,55,112.1,0.455,False
pet-daycare-boarding,approx,96090,E09000003,Barnet,255,260,130.6,0.36,False
pet-daycare-boarding,approx,96090,E09000004,Bexley,75,80,125.7,0.4,False
pet-daycare-boarding,approx,96090,E09000005,Brent,120,135,118.1,0.417,False
pet-daycare-boarding,approx,96090,E09000006,Bromley,140,150,142.3,0.321,False
pet-daycare-boarding,approx,96090,E09000007,Camden,380,385,127.7,0.395,False
pet-daycare-boarding,approx,96090,E09000001,City of London,155,170,187.8,0.31,False
pet-daycare-boarding,approx,96090,E09000008,Croydon,120,135,110.7,0.458,False
pet-daycare-boarding,approx,96090,E09000009,Ealing,175,180,137.0,0.343,False
pet-daycare-boarding,approx,96090,E09000010,Enfield,130,140,104.3,0.481,False
pet-daycare-boarding,approx,96090,E09000011,Greenwich,90,90,151.0,0.235,False
pet-daycare-boarding,approx,96090,E09000012,Hackney,195,205,139.2,0.333,False
pet-daycare-boarding,approx,96090,E09000013,Hammersmith and Fulham,175,190,143.6,0.286,False
pet-daycare-boarding,approx,96090,E09000014,Haringey,145,150,134.5,0.31,False
pet-daycare-boarding,approx,96090,E09000015,Harrow,115,120,106.8,0.478,False
pet-daycare-boarding,approx,96090,E09000016,Havering,90,95,149.3,0.316,False
pet-daycare-boarding,approx,96090,E09000017,Hillingdon,150,150,131.6,0.4,False
pet-daycare-boarding,approx,96090,E09000018,Hounslow,120,130,137.8,0.36,False
pet-daycare-boarding,approx,96090,E09000019,Islington,295,300,120.6,0.424,False
pet-daycare-boarding,approx,96090,E09000020,Kensington and Chelsea,250,265,158.1,0.2,False
pet-daycare-boarding,approx,96090,E09000021,Kingston upon Thames,75,75,148.1,0.286,False
pet-daycare-boarding,approx,96090,E09000022,Lambeth,140,155,137.3,0.345,False
pet-daycare-boarding,approx,96090,E09000023,Lewisham,110,110,123.2,0.381,False
pet-daycare-boarding,approx,96090,E09000024,Merton,125,125,153.4,0.208,False
pet-daycare-boarding,approx,96090,E09000025,Newham,110,120,125.7,0.391,False
pet-daycare-boarding,approx,96090,E09000026,Redbridge,125,130,125.7,0.4,False
pet-daycare-boarding,approx,96090,E09000027,Richmond upon Thames,155,170,145.8,0.281,False
pet-daycare-boarding,approx,96090,E09000028,Southwark,155,175,144.3,0.3,False
pet-daycare-boarding,approx,96090,E09000029,Sutton,90,95,158.1,0.278,False
pet-daycare-boarding,approx,96090,E09000030,Tower Hamlets,195,200,116.5,0.447,False
pet-daycare-boarding,approx,96090,E09000031,Waltham Forest,110,115,120.1,0.409,False
pet-daycare-boarding,approx,96090,E09000032,Wandsworth,225,235,135.7,0.318,False
pet-daycare-boarding,approx,96090,E09000033,Westminster,520,555,148.1,0.356,False
pet-daycare-boarding,approx,96090,E92000001,England,23205,24745,146.4,0.327,False
pet-daycare-boarding,approx,96090,E12000007,London,5355,5660,137.0,0.35,False
pet-walking-sitting,approx,96090,E09000002,Barking and Dagenham,50,55,112.1,0.455,False
pet-walking-sitting,approx,96090,E09000003,Barnet,255,260,130.6,0.36,False
pet-walking-sitting,approx,96090,E09000004,Bexley,75,80,125.7,0.4,False
pet-walking-sitting,approx,96090,E09000005,Brent,120,135,118.1,0.417,False
pet-walking-sitting,approx,96090,E09000006,Bromley,140,150,142.3,0.321,False
pet-walking-sitting,approx,96090,E09000007,Camden,380,385,127.7,0.395,False
pet-walking-sitting,approx,96090,E09000001,City of London,155,170,187.8,0.31,False
pet-walking-sitting,approx,96090,E09000008,Croydon,120,135,110.7,0.458,False
pet-walking-sitting,approx,96090,E09000009,Ealing,175,180,137.0,0.343,False
pet-walking-sitting,approx,96090,E09000010,Enfield,130,140,104.3,0.481,False
pet-walking-sitting,approx,96090,E09000011,Greenwich,90,90,151.0,0.235,False
pet-walking-sitting,approx,96090,E09000012,Hackney,195,205,139.2,0.333,False
pet-walking-sitting,approx,96090,E09000013,Hammersmith and Fulham,175,190,143.6,0.286,False
pet-walking-sitting,approx,96090,E09000014,Haringey,145,150,134.5,0.31,False
pet-walking-sitting,approx,96090,E09000015,Harrow,115,120,106.8,0.478,False
pet-walking-sitting,approx,96090,E09000016,Havering,90,95,149.3,0.316,False
pet-walking-sitting,approx,96090,E09000017,Hillingdon,150,150,131.6,0.4,False
pet-walking-sitting,approx,96090,E09000018,Hounslow,120,130,137.8,0.36,False
pet-walking-sitting,approx,96090,E09000019,Islington,295,300,120.6,0.424,False
pet-walking-sitting,approx,96090,E09000020,Kensington and Chelsea,250,265,158.1,0.2,False
pet-walking-sitting,approx,96090,E09000021,Kingston upon Thames,75,75,148.1,0.286,False
pet-walking-sitting,approx,96090,E09000022,Lambeth,140,155,137.3,0.345,False
pet-walking-sitting,approx,96090,E09000023,Lewisham,110,110,123.2,0.381,False
pet-walking-sitting,approx,96090,E09000024,Merton,125,125,153.4,0.208,False
pet-walking-sitting,approx,96090,E09000025,Newham,110,120,125.7,0.391,False
pet-walking-sitting,approx,96090,E09000026,Redbridge,125,130,125.7,0.4,False
pet-walking-sitting,approx,96090,E09000027,Richmond upon Thames,155,170,145.8,0.281,False
pet-walking-sitting,approx,96090,E09000028,Southwark,155,175,144.3,0.3,False
pet-walking-sitting,approx,96090,E09000029,Sutton,90,95,158.1,0.278,False
pet-walking-sitting,approx,96090,E09000030,Tower Hamlets,195,200,116.5,0.447,False
pet-walking-sitting,approx,96090,E09000031,Waltham Forest,110,115,120.1,0.409,False
pet-walking-sitting,approx,96090,E09000032,Wandsworth,225,235,135.7,0.318,False
pet-walking-sitting,approx,96090,E09000033,Westminster,520,555,148.1,0.356,False
pet-walking-sitting,approx,96090,E92000001,England,23205,24745,146.4,0.327,False
pet-walking-sitting,approx,96090,E12000007,London,5355,5660,137.0,0.35,False
pet-training,approx,96090,E09000002,Barking and Dagenham,50,55,112.1,0.455,False
pet-training,approx,96090,E09000003,Barnet,255,260,130.6,0.36,False
pet-training,approx,96090,E09000004,Bexley,75,80,125.7,0.4,False
pet-training,approx,96090,E09000005,Brent,120,135,118.1,0.417,False
pet-training,approx,96090,E09000006,Bromley,140,150,142.3,0.321,False
pet-training,approx,96090,E09000007,Camden,380,385,127.7,0.395,False
pet-training,approx,96090,E09000001,City of London,155,170,187.8,0.31,False
pet-training,approx,96090,E09000008,Croydon,120,135,110.7,0.458,False
pet-training,approx,96090,E09000009,Ealing,175,180,137.0,0.343,False
pet-training,approx,96090,E09000010,Enfield,130,140,104.3,0.481,False
pet-training,approx,96090,E09000011,Greenwich,90,90,151.0,0.235,False
pet-training,approx,96090,E09000012,Hackney,195,205,139.2,0.333,False
pet-training,approx,96090,E09000013,Hammersmith and Fulham,175,190,143.6,0.286,False
pet-training,approx,96090,E09000014,Haringey,145,150,134.5,0.31,False
pet-training,approx,96090,E09000015,Harrow,115,120,106.8,0.478,False
pet-training,approx,96090,E09000016,Havering,90,95,149.3,0.316,False
pet-training,approx,96090,E09000017,Hillingdon,150,150,131.6,0.4,False
pet-training,approx,96090,E09000018,Hounslow,120,130,137.8,0.36,False
pet-training,approx,96090,E09000019,Islington,295,300,120.6,0.424,False
pet-training,approx,96090,E09000020,Kensington and Chelsea,250,265,158.1,0.2,False
pet-training,approx,96090,E09000021,Kingston upon Thames,75,75,148.1,0.286,False
pet-training,approx,96090,E09000022,Lambeth,140,155,137.3,0.345,False
pet-training,approx,96090,E09000023,Lewisham,110,110,123.2,0.381,False
pet-training,approx,96090,E09000024,Merton,125,125,153.4,0.208,False
pet-training,approx,96090,E09000025,Newham,110,120,125.7,0.391,False
pet-training,approx,96090,E09000026,Redbridge,125,130,125.7,0.4,False
pet-training,approx,96090,E09000027,Richmond upon Thames,155,170,145.8,0.281,False
pet-training,approx,96090,E09000028,Southwark,155,175,144.3,0.3,False
pet-training,approx,96090,E09000029,Sutton,90,95,158.1,0.278,False
pet-training,approx,96090,E09000030,Tower Hamlets,195,200,116.5,0.447,False
pet-training,approx,96090,E09000031,Waltham Forest,110,115,120.1,0.409,False
pet-training,approx,96090,E09000032,Wandsworth,225,235,135.7,0.318,False
pet-training,approx,96090,E09000033,Westminster,520,555,148.1,0.356,False
pet-training,approx,96090,E92000001,England,23205,24745,146.4,0.327,False
pet-training,approx,96090,E12000007,London,5355,5660,137.0,0.35,False
independent-art-galleries,exact,47781,E09000002,Barking and Dagenham,0,0,,,True
independent-art-galleries,exact,47781,E09000003,Barnet,15,15,,,True
independent-art-galleries,exact,47781,E09000004,Bexley,0,0,,,True
independent-art-galleries,exact,47781,E09000005,Brent,5,10,,,True
independent-art-galleries,exact,47781,E09000006,Bromley,5,5,,,True
independent-art-galleries,exact,47781,E09000007,Camden,55,60,214.6,0.273,False
independent-art-galleries,exact,47781,E09000001,City of London,15,10,,,True
independent-art-galleries,exact,47781,E09000008,Croydon,5,5,,,True
independent-art-galleries,exact,47781,E09000009,Ealing,5,5,,,True
independent-art-galleries,exact,47781,E09000010,Enfield,5,5,,,True
independent-art-galleries,exact,47781,E09000011,Greenwich,5,10,,,True
independent-art-galleries,exact,47781,E09000012,Hackney,45,45,100.0,0.5,False
independent-art-galleries,exact,47781,E09000013,Hammersmith and Fulham,25,30,,,True
independent-art-galleries,exact,47781,E09000014,Haringey,5,10,,,True
independent-art-galleries,exact,47781,E09000015,Harrow,0,0,,,True
independent-art-galleries,exact,47781,E09000016,Havering,0,0,,,True
independent-art-galleries,exact,47781,E09000017,Hillingdon,0,0,,,True
independent-art-galleries,exact,47781,E09000018,Hounslow,10,5,,,True
independent-art-galleries,exact,47781,E09000019,Islington,25,25,,,True
independent-art-galleries,exact,47781,E09000020,Kensington and Chelsea,75,85,222.9,0.267,False
independent-art-galleries,exact,47781,E09000021,Kingston upon Thames,0,5,,,True
independent-art-galleries,exact,47781,E09000022,Lambeth,20,20,,,True
independent-art-galleries,exact,47781,E09000023,Lewisham,5,10,,,True
independent-art-galleries,exact,47781,E09000024,Merton,10,10,,,True
independent-art-galleries,exact,47781,E09000025,Newham,0,5,,,True
independent-art-galleries,exact,47781,E09000026,Redbridge,5,5,,,True
independent-art-galleries,exact,47781,E09000027,Richmond upon Thames,15,20,,,True
independent-art-galleries,exact,47781,E09000028,Southwark,25,25,,,True
independent-art-galleries,exact,47781,E09000029,Sutton,0,0,,,True
independent-art-galleries,exact,47781,E09000030,Tower Hamlets,30,30,,,True
independent-art-galleries,exact,47781,E09000031,Waltham Forest,5,5,,,True
independent-art-galleries,exact,47781,E09000032,Wandsworth,10,15,,,True
independent-art-galleries,exact,47781,E09000033,Westminster,255,280,545.3,0.216,False
independent-art-galleries,exact,47781,E92000001,England,1465,1645,167.0,0.324,False
independent-art-galleries,exact,47781,E12000007,London,685,740,192.0,0.328,False
guest-houses-pensions,shared,55100,E09000002,Barking and Dagenham,10,15,,,True
guest-houses-pensions,shared,55100,E09000003,Barnet,40,45,250.0,0.25,False
guest-houses-pensions,shared,55100,E09000004,Bexley,5,10,,,True
guest-houses-pensions,shared,55100,E09000005,Brent,45,50,250.0,0.25,False
guest-houses-pensions,shared,55100,E09000006,Bromley,10,20,,,True
guest-houses-pensions,shared,55100,E09000007,Camden,155,205,771.1,0.182,False
guest-houses-pensions,shared,55100,E09000001,City of London,80,90,1414.2,0.312,False
guest-houses-pensions,shared,55100,E09000008,Croydon,35,50,,,True
guest-houses-pensions,shared,55100,E09000009,Ealing,45,60,250.0,0.2,False
guest-houses-pensions,shared,55100,E09000010,Enfield,30,40,,,True
guest-houses-pensions,shared,55100,E09000011,Greenwich,15,30,,,True
guest-houses-pensions,shared,55100,E09000012,Hackney,35,45,,,True
guest-houses-pensions,shared,55100,E09000013,Hammersmith and Fulham,60,75,250.0,0.417,False
guest-houses-pensions,shared,55100,E09000014,Haringey,15,20,,,True
guest-houses-pensions,shared,55100,E09000015,Harrow,50,50,500.0,0.3,False
guest-houses-pensions,shared,55100,E09000016,Havering,15,20,,,True
guest-houses-pensions,shared,55100,E09000017,Hillingdon,75,100,1681.8,0.133,False
guest-houses-pensions,shared,55100,E09000018,Hounslow,35,55,,,True
guest-houses-pensions,shared,55100,E09000019,Islington,60,65,250.0,0.4,False
guest-houses-pensions,shared,55100,E09000020,Kensington and Chelsea,135,155,1296.8,0.111,False
guest-houses-pensions,shared,55100,E09000021,Kingston upon Thames,10,20,,,True
guest-houses-pensions,shared,55100,E09000022,Lambeth,90,100,1259.9,0.167,False
guest-houses-pensions,shared,55100,E09000023,Lewisham,15,20,,,True
guest-houses-pensions,shared,55100,E09000024,Merton,25,35,,,True
guest-houses-pensions,shared,55100,E09000025,Newham,40,55,500.0,0.25,False
guest-houses-pensions,shared,55100,E09000026,Redbridge,45,45,198.8,0.333,False
guest-houses-pensions,shared,55100,E09000027,Richmond upon Thames,25,40,,,True
guest-houses-pensions,shared,55100,E09000028,Southwark,35,60,,,True
guest-houses-pensions,shared,55100,E09000029,Sutton,5,10,,,True
guest-houses-pensions,shared,55100,E09000030,Tower Hamlets,65,85,500.0,0.333,False
guest-houses-pensions,shared,55100,E09000031,Waltham Forest,5,10,,,True
guest-houses-pensions,shared,55100,E09000032,Wandsworth,25,40,,,True
guest-houses-pensions,shared,55100,E09000033,Westminster,565,600,1551.1,0.13,False
guest-houses-pensions,shared,55100,E92000001,England,7790,10445,433.5,0.196,False
guest-houses-pensions,shared,55100,E12000007,London,1920,2330,787.2,0.213,False
campgrounds-rv-parks,exact,55300,E09000002,Barking and Dagenham,0,0,,,True
campgrounds-rv-parks,exact,55300,E09000003,Barnet,0,5,,,True
campgrounds-rv-parks,exact,55300,E09000004,Bexley,0,0,,,True
campgrounds-rv-parks,exact,55300,E09000005,Brent,0,0,,,True
campgrounds-rv-parks,exact,55300,E09000006,Bromley,5,5,,,True
campgrounds-rv-parks,exact,55300,E09000007,Camden,0,0,,,True
campgrounds-rv-parks,exact,55300,E09000001,City of London,10,5,,,True
campgrounds-rv-parks,exact,55300,E09000008,Croydon,0,0,,,True
campgrounds-rv-parks,exact,55300,E09000009,Ealing,0,0,,,True
campgrounds-rv-parks,exact,55300,E09000010,Enfield,0,5,,,True
campgrounds-rv-parks,exact,55300,E09000011,Greenwich,0,0,,,True
campgrounds-rv-parks,exact,55300,E09000012,Hackney,0,0,,,True
campgrounds-rv-parks,exact,55300,E09000013,Hammersmith and Fulham,0,0,,,True
campgrounds-rv-parks,exact,55300,E09000014,Haringey,0,0,,,True
campgrounds-rv-parks,exact,55300,E09000015,Harrow,0,0,,,True
campgrounds-rv-parks,exact,55300,E09000016,Havering,0,0,,,True
campgrounds-rv-parks,exact,55300,E09000017,Hillingdon,0,0,,,True
campgrounds-rv-parks,exact,55300,E09000018,Hounslow,0,0,,,True
campgrounds-rv-parks,exact,55300,E09000019,Islington,0,0,,,True
campgrounds-rv-parks,exact,55300,E09000020,Kensington and Chelsea,0,0,,,True
campgrounds-rv-parks,exact,55300,E09000021,Kingston upon Thames,0,0,,,True
campgrounds-rv-parks,exact,55300,E09000022,Lambeth,0,0,,,True
campgrounds-rv-parks,exact,55300,E09000023,Lewisham,0,0,,,True
campgrounds-rv-parks,exact,55300,E09000024,Merton,5,0,,,True
campgrounds-rv-parks,exact,55300,E09000025,Newham,0,0,,,True
campgrounds-rv-parks,exact,55300,E09000026,Redbridge,0,0,,,True
campgrounds-rv-parks,exact,55300,E09000027,Richmond upon Thames,0,0,,,True
campgrounds-rv-parks,exact,55300,E09000028,Southwark,0,0,,,True
campgrounds-rv-parks,exact,55300,E09000029,Sutton,0,0,,,True
campgrounds-rv-parks,exact,55300,E09000030,Tower Hamlets,0,0,,,True
campgrounds-rv-parks,exact,55300,E09000031,Waltham Forest,0,0,,,True
campgrounds-rv-parks,exact,55300,E09000032,Wandsworth,0,0,,,True
campgrounds-rv-parks,exact,55300,E09000033,Westminster,10,10,,,True
campgrounds-rv-parks,exact,55300,E92000001,England,1885,2445,271.3,0.135,False
campgrounds-rv-parks,exact,55300,E12000007,London,45,40,198.8,0.333,False
bricklaying-services,approx,43999,E09000002,Barking and Dagenham,175,180,173.3,0.333,False
bricklaying-services,approx,43999,E09000003,Barnet,180,180,164.8,0.333,False
bricklaying-services,approx,43999,E09000004,Bexley,130,135,166.4,0.308,False
bricklaying-services,approx,43999,E09000005,Brent,155,160,144.3,0.375,False
bricklaying-services,approx,43999,E09000006,Bromley,160,160,164.8,0.312,False
bricklaying-services,approx,43999,E09000007,Camden,80,80,158.1,0.333,False
bricklaying-services,approx,43999,E09000001,City of London,55,50,420.4,0.273,False
bricklaying-services,approx,43999,E09000008,Croydon,125,125,133.2,0.4,False
bricklaying-services,approx,43999,E09000009,Ealing,145,150,158.1,0.357,False
bricklaying-services,approx,43999,E09000010,Enfield,175,175,151.0,0.364,False
bricklaying-services,approx,43999,E09000011,Greenwich,95,95,198.8,0.35,False
bricklaying-services,approx,43999,E09000012,Hackney,115,115,142.8,0.348,False
bricklaying-services,approx,43999,E09000013,Hammersmith and Fulham,35,35,,,True
bricklaying-services,approx,43999,E09000014,Haringey,105,110,148.1,0.364,False
bricklaying-services,approx,43999,E09000015,Harrow,185,190,158.1,0.361,False
bricklaying-services,approx,43999,E09000016,Havering,240,235,163.4,0.34,False
bricklaying-services,approx,43999,E09000017,Hillingdon,160,160,203.9,0.281,False
bricklaying-services,approx,43999,E09000018,Hounslow,95,95,149.3,0.316,False
bricklaying-services,approx,43999,E09000019,Islington,115,120,114.0,0.458,False
bricklaying-services,approx,43999,E09000020,Kensington and Chelsea,20,20,,,True
bricklaying-services,approx,43999,E09000021,Kingston upon Thames,50,50,141.0,0.333,False
bricklaying-services,approx,43999,E09000022,Lambeth,40,40,250.0,0.333,False
bricklaying-services,approx,43999,E09000023,Lewisham,70,70,158.1,0.308,False
bricklaying-services,approx,43999,E09000024,Merton,80,80,228.1,0.2,False
bricklaying-services,approx,43999,E09000025,Newham,195,200,146.5,0.375,False
bricklaying-services,approx,43999,E09000026,Redbridge,200,200,175.7,0.3,False
bricklaying-services,approx,43999,E09000027,Richmond upon Thames,45,45,177.3,0.222,False
bricklaying-services,approx,43999,E09000028,Southwark,55,55,116.5,0.455,False
bricklaying-services,approx,43999,E09000029,Sutton,100,100,135.7,0.4,False
bricklaying-services,approx,43999,E09000030,Tower Hamlets,60,60,177.3,0.308,False
bricklaying-services,approx,43999,E09000031,Waltham Forest,130,135,158.1,0.37,False
bricklaying-services,approx,43999,E09000032,Wandsworth,50,55,125.7,0.4,False
bricklaying-services,approx,43999,E09000033,Westminster,95,100,198.8,0.333,False
bricklaying-services,approx,43999,E92000001,England,21290,21625,162.7,0.326,False
bricklaying-services,approx,43999,E12000007,London,3730,3760,162.3,0.339,False
cabinet-making,exact,31020+43320,E09000002,Barking and Dagenham,120,115,131.6,0.429,False
cabinet-making,exact,31020+43320,E09000003,Barnet,105,105,112.1,0.476,False
cabinet-making,exact,31020+43320,E09000004,Bexley,105,110,148.1,0.35,False
cabinet-making,exact,31020+43320,E09000005,Brent,130,130,158.1,0.375,False
cabinet-making,exact,31020+43320,E09000006,Bromley,120,120,158.1,0.333,False
cabinet-making,exact,31020+43320,E09000007,Camden,65,75,214.6,0.308,False
cabinet-making,exact,31020+43320,E09000001,City of London,10,15,,,True
cabinet-making,exact,31020+43320,E09000008,Croydon,110,115,112.1,0.476,False
cabinet-making,exact,31020+43320,E09000009,Ealing,130,135,158.1,0.36,False
cabinet-making,exact,31020+43320,E09000010,Enfield,105,105,135.7,0.389,False
cabinet-making,exact,31020+43320,E09000011,Greenwich,80,80,94.4,0.533,False
cabinet-making,exact,31020+43320,E09000012,Hackney,55,60,100.0,0.5,False
cabinet-making,exact,31020+43320,E09000013,Hammersmith and Fulham,25,25,,,True
cabinet-making,exact,31020+43320,E09000014,Haringey,60,60,141.0,0.385,False
cabinet-making,exact,31020+43320,E09000015,Harrow,90,90,135.7,0.389,False
cabinet-making,exact,31020+43320,E09000016,Havering,155,155,144.3,0.367,False
cabinet-making,exact,31020+43320,E09000017,Hillingdon,205,205,137.0,0.366,False
cabinet-making,exact,31020+43320,E09000018,Hounslow,90,90,125.7,0.421,False
cabinet-making,exact,31020+43320,E09000019,Islington,70,75,125.7,0.417,False
cabinet-making,exact,31020+43320,E09000020,Kensington and Chelsea,20,20,,,True
cabinet-making,exact,31020+43320,E09000021,Kingston upon Thames,55,55,100.0,0.5,False
cabinet-making,exact,31020+43320,E09000022,Lambeth,40,40,116.5,0.429,False
cabinet-making,exact,31020+43320,E09000023,Lewisham,60,60,100.0,0.5,False
cabinet-making,exact,31020+43320,E09000024,Merton,75,80,125.7,0.429,False
cabinet-making,exact,31020+43320,E09000025,Newham,90,90,135.7,0.389,False
cabinet-making,exact,31020+43320,E09000026,Redbridge,125,125,122.6,0.417,False
cabinet-making,exact,31020+43320,E09000027,Richmond upon Thames,50,50,158.1,0.3,False
cabinet-making,exact,31020+43320,E09000028,Southwark,55,55,135.7,0.4,False
cabinet-making,exact,31020+43320,E09000029,Sutton,85,90,135.7,0.375,False
cabinet-making,exact,31020+43320,E09000030,Tower Hamlets,25,30,,,True
cabinet-making,exact,31020+43320,E09000031,Waltham Forest,115,115,129.9,0.409,False
cabinet-making,exact,31020+43320,E09000032,Wandsworth,50,50,135.7,0.4,False
cabinet-making,exact,31020+43320,E09000033,Westminster,40,50,125.7,0.429,False
cabinet-making,exact,31020+43320,E92000001,England,24020,24320,153.7,0.335,False
cabinet-making,exact,31020+43320,E12000007,London,2705,2785,139.4,0.39,False
alarm-systems-install,exact,80200,E09000002,Barking and Dagenham,10,15,,,True
alarm-systems-install,exact,80200,E09000003,Barnet,45,45,222.9,0.111,False
alarm-systems-install,exact,80200,E09000004,Bexley,20,20,,,True
alarm-systems-install,exact,80200,E09000005,Brent,20,20,,,True
alarm-systems-install,exact,80200,E09000006,Bromley,20,20,,,True
alarm-systems-install,exact,80200,E09000007,Camden,25,20,,,True
alarm-systems-install,exact,80200,E09000001,City of London,15,15,,,True
alarm-systems-install,exact,80200,E09000008,Croydon,30,30,,,True
alarm-systems-install,exact,80200,E09000009,Ealing,20,20,,,True
alarm-systems-install,exact,80200,E09000010,Enfield,25,25,,,True
alarm-systems-install,exact,80200,E09000011,Greenwich,15,15,,,True
alarm-systems-install,exact,80200,E09000012,Hackney,20,20,,,True
alarm-systems-install,exact,80200,E09000013,Hammersmith and Fulham,5,5,,,True
alarm-systems-install,exact,80200,E09000014,Haringey,5,10,,,True
alarm-systems-install,exact,80200,E09000015,Harrow,15,15,,,True
alarm-systems-install,exact,80200,E09000016,Havering,35,30,,,True
alarm-systems-install,exact,80200,E09000017,Hillingdon,25,25,,,True
alarm-systems-install,exact,80200,E09000018,Hounslow,15,15,,,True
alarm-systems-install,exact,80200,E09000019,Islington,15,15,,,True
alarm-systems-install,exact,80200,E09000020,Kensington and Chelsea,5,5,,,True
alarm-systems-install,exact,80200,E09000021,Kingston upon Thames,10,10,,,True
alarm-systems-install,exact,80200,E09000022,Lambeth,10,10,,,True
alarm-systems-install,exact,80200,E09000023,Lewisham,5,5,,,True
alarm-systems-install,exact,80200,E09000024,Merton,15,15,,,True
alarm-systems-install,exact,80200,E09000025,Newham,15,15,,,True
alarm-systems-install,exact,80200,E09000026,Redbridge,20,20,,,True
alarm-systems-install,exact,80200,E09000027,Richmond upon Thames,10,10,,,True
alarm-systems-install,exact,80200,E09000028,Southwark,10,10,,,True
alarm-systems-install,exact,80200,E09000029,Sutton,15,15,,,True
alarm-systems-install,exact,80200,E09000030,Tower Hamlets,10,10,,,True
alarm-systems-install,exact,80200,E09000031,Waltham Forest,15,15,,,True
alarm-systems-install,exact,80200,E09000032,Wandsworth,5,5,,,True
alarm-systems-install,exact,80200,E09000033,Westminster,30,30,,,True
alarm-systems-install,exact,80200,E92000001,England,3260,3355,172.2,0.252,False
alarm-systems-install,exact,80200,E12000007,London,535,555,181.8,0.217,False
tiling-services,shared,43330,E09000002,Barking and Dagenham,20,20,,,True
tiling-services,shared,43330,E09000003,Barnet,60,60,158.1,0.25,False
tiling-services,shared,43330,E09000004,Bexley,65,65,173.3,0.286,False
tiling-services,shared,43330,E09000005,Brent,25,30,,,True
tiling-services,shared,43330,E09000006,Bromley,60,60,158.1,0.273,False
tiling-services,shared,43330,E09000007,Camden,25,25,,,True
tiling-services,shared,43330,E09000001,City of London,5,5,,,True
tiling-services,shared,43330,E09000008,Croydon,45,45,158.1,0.143,False
tiling-services,shared,43330,E09000009,Ealing,40,40,198.8,0.125,False
tiling-services,shared,43330,E09000010,Enfield,45,45,131.6,0.333,False
tiling-services,shared,43330,E09000011,Greenwich,30,30,,,True
tiling-services,shared,43330,E09000012,Hackney,20,20,,,True
tiling-services,shared,43330,E09000013,Hammersmith and Fulham,15,15,,,True
tiling-services,shared,43330,E09000014,Haringey,15,20,,,True
tiling-services,shared,43330,E09000015,Harrow,30,30,,,True
tiling-services,shared,43330,E09000016,Havering,90,90,175.1,0.211,False
tiling-services,shared,43330,E09000017,Hillingdon,50,55,148.1,0.2,False
tiling-services,shared,43330,E09000018,Hounslow,25,30,,,True
tiling-services,shared,43330,E09000019,Islington,25,30,,,True
tiling-services,shared,43330,E09000020,Kensington and Chelsea,5,5,,,True
tiling-services,shared,43330,E09000021,Kingston upon Thames,20,25,,,True
tiling-services,shared,43330,E09000022,Lambeth,15,15,,,True
tiling-services,shared,43330,E09000023,Lewisham,15,20,,,True
tiling-services,shared,43330,E09000024,Merton,30,30,,,True
tiling-services,shared,43330,E09000025,Newham,25,25,,,True
tiling-services,shared,43330,E09000026,Redbridge,45,45,177.3,0.222,False
tiling-services,shared,43330,E09000027,Richmond upon Thames,20,20,,,True
tiling-services,shared,43330,E09000028,Southwark,10,15,,,True
tiling-services,shared,43330,E09000029,Sutton,35,35,,,True
tiling-services,shared,43330,E09000030,Tower Hamlets,15,20,,,True
tiling-services,shared,43330,E09000031,Waltham Forest,40,40,198.8,0.333,False
tiling-services,shared,43330,E09000032,Wandsworth,25,30,,,True
tiling-services,shared,43330,E09000033,Westminster,30,30,,,True
tiling-services,shared,43330,E92000001,England,8415,8465,177.6,0.204,False
tiling-services,shared,43330,E12000007,London,1045,1065,175.5,0.205,False
plastering-services,exact,43310,E09000002,Barking and Dagenham,40,40,184.2,0.25,False
plastering-services,exact,43310,E09000003,Barnet,45,45,198.8,0.125,False
plastering-services,exact,43310,E09000004,Bexley,50,50,125.7,0.375,False
plastering-services,exact,43310,E09000005,Brent,35,40,,,True
plastering-services,exact,43310,E09000006,Bromley,35,35,,,True
plastering-services,exact,43310,E09000007,Camden,15,15,,,True
plastering-services,exact,43310,E09000001,City of London,5,5,,,True
plastering-services,exact,43310,E09000008,Croydon,30,30,,,True
plastering-services,exact,43310,E09000009,Ealing,25,25,,,True
plastering-services,exact,43310,E09000010,Enfield,45,45,250.0,0.125,False
plastering-services,exact,43310,E09000011,Greenwich,35,35,,,True
plastering-services,exact,43310,E09000012,Hackney,15,15,,,True
plastering-services,exact,43310,E09000013,Hammersmith and Fulham,10,10,,,True
plastering-services,exact,43310,E09000014,Haringey,30,30,,,True
plastering-services,exact,43310,E09000015,Harrow,35,35,,,True
plastering-services,exact,43310,E09000016,Havering,55,55,173.3,0.25,False
plastering-services,exact,43310,E09000017,Hillingdon,40,40,177.3,0.143,False
plastering-services,exact,43310,E09000018,Hounslow,15,15,,,True
plastering-services,exact,43310,E09000019,Islington,10,15,,,True
plastering-services,exact,43310,E09000020,Kensington and Chelsea,5,5,,,True
plastering-services,exact,43310,E09000021,Kingston upon Thames,10,10,,,True
plastering-services,exact,43310,E09000022,Lambeth,10,10,,,True
plastering-services,exact,43310,E09000023,Lewisham,25,30,,,True
plastering-services,exact,43310,E09000024,Merton,15,15,,,True
plastering-services,exact,43310,E09000025,Newham,45,45,177.3,0.222,False
plastering-services,exact,43310,E09000026,Redbridge,40,40,184.2,0.25,False
plastering-services,exact,43310,E09000027,Richmond upon Thames,10,10,,,True
plastering-services,exact,43310,E09000028,Southwark,10,10,,,True
plastering-services,exact,43310,E09000029,Sutton,20,20,,,True
plastering-services,exact,43310,E09000030,Tower Hamlets,15,15,,,True
plastering-services,exact,43310,E09000031,Waltham Forest,30,30,,,True
plastering-services,exact,43310,E09000032,Wandsworth,10,10,,,True
plastering-services,exact,43310,E09000033,Westminster,10,15,,,True
plastering-services,exact,43310,E92000001,England,5920,5955,183.7,0.209,False
plastering-services,exact,43310,E12000007,London,825,845,181.9,0.213,False
